1,Player 1,1500,Chance,0,1500,
1,Player 1,1500,Mayfair,0,1500,
1,Player 2,1500,Income Tax,0,1500,
1,Player 2,1350,Pentonville Road,0,1350,
2,Player 1,1480,Kings Cross Station,1,1080,
2,Player 2,1350,Marylebone Station,1,1230,
2,Player 2,1350,Trafalgar Square,2,1030,
3,Player 1,1480,Marylebone Station,2,880,
3,Player 1,1455,Free Parking,2,855,
3,Player 2,1375,Oxford Street,3,815,
4,Player 1,1455,Trafalgar Square,2,855,
4,Player 1,1435,Go To Jail,2,835,
4,Player 1,1435,Jail,2,835,
4,Player 2,1595,Whitechapel Road,4,735,
5,Player 1,1435,Jail,2,835,
5,Player 2,1595,Pall Mall,5,675,
5,Player 2,1595,Bow Street,6,535,
6,Player 1,1385,Marylebone Station,2,785,
6,Player 2,1543,Leicester Square,7,303,
7,Player 1,1321,The Strand,3,461,
7,Player 2,1543,Community Chest,7,303,
7,Player 2,1543,Old Kent Road,7,303,
8,Player 1,1321,Piccadilly,4,241,
8,Player 2,1543,Electric Company ,8,243,
9,Player 1,1489,Chance,5,129,
9,Player 2,1615,Chance,9,165,
10,Player 1,1674,Whitechapel Road,5,314,
10,Player 2,1619,Go To Jail,9,169,
10,Player 2,1619,Jail,9,169,
11,Player 1,1670,Euston Road,5,310,
11,Player 2,1619,Jail,9,169,
12,Player 1,1670,Jail,6,210,
12,Player 1,1670,Free Parking,6,210,
12,Player 1,1670,Go To Jail,6,210,
12,Player 1,1670,Jail,6,210,
12,Player 2,1569,Vine Street,9,119,
13,Player 1,1790,Jail,7,130,
13,Player 2,1569,Fenchurch St Station,9,119,
14,Player 1,1740,Community Chest,7,80,
14,Player 1,1740,Jail,7,80,
14,Player 2,1739,Piccadilly,10,89,
14,Player 2,1717,Park Lane,10,67,
15,Player 1,2077,Jail,8,67,
15,Player 2,1917,Euston Road,10,267,
16,Player 1,2033,Community Chest,8,23,
16,Player 2,1911,Community Chest,10,261,
16,Player 2,1911,GO,10,261,
17,Player 1,2133,Chance,8,123,
17,Player 1,2133,Fenchurch St Station,8,123,
17,Player 2,1961,Euston Road,10,311,
18,Player 1,2089,Oxford Street,8,79,
18,Player 2,1882,Marylebone Station,10,232,
19,Player 1,2063,Bond Street,8,53,
19,Player 1,2063,Mayfair,8,53,
19,Player 2,2170,Trafalgar Square,11,200,
20,Player 1,2263,Kings Cross Station,8,253,
20,Player 2,2170,Liverpool Street,11,200,
21,Player 1,2343,Bow Street,9,133,
21,Player 2,2384,Whitechapel Road,11,414,
22,Player 1,2329,The Strand,9,119,
22,Player 2,2384,The Angel Islington,11,64,
23,Player 1,2389,Fenchurch St Station,10,79,
23,Player 2,2434,Whitehall ,11,64,
24,Player 1,2339,Regent Street,10,29,
24,Player 1,2339,Super Tax,10,29,
24,Player 2,2830,Vine Street,13,20,
25,Player 1,2539,Whitechapel Road,10,229,
25,Player 2,2873,Regent Street,13,213,
25,Player 2,3073,Community Chest,13,413,
26,Player 1,2419,Jail,10,109,
26,Player 2,3023,Northumberland Avenue,13,363,
26,Player 2,3023,Marlborough Street,14,203,
26,Player 2,3140,Coventry Street,15,140,
27,Player 1,2419,Community Chest,10,109,
27,Player 2,3335,Community Chest,16,75,
28,Player 1,2319,The Strand,10,9,
28,Player 2,3360,Mayfair,16,100,
29,Player 1,2319,Coventry Street,10,9,
29,Player 2,3582,Old Kent Road,16,322,
29,Player 2,3582,Chance,16,322,
29,Player 2,3582,Marylebone Station,16,322,
30,Player 1,2497,Bond Street,10,187,
30,Player 2,3582,Trafalgar Square,16,322,
31,Player 1,2697,GO,10,387,
31,Player 2,3582,Piccadilly,16,322,
32,Player 1,2609,Whitechapel Road,10,299,
32,Player 2,3834,Liverpool Street,16,374,
33,Player 1,2409,Jail,10,99,
33,Player 2,3984,Community Chest,16,524,
34,Player 1,2409,Marylebone Station,10,99,
34,Player 2,4134,Pentonville Road,16,274,
35,Player 1,2359,Free Parking,10,49,
35,Player 2,4134,Electric Company ,16,274,
36,Player 1,2359,Coventry Street,10,49,
36,Player 2,4156,Free Parking,16,296,
37,Player 1,2337,Super Tax,10,27,
37,Player 2,4156,Fenchurch St Station,16,296,
38,Player 1,2537,Community Chest,10,227,
38,Player 1,2537,Electric Company ,10,227,
38,Player 1,2521,Vine Street,10,211,
38,Player 2,4172,Chance,16,312,
39,Player 1,2521,Water Works,10,211,
39,Player 2,4452,The Angel Islington,17,442,
40,Player 1,2527,Chance,10,217,
40,Player 1,2527,GO,10,217,
40,Player 2,4446,Northumberland Avenue,17,236,
41,Player 1,2527,Pall Mall,10,217,
41,Player 2,4466,Fenchurch St Station,17,256,
42,Player 1,2507,Community Chest,10,197,
42,Player 2,4466,Piccadilly,17,256,
43,Player 1,2619,Trafalgar Square,10,309,
43,Player 2,4464,Mayfair,17,254,
44,Player 1,2599,Regent Street,10,289,
44,Player 2,4794,The Angel Islington,17,584,
45,Player 1,2475,Mayfair,10,165,
45,Player 1,2675,Income Tax,10,365,
45,Player 2,4788,Pentonville Road,17,378,
46,Player 1,2475,Euston Road,10,165,
46,Player 1,2475,Pall Mall,10,165,
46,Player 2,4808,Bow Street,17,398,
47,Player 1,2455,Community Chest,10,145,
47,Player 2,4808,Fenchurch St Station,17,398,
48,Player 1,2505,Fleet Street,10,195,
48,Player 1,2505,Piccadilly,10,195,
48,Player 2,4907,Community Chest,18,277,
49,Player 1,2505,Chance,10,195,
49,Player 1,2505,Community Chest,10,195,
49,Player 2,5117,GO,18,487,
50,Player 1,2725,Old Kent Road,10,415,
50,Player 2,5277,Euston Road,18,247,
50,Player 2,5271,Whitehall ,18,241,
51,Player 1,2571,Chance,10,261,
51,Player 1,2571,Pall Mall,10,261,
51,Player 2,5291,Vine Street,18,261,
51,Player 2,5275,Leicester Square,18,245,
52,Player 1,2589,Marlborough Street,10,279,
52,Player 2,5267,Bond Street,18,237,
52,Player 2,5467,Whitechapel Road,18,437,
53,Player 1,2575,Leicester Square,10,265,
53,Player 2,5467,Whitehall ,18,237,
53,Player 2,5467,Marlborough Street,18,237,
54,Player 1,2575,Bond Street,10,265,
54,Player 2,6267,The Strand,18,187,
55,Player 1,2605,Kings Cross Station,10,295,
55,Player 2,6267,Water Works,18,187,
56,Player 1,2550,Northumberland Avenue,10,240,
56,Player 2,6447,Oxford Street,18,367,
57,Player 1,2370,Fenchurch St Station,10,60,
57,Player 2,6697,GO,18,417,
58,Player 1,2320,Chance,10,10,
58,Player 1,2320,Pall Mall,10,10,
58,Player 2,6347,Euston Road,18,367,
59,Player 1,2416,Community Chest,10,106,
59,Player 2,6331,Northumberland Avenue,18,351,
60,Player 1,2426,Chance,10,116,
60,Player 2,6331,Vine Street,18,351,
61,Player 1,2406,Water Works,10,96,
61,Player 2,5591,Piccadilly,18,211,
62,Player 1,2346,Oxford Street,10,36,
62,Player 1,2351,Mayfair,10,41,
62,Player 2,6091,GO,18,911,
63,Player 1,2551,Chance,10,241,
63,Player 2,4891,The Angel Islington,18,511,
64,Player 1,2652,Marylebone Station,10,342,
64,Player 2,4935,Electric Company ,18,555,
65,Player 1,2602,Chance,10,292,
65,Player 2,4935,Free Parking,18,555,
66,Player 1,2452,Go To Jail,10,142,
66,Player 1,2452,Jail,10,142,
66,Player 2,4935,Coventry Street,18,555,
67,Player 1,2452,Jail,10,142,
67,Player 2,4935,Bond Street,18,555,
68,Player 1,2402,Bow Street,10,92,
68,Player 1,2388,Fleet Street,10,78,
68,Player 2,5167,GO,18,787,
69,Player 1,2370,Regent Street,10,60,
69,Player 1,0,Regent Street,0,0,
1,Player 1,1500,The Angel Islington,0,1500,
1,Player 2,1500,Jail,0,1500,
2,Player 1,1500,Community Chest,1,1400,
2,Player 2,1500,Chance,0,1500,
2,Player 2,1500,Mayfair,0,1500,
2,Player 2,1700,Kings Cross Station,1,1300,
3,Player 1,1700,Trafalgar Square,1,1600,
3,Player 2,1700,Marylebone Station,2,1100,
4,Player 1,1700,Bond Street,2,1360,
4,Player 1,1900,GO,3,1240,
4,Player 2,1700,Vine Street,3,900,
5,Player 1,1900,The Angel Islington,3,1240,
5,Player 2,1700,Fleet Street,4,700,
5,Player 2,1700,Oxford Street,5,480,
6,Player 1,1960,Euston Road,4,1000,
6,Player 1,1960,Northumberland Avenue,5,900,
6,Player 1,1960,The Strand,6,740,
6,Player 2,1900,Community Chest,5,680,
7,Player 1,1960,Go To Jail,7,520,
7,Player 1,1960,Jail,7,520,
7,Player 2,1950,Kings Cross Station,5,730,
8,Player 1,1960,Jail,7,520,
8,Player 2,1950,Pall Mall,5,730,
8,Player 2,1950,The Strand,6,590,
9,Player 1,1928,Northumberland Avenue,7,488,
9,Player 2,1932,Leicester Square,6,572,
10,Player 1,1928,Fleet Street,7,488,
10,Player 2,1950,Park Lane,7,330,
11,Player 1,2021,Oxford Street,8,231,
11,Player 2,2150,Income Tax,7,530,
12,Player 1,2221,Old Kent Road,8,431,
12,Player 2,1950,Pentonville Road,7,330,
13,Player 1,2221,Chance,9,371,
13,Player 2,1950,Marylebone Station,8,210,
14,Player 1,2371,Bow Street,9,521,
14,Player 2,1950,The Strand,8,210,
15,Player 1,2389,Fenchurch St Station,10,359,
15,Player 2,1932,Water Works,8,192,
16,Player 1,2506,Community Chest,12,126,
16,Player 1,2506,Jail,12,126,
16,Player 2,1932,Mayfair,8,192,
17,Player 1,2506,Jail,12,126,
17,Player 2,2132,Euston Road,8,392,
18,Player 1,2462,Bow Street,12,82,
18,Player 1,2462,Chance,12,82,
18,Player 2,2126,Marlborough Street,8,386,
19,Player 1,2482,Regent Street,12,102,
19,Player 2,2351,Fleet Street,10,131,
20,Player 1,2482,Park Lane,12,102,
20,Player 2,2351,Oxford Street,10,131,
21,Player 1,2708,Kings Cross Station,12,328,
21,Player 2,2575,Old Kent Road,10,355,
22,Player 1,2605,Whitehall ,12,225,
22,Player 1,2605,Fleet Street,12,225,
22,Player 1,2587,Go To Jail,12,207,
22,Player 1,2587,Jail,12,207,
22,Player 2,2598,Euston Road,11,238,
23,Player 1,2593,Jail,12,213,
23,Player 2,2592,Bow Street,11,232,
24,Player 1,2557,Vine Street,12,177,
24,Player 2,2594,Fleet Street,11,234,
25,Player 1,2541,Go To Jail,12,161,
25,Player 1,2541,Jail,12,161,
25,Player 2,2594,Leicester Square,11,234,
26,Player 1,2541,Jail,12,161,
26,Player 2,2594,Oxford Street,11,234,
27,Player 1,2517,Community Chest,12,137,
27,Player 2,2568,Mayfair,11,208,
28,Player 1,2467,Fleet Street,12,87,
28,Player 2,2786,Jail,11,426,
29,Player 1,2449,Oxford Street,12,69,
29,Player 2,2786,Marlborough Street,11,426,
29,Player 2,2786,Chance,11,426,
30,Player 1,2449,Park Lane,12,69,
30,Player 2,2836,Go To Jail,11,476,
30,Player 2,2836,Jail,11,476,
31,Player 1,2649,Whitechapel Road,12,269,
31,Player 2,2836,Jail,11,476,
32,Player 1,2649,Euston Road,13,209,
32,Player 2,2786,Bow Street,11,426,
32,Player 2,2772,Chance,11,412,
32,Player 2,2772,Fenchurch St Station,11,412,
33,Player 1,2688,Marlborough Street,13,248,
33,Player 2,2761,Community Chest,11,401,
34,Player 1,2664,Water Works,13,224,
34,Player 2,2971,Income Tax,11,611,
35,Player 1,2664,Park Lane,13,224,
35,Player 2,2771,Pentonville Road,11,411,
36,Player 1,2864,Old Kent Road,13,424,
36,Player 1,2864,Income Tax,13,424,
36,Player 2,2771,Vine Street,11,411,
36,Player 2,2771,Coventry Street,11,411,
37,Player 1,2664,Pall Mall,13,224,
37,Player 2,2924,Community Chest,12,304,
37,Player 2,2924,Electric Company ,12,304,
38,Player 1,2654,Community Chest,13,214,
38,Player 1,2654,Old Kent Road,13,214,
38,Player 2,2924,Vine Street,13,154,
39,Player 1,2654,Jail,13,214,
39,Player 2,2924,Leicester Square,13,154,
40,Player 1,2654,Bow Street,13,214,
40,Player 2,2924,Piccadilly,13,154,
41,Player 1,2654,Chance,13,214,
41,Player 2,3106,Liverpool Street,14,56,
42,Player 1,2799,Piccadilly,14,159,
42,Player 2,3350,GO,14,300,
43,Player 1,2755,Mayfair,14,115,
43,Player 1,2905,Whitechapel Road,14,265,
43,Player 1,2905,Northumberland Avenue,14,265,
43,Player 2,3400,The Angel Islington,14,350,
44,Player 1,2911,Vine Street,14,271,
44,Player 2,3410,Northumberland Avenue,14,360,
44,Player 2,3398,Free Parking,14,348,
45,Player 1,2907,Fenchurch St Station,14,267,
45,Player 2,3398,Regent Street,14,348,
46,Player 1,2907,Liverpool Street,14,267,
46,Player 1,3107,Old Kent Road,14,467,
46,Player 2,3398,Mayfair,14,348,
47,Player 1,2975,Electric Company ,14,335,
47,Player 2,3642,Kings Cross Station,14,592,
48,Player 1,2931,Free Parking,14,291,
48,Player 2,3642,Electric Company ,14,292,
49,Player 1,2931,Coventry Street,14,291,
49,Player 2,3752,Marlborough Street,14,252,
50,Player 1,2821,Regent Street,14,181,
50,Player 1,2795,Bond Street,14,155,
50,Player 2,3778,Water Works,14,278,
50,Player 2,3738,Bond Street,14,238,
51,Player 1,3063,Old Kent Road,14,423,
51,Player 2,3910,Community Chest,14,410,
52,Player 1,3063,Income Tax,14,73,
52,Player 2,4010,Pentonville Road,14,210,
53,Player 1,3063,Northumberland Avenue,14,73,
53,Player 2,4010,Community Chest,14,210,
53,Player 2,4010,GO,14,210,
54,Player 1,3063,Free Parking,14,73,
54,Player 1,3063,Coventry Street,14,73,
54,Player 2,4340,The Angel Islington,14,390,
55,Player 1,3063,Oxford Street,14,73,
55,Player 2,4340,Bow Street,14,240,
56,Player 1,3077,Mayfair,14,87,
56,Player 2,4376,Free Parking,14,276,
57,Player 1,3227,Pall Mall,14,237,
57,Player 1,3217,Bow Street,14,227,
57,Player 2,4386,Leicester Square,14,286,
58,Player 1,2962,Trafalgar Square,14,72,
58,Player 2,4386,Community Chest,14,286,
59,Player 1,2962,Piccadilly,14,72,
59,Player 2,5536,Old Kent Road,14,986,
60,Player 1,2947,Park Lane,14,207,
60,Player 2,4686,Pentonville Road,14,286,
61,Player 1,3147,Kings Cross Station,14,407,
61,Player 2,4136,Northumberland Avenue,14,186,
62,Player 1,3021,Whitehall ,14,281,
62,Player 2,4134,The Strand,14,184,
63,Player 1,3011,Vine Street,14,271,
63,Player 2,4150,Water Works,14,200,
64,Player 1,3023,Piccadilly,14,283,
64,Player 2,4722,Community Chest,14,1222,
65,Player 1,2893,Chance,14,3,
65,Player 2,4622,Super Tax,14,1122,
66,Player 1,3123,Old Kent Road,14,233,
66,Player 2,4722,Income Tax,14,1222,
67,Player 1,2868,Euston Road,14,128,
67,Player 2,4522,Northumberland Avenue,14,1022,
68,Player 1,2868,Vine Street,14,128,
68,Player 2,4538,Marlborough Street,14,1038,
69,Player 1,2852,Water Works,14,112,
69,Player 2,4538,Go To Jail,14,1038,
69,Player 2,4538,Jail,14,1038,
70,Player 1,2852,Bond Street,14,112,
70,Player 2,4538,Jail,14,1038,
71,Player 1,3052,GO,14,312,
71,Player 1,3052,Pall Mall,14,312,
71,Player 2,4498,Marlborough Street,14,998,
72,Player 1,2987,Chance,14,247,
72,Player 1,2987,Marylebone Station,14,247,
72,Player 2,4548,Water Works,14,1048,
72,Player 2,4508,Community Chest,14,1008,
73,Player 1,2977,Fenchurch St Station,14,237,
73,Player 2,4528,Super Tax,14,1028,
74,Player 1,2977,Water Works,14,237,
74,Player 2,4628,Whitechapel Road,14,1128,
75,Player 1,3086,Bond Street,14,346,
75,Player 2,4178,Euston Road,14,678,
76,Player 1,3292,Old Kent Road,14,552,
76,Player 2,4172,Bow Street,14,672,
77,Player 1,3141,Income Tax,14,401,
77,Player 2,4158,Free Parking,14,658,
78,Player 1,2941,Pentonville Road,14,201,
78,Player 2,4166,Water Works,14,666,
79,Player 1,2965,Northumberland Avenue,14,225,
79,Player 2,4134,Bond Street,14,634,
80,Player 1,2965,The Strand,14,225,
80,Player 2,4334,Community Chest,14,834,
81,Player 1,2965,Regent Street,14,225,
81,Player 2,4370,Jail,14,870,
82,Player 1,2939,Chance,14,199,
82,Player 1,2939,GO,14,199,
82,Player 2,4370,Whitehall ,14,870,
83,Player 1,2939,Income Tax,14,199,
83,Player 2,4370,Free Parking,14,870,
84,Player 1,2939,Jail,14,199,
84,Player 1,2939,Bow Street,14,199,
84,Player 2,4370,Go To Jail,14,870,
84,Player 2,4370,Jail,14,870,
84,Player 2,4370,Electric Company ,14,870,
85,Player 1,2939,Trafalgar Square,14,199,
85,Player 1,2939,Go To Jail,14,199,
85,Player 1,2939,Jail,14,199,
85,Player 1,2939,Jail,14,199,
85,Player 2,4370,Electric Company ,14,870,
86,Player 1,2939,Jail,14,199,
86,Player 2,4320,The Strand,14,820,
87,Player 1,2907,Free Parking,14,167,
87,Player 2,4302,Go To Jail,14,802,
87,Player 2,4302,Jail,14,802,
88,Player 1,2907,Leicester Square,14,167,
88,Player 2,4102,Jail,15,452,
89,Player 1,2767,Park Lane,13,27,
89,Player 2,4052,Northumberland Avenue,15,402,
90,Player 1,2967,Chance,13,227,
90,Player 2,4052,Free Parking,15,402,
90,Player 2,4052,Fleet Street,15,402,
91,Player 1,2767,Marlborough Street,13,27,
91,Player 2,4066,Piccadilly,15,416,
92,Player 1,2753,Leicester Square,13,13,
92,Player 2,5216,Chance,15,1566,
92,Player 2,5216,Jail,15,1566,
93,Player 1,2938,Community Chest,13,98,
93,Player 2,5216,Jail,15,1566,
94,Player 1,2888,Super Tax,13,48,
94,Player 2,5166,Vine Street,15,1516,
95,Player 1,3088,Kings Cross Station,13,248,
95,Player 2,5216,Coventry Street,15,1566,
96,Player 1,2983,Chance,13,93,
96,Player 1,2983,Pall Mall,13,93,
96,Player 1,2973,Fleet Street,13,83,
96,Player 1,2955,Jail,13,65,
96,Player 2,5244,Chance,15,1594,
97,Player 1,2955,Jail,13,65,
97,Player 2,5099,Community Chest,15,1449,
98,Player 1,2905,Vine Street,13,15,
98,Player 2,5140,Electric Company ,15,1490,
99,Player 1,2939,Fenchurch St Station,13,49,
99,Player 2,5140,Marylebone Station,15,1490,
100,Player 1,2939,Regent Street,13,49,
100,Player 2,5166,Marlborough Street,15,1516,
101,Player 1,2913,Chance,13,23,
101,Player 1,2913,Community Chest,13,23,
101,Player 2,5166,Leicester Square,15,1516,
102,Player 1,2858,Old Kent Road,13,268,
102,Player 2,5166,Community Chest,15,1516,
103,Player 1,2803,The Angel Islington,13,213,
103,Player 2,5216,Park Lane,15,1566,
104,Player 1,2803,Northumberland Avenue,13,213,
104,Player 2,5416,Whitechapel Road,15,1766,
105,Player 1,2956,The Strand,13,366,
105,Player 2,4966,Electric Company ,15,1316,
106,Player 1,2956,Coventry Street,13,366,
106,Player 2,4676,Chance,16,166,
106,Player 2,4776,Piccadilly,16,266,
107,Player 1,2541,Liverpool Street,12,111,
107,Player 2,4776,Bond Street,16,266,
108,Player 1,2741,Old Kent Road,12,311,
108,Player 2,4976,Old Kent Road,16,466,
109,Player 1,2771,The Angel Islington,12,341,
109,Player 2,4726,Pentonville Road,16,216,
110,Player 1,2771,Jail,12,341,
110,Player 1,2771,Community Chest,12,341,
110,Player 1,2771,Jail,12,341,
110,Player 2,4726,Electric Company ,16,216,
111,Player 1,2771,Jail,12,341,
111,Player 2,4726,Trafalgar Square,16,216,
111,Player 2,4726,Liverpool Street,16,216,
112,Player 1,2771,Bow Street,12,341,
112,Player 2,4876,Old Kent Road,16,366,
113,Player 1,2768,Fenchurch St Station,12,338,
113,Player 2,4626,Jail,16,116,
114,Player 1,2768,Bond Street,12,338,
114,Player 2,4626,Bow Street,16,116,
115,Player 1,2782,Super Tax,12,352,
115,Player 2,4612,Free Parking,16,102,
116,Player 1,2882,Income Tax,12,452,
116,Player 2,4612,Leicester Square,16,102,
117,Player 1,2682,Pall Mall,12,252,
117,Player 2,4762,Regent Street,16,252,
118,Player 1,2532,Vine Street,12,102,
118,Player 2,4778,Chance,16,268,
118,Player 2,4778,Mayfair,16,268,
119,Player 1,2516,Fenchurch St Station,12,86,
119,Player 2,4978,Old Kent Road,16,468,
119,Player 2,4728,The Angel Islington,16,218,
120,Player 1,2772,Oxford Street,12,342,
120,Player 2,4722,Marlborough Street,16,212,
120,Player 2,4722,Fenchurch St Station,16,212,
121,Player 1,2822,Chance,12,392,
121,Player 1,3172,Income Tax,12,742,
121,Player 2,4672,Oxford Street,16,162,
122,Player 1,2972,Whitehall ,12,542,
122,Player 2,4734,Mayfair,16,224,
123,Player 1,2822,Vine Street,12,392,
123,Player 2,4950,Pentonville Road,16,440,
124,Player 1,2806,Coventry Street,12,376,
124,Player 1,2471,Oxford Street,12,41,
124,Player 2,4900,Vine Street,16,790,
125,Player 1,2671,Old Kent Road,12,241,
125,Player 2,4900,The Strand,16,790,
125,Player 2,4900,Piccadilly,16,790,
126,Player 1,2561,Kings Cross Station,12,131,
126,Player 2,4950,Bond Street,16,840,
127,Player 1,2511,Jail,12,81,
127,Player 2,5150,GO,16,1040,
128,Player 1,2511,Northumberland Avenue,12,81,
128,Player 2,6050,Euston Road,16,1940,
129,Player 1,2601,Free Parking,12,21,
129,Player 2,4430,Jail,17,140,
129,Player 2,4430,Marylebone Station,17,140,
130,Player 1,2421,Fenchurch St Station,11,21,
130,Player 2,4430,Trafalgar Square,17,140,
131,Player 1,2421,Liverpool Street,11,21,
131,Player 2,4430,Piccadilly,17,140,
132,Player 1,2621,Community Chest,11,221,
132,Player 2,4430,Chance,17,140,
133,Player 1,2371,Pentonville Road,11,121,
133,Player 2,4688,Chance,17,398,
134,Player 1,2363,Northumberland Avenue,11,113,
134,Player 2,5418,Pall Mall,17,128,
135,Player 1,2278,Free Parking,11,28,
135,Player 2,5418,Free Parking,17,128,
136,Player 1,2278,Fenchurch St Station,11,28,
136,Player 2,5418,Coventry Street,17,128,
137,Player 1,2278,Bond Street,11,28,
137,Player 2,5418,Liverpool Street,17,128,
138,Player 1,2528,Whitechapel Road,11,278,
138,Player 2,5568,Old Kent Road,17,278,
139,Player 1,2547,Electric Company ,11,297,
139,Player 2,5408,Chance,17,118,
139,Player 2,5408,Marylebone Station,17,118,
140,Player 1,2457,Marlborough Street,11,207,
140,Player 2,5158,Fleet Street,17,268,
140,Player 2,5158,Community Chest,17,268,
141,Player 1,2377,Coventry Street,11,127,
141,Player 2,5918,Park Lane,17,1328,
142,Player 1,2592,Liverpool Street,11,42,
142,Player 2,6118,Chance,17,1528,
143,Player 1,2592,Super Tax,11,42,
143,Player 2,6103,Marlborough Street,17,1513,
144,Player 1,2792,Community Chest,11,242,
144,Player 1,2792,Electric Company ,11,242,
144,Player 1,2752,Bow Street,11,202,
144,Player 2,7093,Fenchurch St Station,17,2503,
145,Player 1,2467,Chance,11,67,
145,Player 2,7043,Regent Street,17,2453,
146,Player 1,2447,Go To Jail,11,47,
146,Player 1,2447,Jail,11,47,
146,Player 2,7043,Liverpool Street,17,2453,
147,Player 1,2497,Jail,11,97,
147,Player 2,6993,Super Tax,17,2403,
148,Player 1,2447,Electric Company ,11,47,
148,Player 1,2427,The Strand,11,27,
148,Player 2,7113,Old Kent Road,17,2523,
149,Player 1,2332,Leicester Square,11,82,
149,Player 2,4953,Pentonville Road,18,13,
150,Player 1,2247,Bond Street,10,47,
150,Player 2,4953,Community Chest,18,13,
150,Player 2,4953,Old Kent Road,18,13,
151,Player 1,1952,Super Tax,10,52,
151,Player 1,2152,Community Chest,10,252,
151,Player 2,4993,Euston Road,18,53,
152,Player 1,2203,Pall Mall,10,303,
152,Player 2,5517,Whitehall ,18,377,
153,Player 1,1933,Fleet Street,10,33,
153,Player 1,1915,Go To Jail,10,15,
153,Player 1,1915,Jail,10,15,
153,Player 2,5535,Vine Street,18,395,
154,Player 1,1915,Jail,10,15,
154,Player 2,5535,Trafalgar Square,18,395,
155,Player 1,1915,Jail,10,15,
155,Player 2,5535,Piccadilly,18,395,
156,Player 1,1915,Jail,10,15,
156,Player 2,5535,Super Tax,18,395,
157,Player 1,1915,Jail,10,15,
157,Player 2,5635,Old Kent Road,18,495,
158,Player 1,2110,The Strand,10,210,
158,Player 2,5385,Whitechapel Road,18,245,
158,Player 2,5235,The Angel Islington,18,95,
159,Player 1,2225,Fenchurch St Station,10,325,
159,Player 2,5229,Pall Mall,18,89,
160,Player 1,2225,Bond Street,10,325,
160,Player 2,5229,Community Chest,18,89,
160,Player 2,5229,GO,18,89,
161,Player 1,2225,Chance,10,325,
161,Player 1,2225,Marylebone Station,10,325,
161,Player 1,2175,Leicester Square,10,275,
161,Player 2,5907,Chance,18,367,
161,Player 2,5907,GO,18,367,
162,Player 1,2215,Oxford Street,10,15,
162,Player 2,5907,Pentonville Road,18,367,
163,Player 1,2215,Park Lane,10,15,
163,Player 2,6082,Northumberland Avenue,18,342,
164,Player 1,2410,Income Tax,10,210,
164,Player 2,6082,The Strand,18,342,
165,Player 1,2210,Jail,10,10,
165,Player 1,2210,Community Chest,10,10,
165,Player 2,6082,Coventry Street,18,342,
166,Player 1,2110,Vine Street,10,60,
166,Player 1,2270,Fleet Street,10,120,
166,Player 2,6300,Park Lane,18,360,
167,Player 1,2252,Community Chest,10,52,
167,Player 2,6500,Kings Cross Station,18,560,
167,Player 2,6500,Pall Mall,18,560,
168,Player 1,2402,GO,10,202,
168,Player 2,5700,Marylebone Station,18,360,
168,Player 2,5700,Chance,18,360,
169,Player 1,2147,The Angel Islington,10,97,
169,Player 2,7395,Go To Jail,18,105,
169,Player 2,7395,Jail,18,105,
170,Player 1,2147,Pentonville Road,10,97,
170,Player 2,7395,Jail,18,105,
171,Player 1,2147,Marlborough Street,10,97,
171,Player 2,7688,Bow Street,18,398,
172,Player 1,2012,Trafalgar Square,10,12,
172,Player 2,7688,Fenchurch St Station,18,398,
173,Player 1,2062,Go To Jail,10,62,
173,Player 1,2062,Jail,10,62,
173,Player 2,7638,Bond Street,18,348,
174,Player 1,2062,Jail,10,62,
174,Player 2,7838,Kings Cross Station,18,548,
175,Player 1,2012,Marlborough Street,10,12,
175,Player 2,5823,Whitehall ,18,483,
176,Player 1,1977,Trafalgar Square,10,27,
176,Player 2,5823,Community Chest,18,483,
177,Player 1,1977,Community Chest,10,27,
177,Player 2,5843,Fenchurch St Station,18,503,
178,Player 1,2037,Chance,10,87,
178,Player 1,2037,Jail,10,87,
178,Player 2,5793,Park Lane,18,453,
178,Player 2,5993,The Angel Islington,18,653,
179,Player 1,2037,Jail,10,87,
179,Player 2,5993,Electric Company ,18,653,
180,Player 1,1987,Vine Street,10,37,
180,Player 2,6993,Community Chest,18,1653,
181,Player 1,2147,Fleet Street,10,97,
181,Player 2,6961,Leicester Square,18,1621,
182,Player 1,2129,Go To Jail,10,79,
182,Player 1,2129,Jail,10,79,
182,Player 2,6961,Regent Street,18,1621,
183,Player 1,2129,Jail,10,79,
183,Player 2,6961,Chance,18,1621,
183,Player 2,6961,Pall Mall,18,1621,
184,Player 1,2079,Vine Street,10,29,
184,Player 2,7961,The Strand,18,2621,
184,Player 2,7961,Leicester Square,18,2621,
185,Player 1,2039,Trafalgar Square,10,89,
185,Player 2,7961,Bond Street,18,2621,
185,Player 2,8161,Old Kent Road,18,2821,
186,Player 1,2041,Community Chest,10,91,
186,Player 2,8159,Chance,18,2819,
186,Player 2,6894,Electric Company ,18,1554,
187,Player 1,2266,Income Tax,10,316,
187,Player 2,6894,Bow Street,18,1554,
188,Player 1,2066,Whitehall ,10,116,
188,Player 2,7644,Chance,18,2304,
188,Player 2,7644,Vine Street,18,2304,
189,Player 1,1956,Free Parking,10,6,
189,Player 2,7644,Trafalgar Square,18,2304,
190,Player 1,1956,Leicester Square,10,6,
190,Player 1,0,Leicester Square,0,0,
1,Player 2,1500,The Angel Islington,0,1500,
1,Player 2,1500,Community Chest,1,1400,
1,Player 2,1500,GO,1,1400,
1,Player 1,1500,Chance,0,1500,
2,Player 2,1500,Pall Mall,1,1400,
2,Player 1,1485,Marylebone Station,0,1485,
3,Player 2,1500,Marylebone Station,2,1260,
3,Player 1,1400,Fleet Street,1,1200,
4,Player 2,1475,Free Parking,2,1235,
4,Player 1,1400,Water Works,2,980,
5,Player 2,1475,Coventry Street,2,1235,
5,Player 1,1318,Mayfair,3,748,
6,Player 2,1475,Chance,3,975,
6,Player 1,1518,Chance,4,548,
6,Player 1,1518,Marylebone Station,4,548,
7,Player 2,1655,GO,3,1155,
7,Player 1,1518,Marlborough Street,4,548,
8,Player 2,1655,Chance,3,1155,
8,Player 2,1655,GO,3,1155,
8,Player 1,1518,Fenchurch St Station,5,368,
9,Player 2,1565,The Angel Islington,4,865,
9,Player 1,1518,Chance,5,368,
10,Player 2,1565,Whitehall ,4,865,
10,Player 1,1718,Chance,5,568,
10,Player 1,1718,Jail,5,568,
11,Player 2,1565,Marlborough Street,5,725,
11,Player 1,1732,Jail,5,582,
12,Player 2,1551,Leicester Square,5,711,
12,Player 1,1682,Vine Street,5,532,
13,Player 2,1551,Regent Street,6,451,
13,Player 1,1682,Coventry Street,6,332,
14,Player 2,1893,GO,7,493,
14,Player 1,1660,Regent Street,6,310,
15,Player 2,1776,Pentonville Road,7,376,
15,Player 1,1634,Park Lane,6,284,
16,Player 2,1776,Free Parking,8,256,
16,Player 1,2030,Pentonville Road,7,330,
16,Player 1,2022,Marylebone Station,7,322,
16,Player 1,2022,Vine Street,7,322,
17,Player 2,1784,Regent Street,8,264,
17,Player 1,2022,Trafalgar Square,7,322,
18,Player 2,1984,Community Chest,8,464,
18,Player 1,2130,Go To Jail,8,190,
18,Player 1,2130,Jail,8,190,
19,Player 2,2084,Pall Mall,8,564,
19,Player 1,2130,Jail,8,190,
20,Player 2,2084,Fleet Street,8,564,
20,Player 2,2066,Regent Street,8,546,
20,Player 2,2066,Park Lane,8,546,
20,Player 1,2133,Marlborough Street,8,193,
21,Player 2,2231,Whitechapel Road,8,711,
21,Player 2,2231,Jail,9,651,
21,Player 1,2133,Fleet Street,8,193,
22,Player 2,2231,Community Chest,9,651,
22,Player 1,2133,Regent Street,8,193,
23,Player 2,2157,Trafalgar Square,9,577,
23,Player 1,2127,Mayfair,8,187,
24,Player 2,2137,Oxford Street,9,557,
24,Player 1,2327,Jail,8,387,
25,Player 2,2137,Mayfair,10,257,
25,Player 1,2267,Free Parking,8,327,
25,Player 1,2267,Piccadilly,8,327,
26,Player 2,2287,Euston Road,10,407,
26,Player 1,2593,Old Kent Road,9,373,
26,Player 1,2593,Chance,10,313,
26,Player 1,2593,Pall Mall,10,313,
26,Player 1,2583,Vine Street,10,303,
27,Player 2,2297,Whitehall ,11,317,
27,Player 1,2583,Leicester Square,10,303,
28,Player 2,2319,Marlborough Street,11,339,
28,Player 1,2575,Community Chest,10,295,
29,Player 2,2305,Leicester Square,11,325,
29,Player 1,2595,Mayfair,10,315,
30,Player 2,2305,Go To Jail,11,325,
30,Player 2,2305,Jail,11,325,
30,Player 1,2795,Chance,10,515,
31,Player 2,2305,Jail,11,325,
31,Player 1,2641,Northumberland Avenue,10,361,
32,Player 2,2255,Chance,11,275,
32,Player 2,2255,Vine Street,11,275,
32,Player 2,2239,Water Works,11,259,
32,Player 1,2693,Fenchurch St Station,11,253,
33,Player 2,2228,Park Lane,11,248,
33,Player 1,2703,Oxford Street,11,263,
34,Player 2,2419,Kings Cross Station,11,439,
34,Player 2,2419,Bow Street,12,239,
34,Player 1,2740,Super Tax,12,120,
35,Player 2,2419,Coventry Street,12,239,
35,Player 1,2840,Chance,12,220,
36,Player 2,2419,Liverpool Street,12,239,
36,Player 1,2852,Community Chest,12,232,
36,Player 1,2862,Fenchurch St Station,12,242,
37,Player 2,2799,Community Chest,13,419,
37,Player 1,2762,Oxford Street,12,142,
38,Player 2,2775,Pall Mall,13,395,
38,Player 1,2936,GO,12,316,
39,Player 2,2775,Free Parking,13,395,
39,Player 1,2936,Chance,12,316,
39,Player 1,2936,Mayfair,12,316,
40,Player 2,2775,Go To Jail,13,395,
40,Player 2,2775,Jail,13,395,
40,Player 1,3136,Pentonville Road,12,516,
40,Player 1,3120,Northumberland Avenue,12,500,
41,Player 2,2791,Jail,13,61,
41,Player 1,3120,The Strand,12,300,
42,Player 2,2741,Bow Street,13,11,
42,Player 1,3346,Community Chest,13,306,
42,Player 1,3371,Chance,13,331,
43,Player 2,2688,Chance,13,8,
43,Player 1,3721,Income Tax,13,481,
43,Player 1,3521,Marylebone Station,13,281,
44,Player 2,2713,Regent Street,13,83,
44,Player 1,3521,Trafalgar Square,13,281,
45,Player 2,2713,Super Tax,13,83,
45,Player 1,3521,Go To Jail,13,281,
45,Player 1,3521,Jail,13,281,
46,Player 2,2913,Income Tax,13,283,
46,Player 1,3521,Jail,13,281,
47,Player 2,2713,Northumberland Avenue,13,83,
47,Player 1,3483,Community Chest,13,243,
48,Player 2,2701,Community Chest,13,71,
48,Player 1,3683,Fenchurch St Station,13,243,
48,Player 1,3583,Oxford Street,13,143,
49,Player 2,2877,Leicester Square,13,247,
49,Player 1,3557,Mayfair,13,117,
50,Player 2,2877,Liverpool Street,13,247,
50,Player 1,3757,The Angel Islington,13,317,
51,Player 2,2812,Mayfair,13,182,
51,Player 1,3805,Whitehall ,14,305,
52,Player 2,2772,Community Chest,12,202,
52,Player 2,2772,Jail,12,202,
52,Player 1,3805,Free Parking,14,305,
53,Player 2,2717,Jail,12,147,
53,Player 1,3805,Leicester Square,14,305,
54,Player 2,2689,Electric Company ,12,119,
54,Player 2,2689,Vine Street,12,119,
54,Player 1,3901,Regent Street,15,251,
55,Player 2,2683,Coventry Street,12,113,
55,Player 1,3875,Chance,15,225,
56,Player 2,2683,Park Lane,12,113,
56,Player 1,4300,The Angel Islington,15,450,
57,Player 2,2828,Whitechapel Road,12,258,
57,Player 1,4304,Pall Mall,15,254,
58,Player 2,2769,The Angel Islington,12,199,
58,Player 1,4304,Community Chest,15,254,
59,Player 2,2769,Pall Mall,12,199,
59,Player 1,4254,Free Parking,15,204,
60,Player 2,2769,Vine Street,12,199,
60,Player 1,4286,Water Works,15,236,
61,Player 2,2737,Piccadilly,12,167,
61,Player 2,2915,GO,12,345,
61,Player 1,4308,Park Lane,15,258,
62,Player 2,2761,Euston Road,12,191,
62,Player 2,2761,Bow Street,12,191,
62,Player 1,4536,Community Chest,15,486,
63,Player 2,2723,The Strand,12,153,
63,Player 1,4582,Northumberland Avenue,15,332,
63,Player 1,4582,The Strand,15,332,
64,Player 2,2687,Water Works,12,117,
64,Player 1,4652,Coventry Street,15,202,
65,Player 2,2617,Liverpool Street,12,47,
65,Player 1,4652,Go To Jail,15,202,
65,Player 1,4652,Jail,15,202,
66,Player 2,2817,Income Tax,12,247,
66,Player 1,4652,Jail,15,202,
67,Player 2,2617,Jail,12,47,
67,Player 1,4602,Bow Street,15,152,
68,Player 2,2617,Free Parking,12,47,
68,Player 1,4602,Trafalgar Square,15,152,
68,Player 1,4602,Oxford Street,15,152,
69,Player 2,2643,Go To Jail,12,73,
69,Player 2,2643,Jail,12,73,
69,Player 1,4776,Community Chest,15,326,
69,Player 1,4776,Electric Company ,15,326,
69,Player 1,4776,Vine Street,15,326,
70,Player 2,2643,Jail,12,73,
70,Player 1,4776,The Strand,15,326,
70,Player 1,4776,Water Works,15,326,
71,Player 2,2593,Electric Company ,12,23,
71,Player 2,2573,The Strand,12,3,
71,Player 1,4832,Bond Street,15,382,
72,Player 2,2587,Coventry Street,12,17,
72,Player 1,5320,Old Kent Road,16,550,
73,Player 2,2587,Bond Street,12,17,
73,Player 1,5348,Income Tax,16,378,
74,Player 2,2809,Kings Cross Station,12,239,
74,Player 1,5148,Pentonville Road,16,178,
75,Player 2,2944,Northumberland Avenue,12,374,
75,Player 1,5070,Community Chest,16,100,
75,Player 1,5070,Old Kent Road,16,100,
76,Player 2,2932,Trafalgar Square,12,362,
76,Player 2,2892,Community Chest,12,322,
76,Player 1,5110,Chance,16,140,
76,Player 1,5110,Marylebone Station,16,140,
76,Player 1,5110,Chance,16,140,
77,Player 2,3192,Community Chest,12,622,
77,Player 2,3192,GO,12,622,
77,Player 1,5095,Leicester Square,16,125,
78,Player 2,3071,Euston Road,12,501,
78,Player 1,5073,Oxford Street,16,103,
78,Player 1,5047,Super Tax,16,77,
78,Player 1,5247,Income Tax,16,277,
79,Player 2,3097,Whitehall ,12,527,
79,Player 1,5047,Northumberland Avenue,16,77,
80,Player 2,3097,Bow Street,12,527,
80,Player 1,5075,Fleet Street,16,105,
81,Player 2,3069,Trafalgar Square,12,499,
81,Player 1,5115,Go To Jail,16,145,
81,Player 1,5115,Jail,16,145,
82,Player 2,3029,Community Chest,12,459,
82,Player 1,5115,Jail,16,145,
83,Player 2,3129,Liverpool Street,12,559,
83,Player 2,3329,Whitechapel Road,12,759,
83,Player 2,3325,Northumberland Avenue,12,755,
83,Player 1,5081,Marylebone Station,16,111,
84,Player 2,3313,Chance,12,743,
84,Player 1,5081,The Strand,16,111,
85,Player 2,3293,Leicester Square,12,723,
85,Player 2,3293,Community Chest,12,723,
85,Player 1,5081,Regent Street,16,111,
85,Player 1,5055,Chance,16,85,
85,Player 1,5055,Marylebone Station,16,85,
86,Player 2,3219,Liverpool Street,12,649,
86,Player 2,3419,Income Tax,12,849,
86,Player 1,5055,The Strand,16,85,
87,Player 2,3219,Electric Company ,12,649,
87,Player 1,5135,Fenchurch St Station,16,165,
88,Player 2,3239,Free Parking,12,669,
88,Player 2,3239,Water Works,12,669,
88,Player 1,5115,Coventry Street,16,145,
88,Player 1,5093,Regent Street,16,123,
89,Player 2,3207,Super Tax,12,637,
89,Player 2,3307,Community Chest,12,737,
89,Player 1,5067,Chance,16,97,
89,Player 1,5067,GO,16,97,
90,Player 2,3327,Whitehall ,12,757,
90,Player 1,5067,Kings Cross Station,16,97,
91,Player 2,3427,Fleet Street,12,857,
91,Player 1,5067,Jail,16,97,
92,Player 2,3427,Community Chest,12,857,
92,Player 1,5067,Bow Street,16,97,
93,Player 2,3437,Chance,12,867,
93,Player 1,5067,Fenchurch St Station,16,97,
94,Player 2,3612,Community Chest,12,1042,
94,Player 2,3562,Euston Road,12,992,
94,Player 2,3562,Community Chest,12,992,
94,Player 1,5067,Oxford Street,16,97,
95,Player 2,3613,Fenchurch St Station,12,1043,
95,Player 1,5241,GO,16,271,
96,Player 2,3613,Bond Street,12,1043,
96,Player 1,5269,The Angel Islington,16,299,
97,Player 2,3597,Super Tax,12,1027,
97,Player 1,5257,Marlborough Street,16,287,
97,Player 1,5257,Fenchurch St Station,16,287,
98,Player 2,3797,Kings Cross Station,12,1227,
98,Player 1,5157,Regent Street,16,187,
99,Player 2,3823,Pall Mall,12,1253,
99,Player 1,5131,Mayfair,16,161,
100,Player 2,3823,Community Chest,12,1253,
100,Player 2,4023,Trafalgar Square,12,1453,
100,Player 1,5371,Pentonville Road,16,401,
101,Player 2,4283,Community Chest,12,1713,
101,Player 1,4911,Bow Street,15,101,
102,Player 2,2893,Super Tax,13,163,
102,Player 1,4911,The Strand,15,101,
103,Player 2,2993,The Angel Islington,13,263,
103,Player 1,4911,Coventry Street,15,101,
104,Player 2,3015,Marylebone Station,13,285,
104,Player 1,4914,Bond Street,15,104,
105,Player 2,2990,Chance,13,260,
105,Player 2,2990,Jail,13,260,
105,Player 1,4914,Mayfair,15,104,
106,Player 2,2990,Jail,13,260,
106,Player 1,5114,The Angel Islington,15,304,
107,Player 2,2952,Bow Street,13,222,
107,Player 1,5130,Whitehall ,15,320,
108,Player 2,2944,Trafalgar Square,13,214,
108,Player 1,5150,The Strand,15,340,
108,Player 1,5150,Water Works,15,340,
109,Player 2,2904,Community Chest,13,174,
109,Player 2,2904,Jail,13,174,
109,Player 1,5150,Oxford Street,15,340,
110,Player 2,2930,Jail,13,200,
110,Player 1,5324,Community Chest,15,514,
111,Player 2,2880,The Strand,13,150,
111,Player 1,5200,Whitehall ,15,390,
112,Player 2,2864,Go To Jail,13,134,
112,Player 2,2864,Jail,13,134,
112,Player 1,5180,Free Parking,15,370,
113,Player 2,2864,Jail,13,134,
113,Player 1,5180,Oxford Street,15,370,
113,Player 1,5354,Community Chest,15,544,
114,Player 2,2830,Community Chest,13,100,
114,Player 2,2830,Water Works,13,100,
114,Player 1,4513,Whitehall ,15,303,
115,Player 2,2780,Super Tax,13,50,
115,Player 2,2980,The Angel Islington,13,250,
115,Player 2,2980,Northumberland Avenue,13,250,
115,Player 1,4493,Marlborough Street,15,283,
116,Player 2,2980,The Strand,13,250,
116,Player 1,4529,Go To Jail,15,319,
116,Player 1,4529,Jail,15,319,
117,Player 2,2944,Fenchurch St Station,13,214,
117,Player 1,4529,Jail,15,319,
118,Player 2,2944,Oxford Street,13,214,
118,Player 1,4479,Bow Street,15,269,
118,Player 1,4479,Vine Street,15,269,
119,Player 2,3144,GO,13,414,
119,Player 2,3144,The Angel Islington,13,414,
119,Player 1,4479,Coventry Street,15,269,
120,Player 2,3166,Electric Company ,13,136,
120,Player 1,4517,Oxford Street,15,307,
121,Player 2,3132,Chance,13,102,
121,Player 2,3132,Pall Mall,13,102,
121,Player 1,4691,Old Kent Road,15,481,
122,Player 2,3132,Vine Street,13,102,
122,Player 1,3923,Pall Mall,15,313,
122,Player 1,3873,Bow Street,15,263,
123,Player 2,3150,Piccadilly,13,120,
123,Player 1,3895,Free Parking,15,285,
124,Player 2,3128,Park Lane,13,98,
124,Player 1,5395,Water Works,15,85,
125,Player 2,2888,Whitechapel Road,13,258,
125,Player 1,5455,Park Lane,15,145,
126,Player 2,2773,Whitehall ,13,143,
126,Player 1,5655,GO,15,345,
127,Player 2,2773,Community Chest,13,143,
127,Player 2,2773,Old Kent Road,13,143,
127,Player 1,5685,Chance,15,375,
128,Player 2,2743,Chance,13,113,
128,Player 2,2743,Income Tax,13,113,
128,Player 2,2743,Electric Company ,13,113,
128,Player 1,6295,Whitehall ,15,135,
128,Player 1,6275,Marlborough Street,15,115,
129,Player 2,2683,Vine Street,13,53,
129,Player 1,6355,Trafalgar Square,15,195,
130,Player 2,2653,Leicester Square,13,23,
130,Player 1,6355,Bond Street,15,195,
131,Player 2,2653,Liverpool Street,13,23,
131,Player 1,6555,Income Tax,15,395,
132,Player 2,2853,Whitechapel Road,13,223,
132,Player 1,6415,Jail,15,255,
132,Player 1,6415,Free Parking,15,255,
133,Player 2,2793,Electric Company ,13,163,
133,Player 1,6423,Trafalgar Square,15,263,
133,Player 1,6423,Community Chest,15,263,
134,Player 2,2703,Community Chest,13,73,
134,Player 2,2703,GO,13,73,
134,Player 1,6523,Super Tax,15,363,
135,Player 2,2703,Income Tax,13,73,
135,Player 1,6623,Kings Cross Station,15,463,
136,Player 2,2803,Pall Mall,13,173,
136,Player 1,6523,Northumberland Avenue,15,363,
137,Player 2,2772,Bow Street,13,142,
137,Player 1,5789,Trafalgar Square,15,229,
138,Player 2,2692,Chance,13,62,
138,Player 2,2792,Coventry Street,13,162,
138,Player 1,5789,Go To Jail,15,229,
138,Player 1,5789,Jail,15,229,
139,Player 2,2792,Liverpool Street,13,162,
139,Player 1,5789,Jail,15,229,
140,Player 2,2992,Whitechapel Road,13,362,
140,Player 1,5799,Bow Street,15,239,
140,Player 1,5799,Fleet Street,15,239,
141,Player 2,2877,Pentonville Road,13,247,
141,Player 1,5799,Community Chest,15,239,
142,Player 2,2877,Bow Street,13,247,
142,Player 1,5299,Park Lane,15,239,
142,Player 1,5499,GO,15,439,
143,Player 2,2677,Coventry Street,13,47,
143,Player 1,5499,Income Tax,15,189,
144,Player 2,2677,Bond Street,13,47,
144,Player 1,5527,Whitehall ,15,217,
145,Player 2,2869,Kings Cross Station,13,239,
145,Player 1,5507,Chance,15,197,
145,Player 1,5507,Mayfair,15,197,
146,Player 2,2869,Whitehall ,13,239,
146,Player 1,5707,The Angel Islington,15,397,
147,Player 2,2881,Chance,13,251,
147,Player 1,5695,Pall Mall,15,385,
148,Player 2,2974,Piccadilly,13,344,
148,Player 1,5697,Bow Street,15,387,
149,Player 2,2952,Bond Street,13,322,
149,Player 1,5325,Free Parking,15,165,
150,Player 2,3124,Old Kent Road,13,494,
150,Player 1,5575,Leicester Square,15,265,
151,Player 2,2874,Pall Mall,13,244,
151,Player 2,2874,Community Chest,13,244,
151,Player 2,2774,Fenchurch St Station,13,144,
151,Player 1,5575,Bond Street,15,265,
152,Player 2,2774,Park Lane,13,144,
152,Player 2,0,Park Lane,0,0,
152,Player 2,200,Community Chest,0,200,
1,Player 1,1500,Euston Road,0,1500,
1,Player 2,1500,Kings Cross Station,0,1500,
2,Player 1,1500,Electric Company ,1,1400,
2,Player 1,1500,Marlborough Street,2,1250,
2,Player 2,1500,Northumberland Avenue,1,1300,
3,Player 1,1500,Fleet Street,3,1070,
3,Player 2,1500,Vine Street,2,1140,
4,Player 1,1379,Go To Jail,4,729,
4,Player 1,1379,Jail,4,729,
4,Player 2,1500,Fleet Street,3,940,
4,Player 2,1482,Go To Jail,3,922,
4,Player 2,1482,Jail,3,922,
5,Player 1,1397,Jail,4,747,
5,Player 2,1482,Jail,3,922,
6,Player 1,1347,Northumberland Avenue,4,697,
6,Player 1,1335,Free Parking,4,685,
6,Player 2,1444,Free Parking,3,884,
6,Player 2,1444,Fenchurch St Station,3,884,
7,Player 1,1335,Go To Jail,4,685,
7,Player 1,1335,Jail,4,685,
7,Player 2,1444,Oxford Street,4,684,
8,Player 1,1335,Jail,4,685,
8,Player 2,1444,Chance,5,384,
8,Player 2,1444,Mayfair,5,384,
9,Player 1,1445,Marlborough Street,5,395,
9,Player 2,1644,Chance,5,584,
9,Player 2,1644,Marylebone Station,5,584,
10,Player 1,1445,Go To Jail,5,395,
10,Player 1,1445,Jail,5,395,
10,Player 2,1534,Fenchurch St Station,6,274,
10,Player 2,1534,Water Works,6,274,
11,Player 1,1445,Jail,5,395,
11,Player 2,1534,Super Tax,7,124,
12,Player 1,1395,Bow Street,5,345,
12,Player 2,1634,Kings Cross Station,7,224,
13,Player 1,1395,Chance,6,165,
13,Player 1,1395,Fenchurch St Station,6,165,
13,Player 2,1734,Marylebone Station,7,324,
14,Player 1,1295,Piccadilly,6,65,
14,Player 2,1972,Chance,8,282,
15,Player 1,1495,GO,6,265,
15,Player 2,2022,Leicester Square,8,332,
15,Player 2,2139,Liverpool Street,9,189,
16,Player 1,1495,Chance,6,265,
16,Player 2,2409,Community Chest,10,259,
16,Player 2,2409,Old Kent Road,10,259,
17,Player 1,1495,Jail,6,265,
17,Player 2,2409,Euston Road,11,199,
18,Player 1,1501,Bow Street,6,271,
18,Player 2,2403,Electric Company ,11,193,
19,Player 1,1517,Trafalgar Square,6,287,
19,Player 2,2387,Marlborough Street,11,177,
20,Player 1,1675,Liverpool Street,7,205,
20,Player 2,2573,The Strand,11,363,
21,Player 1,1675,Kings Cross Station,7,205,
21,Player 2,2850,Go To Jail,12,420,
21,Player 2,2850,Jail,12,420,
22,Player 1,1475,Euston Road,7,5,
22,Player 2,2850,Jail,12,420,
23,Player 1,1475,Bow Street,7,5,
23,Player 2,2800,Marlborough Street,12,370,
24,Player 1,1489,Chance,7,19,
24,Player 2,2786,Fenchurch St Station,12,356,
25,Player 1,1519,Piccadilly,7,49,
25,Player 2,2786,Oxford Street,12,356,
26,Player 1,1519,Oxford Street,7,49,
26,Player 2,3012,Income Tax,12,582,
26,Player 2,2812,Jail,12,382,
26,Player 2,2812,Marylebone Station,12,382,
27,Player 1,1693,GO,7,223,
27,Player 2,2812,Chance,12,382,
27,Player 2,2812,Vine Street,12,382,
28,Player 1,1638,Euston Road,7,168,
28,Player 1,1638,Free Parking,7,168,
28,Player 1,1638,Regent Street,7,168,
28,Player 2,3037,Coventry Street,13,307,
29,Player 1,1638,Bond Street,7,168,
29,Player 2,3446,Oxford Street,15,136,
30,Player 1,1838,Kings Cross Station,7,368,
30,Player 2,3846,GO,15,536,
31,Player 1,1638,Jail,7,168,
31,Player 2,3692,Kings Cross Station,15,382,
32,Player 1,1638,Northumberland Avenue,7,168,
32,Player 2,3704,Pall Mall,15,394,
33,Player 1,1626,Chance,7,156,
33,Player 2,3704,Marylebone Station,16,254,
34,Player 1,1611,Piccadilly,7,141,
34,Player 2,3748,Fleet Street,16,298,
34,Player 2,3730,Oxford Street,16,280,
35,Player 1,1585,Super Tax,7,115,
35,Player 2,3730,Super Tax,16,280,
35,Player 2,3830,Whitechapel Road,16,380,
36,Player 1,1685,Euston Road,7,215,
36,Player 2,3830,Jail,17,320,
37,Player 1,1685,Marylebone Station,7,215,
37,Player 2,4030,Free Parking,17,320,
37,Player 2,4030,Go To Jail,17,320,
37,Player 2,4030,Jail,17,320,
38,Player 1,1485,Fenchurch St Station,7,15,
38,Player 2,4230,Jail,17,320,
39,Player 1,1500,Piccadilly,7,30,
39,Player 1,1506,Super Tax,7,36,
39,Player 2,4224,Electric Company ,17,314,
39,Player 2,4216,Community Chest,17,306,
40,Player 1,1704,Community Chest,7,234,
40,Player 1,1729,Jail,7,259,
40,Player 1,1729,Marylebone Station,7,259,
40,Player 2,4426,Coventry Street,17,166,
40,Player 2,4426,Super Tax,17,166,
41,Player 1,1529,Free Parking,7,59,
41,Player 2,4526,Community Chest,17,266,
42,Player 1,1529,Water Works,7,59,
42,Player 2,4578,Euston Road,17,318,
43,Player 1,1497,Liverpool Street,7,27,
43,Player 2,4778,Whitehall ,17,318,
44,Player 1,1712,Whitechapel Road,7,242,
44,Player 2,4782,Community Chest,18,182,
44,Player 2,4832,Water Works,18,232,
45,Player 1,1653,Pall Mall,7,183,
45,Player 2,4852,Super Tax,18,252,
45,Player 2,4952,Whitechapel Road,18,352,
46,Player 1,1633,Vine Street,7,163,
46,Player 2,4968,Electric Company ,18,368,
47,Player 1,1653,The Strand,7,183,
47,Player 1,1635,Coventry Street,7,165,
47,Player 1,1591,Super Tax,7,121,
47,Player 2,4994,Fleet Street,18,394,
48,Player 1,1709,Chance,7,239,
48,Player 1,1709,Pall Mall,7,239,
48,Player 2,4996,Liverpool Street,18,396,
48,Player 2,5196,Income Tax,18,596,
49,Player 1,1689,Community Chest,7,219,
49,Player 2,4996,Northumberland Avenue,18,396,
49,Player 2,4996,The Strand,18,396,
50,Player 1,1589,Fleet Street,7,119,
50,Player 2,4996,Water Works,18,396,
51,Player 1,1589,Water Works,7,119,
51,Player 2,5016,Bond Street,18,216,
52,Player 1,1569,Oxford Street,7,99,
52,Player 2,5346,GO,18,546,
53,Player 1,1489,Super Tax,7,19,
53,Player 2,5346,Kings Cross Station,18,196,
54,Player 1,1689,Pentonville Road,7,219,
54,Player 2,5346,Pentonville Road,18,196,
55,Player 1,1697,Northumberland Avenue,8,107,
55,Player 2,5362,Free Parking,18,212,
56,Player 1,1673,The Strand,8,83,
56,Player 2,5380,Water Works,18,230,
57,Player 1,1655,Regent Street,8,65,
57,Player 2,5380,Super Tax,18,230,
58,Player 1,1655,Chance,8,65,
58,Player 2,5480,Income Tax,18,330,
59,Player 1,1950,Kings Cross Station,8,360,
59,Player 2,5480,Whitehall ,18,330,
60,Player 1,1750,Pall Mall,8,160,
60,Player 2,5500,Chance,18,350,
61,Player 1,1730,The Strand,8,140,
61,Player 2,5618,Water Works,18,268,
62,Player 1,1712,Go To Jail,8,122,
62,Player 1,1712,Jail,8,122,
62,Player 2,5618,Mayfair,18,268,
63,Player 1,1762,Jail,8,172,
63,Player 2,5768,Income Tax,18,418,
64,Player 1,1712,Bow Street,8,122,
64,Player 2,5568,Whitehall ,18,218,
65,Player 1,1712,Trafalgar Square,8,122,
65,Player 2,5568,Trafalgar Square,18,218,
66,Player 1,1732,Piccadilly,8,142,
66,Player 2,5668,Piccadilly,18,318,
67,Player 1,1612,Super Tax,8,22,
67,Player 2,5668,Liverpool Street,18,318,
68,Player 1,1812,The Angel Islington,8,222,
68,Player 2,5868,Community Chest,18,518,
69,Player 1,1812,Marlborough Street,9,122,
69,Player 1,1812,Coventry Street,9,122,
69,Player 2,5988,Pentonville Road,18,238,
70,Player 1,1718,Chance,9,28,
70,Player 1,1718,GO,9,28,
70,Player 2,5972,Northumberland Avenue,18,222,
71,Player 1,1718,Chance,9,28,
71,Player 1,1718,Jail,9,28,
71,Player 2,5972,Free Parking,18,222,
71,Player 2,5972,Leicester Square,18,222,
72,Player 1,1718,Jail,9,28,
72,Player 2,5972,Regent Street,18,222,
73,Player 1,1718,Jail,9,28,
73,Player 2,5972,Bond Street,18,222,
74,Player 1,1718,Jail,9,28,
74,Player 2,6172,GO,18,422,
75,Player 1,1718,Jail,9,28,
75,Player 2,6172,Whitechapel Road,18,222,
76,Player 1,1718,Vine Street,9,28,
76,Player 2,6188,Electric Company ,18,238,
77,Player 1,1738,Fleet Street,9,48,
77,Player 2,6152,Northumberland Avenue,18,202,
77,Player 2,6152,Chance,18,202,
78,Player 1,1738,Oxford Street,9,48,
78,Player 1,0,Oxford Street,0,0,
1,Player 2,1500,Pentonville Road,0,1500,
1,Player 1,1500,Euston Road,0,1500,
2,Player 2,1500,Bow Street,1,1380,
2,Player 1,1500,Whitehall ,1,1400,
3,Player 2,1500,Coventry Street,2,1200,
3,Player 1,1500,Bow Street,2,1260,
4,Player 2,1514,Oxford Street,3,954,
4,Player 1,1486,Vine Street,2,1246,
5,Player 2,1514,Super Tax,4,654,
5,Player 1,1486,Trafalgar Square,3,1046,
6,Player 2,1614,Income Tax,4,754,
6,Player 1,1486,Chance,4,806,
6,Player 1,1486,Marylebone Station,4,806,
6,Player 1,1486,The Strand,5,606,
7,Player 2,1453,Marylebone Station,4,593,
7,Player 1,1511,Regent Street,6,411,
8,Player 2,1518,Marlborough Street,5,358,
8,Player 1,1711,GO,6,611,
9,Player 2,1518,Trafalgar Square,6,178,
9,Player 1,1731,Pentonville Road,6,631,
10,Player 2,1506,Oxford Street,6,166,
10,Player 2,1706,GO,6,366,
10,Player 2,1706,The Angel Islington,6,366,
10,Player 1,1723,Bow Street,6,623,
11,Player 2,1720,Jail,7,280,
11,Player 1,1709,Fenchurch St Station,6,609,
12,Player 2,1720,Vine Street,7,280,
12,Player 1,1725,Piccadilly,7,425,
12,Player 1,2051,GO,8,471,
13,Player 2,1704,Piccadilly,7,264,
13,Player 1,2073,Pall Mall,8,493,
14,Player 2,1682,Liverpool Street,7,242,
14,Player 1,2143,Bow Street,10,223,
15,Player 2,1896,Whitechapel Road,7,456,
15,Player 2,1896,Jail,8,396,
15,Player 1,2129,Fleet Street,10,209,
16,Player 2,1962,Bow Street,9,242,
16,Player 1,2129,Piccadilly,10,209,
17,Player 2,1962,Leicester Square,9,242,
17,Player 2,2092,Chance,10,112,
17,Player 2,2092,Kings Cross Station,10,112,
17,Player 2,2092,Jail,10,112,
17,Player 1,2279,Liverpool Street,11,159,
18,Player 2,2092,Jail,10,112,
18,Player 1,2279,Super Tax,11,159,
19,Player 2,2042,Marylebone Station,10,62,
19,Player 1,2579,Community Chest,11,459,
19,Player 1,2679,The Angel Islington,11,559,
20,Player 2,1998,Fenchurch St Station,10,18,
20,Player 1,2873,Electric Company ,11,753,
21,Player 2,2078,Park Lane,10,98,
21,Player 2,2278,Chance,10,298,
21,Player 2,2328,Pall Mall,10,348,
21,Player 1,3181,Marlborough Street,13,561,
22,Player 2,2266,Free Parking,10,286,
22,Player 1,3167,Piccadilly,13,547,
23,Player 2,2266,Water Works,10,286,
23,Player 1,3167,Park Lane,13,547,
24,Player 2,2266,Oxford Street,11,136,
24,Player 1,3367,GO,13,747,
25,Player 2,2466,Whitechapel Road,11,336,
25,Player 1,3367,Chance,13,747,
26,Player 2,2367,Whitehall ,11,237,
26,Player 2,2357,The Strand,11,227,
26,Player 1,3395,Whitehall ,13,775,
27,Player 2,2339,Coventry Street,11,209,
27,Player 1,3395,Free Parking,13,775,
28,Player 2,2339,Chance,11,209,
28,Player 1,3395,Trafalgar Square,13,775,
29,Player 2,2519,The Angel Islington,11,389,
29,Player 2,2519,Bow Street,11,389,
29,Player 1,3395,Leicester Square,13,775,
29,Player 1,3373,Bond Street,13,753,
30,Player 2,2541,Chance,11,411,
30,Player 2,2541,Vine Street,11,411,
30,Player 1,3589,Community Chest,14,649,
30,Player 1,3589,GO,14,649,
31,Player 2,2525,Piccadilly,11,395,
31,Player 1,3611,Kings Cross Station,14,671,
32,Player 2,2503,Super Tax,11,373,
32,Player 1,3611,Marylebone Station,14,671,
32,Player 1,3611,Fenchurch St Station,14,671,
32,Player 1,3611,Go To Jail,14,671,
32,Player 1,3611,Jail,14,671,
33,Player 2,2603,Euston Road,11,473,
33,Player 2,2597,Free Parking,11,467,
33,Player 2,2597,Coventry Street,11,467,
33,Player 1,3617,Jail,14,677,
34,Player 2,2597,Bond Street,11,467,
34,Player 1,3595,Free Parking,14,655,
34,Player 1,3595,Trafalgar Square,14,655,
34,Player 1,3595,Piccadilly,14,655,
35,Player 2,2769,GO,11,639,
35,Player 1,3595,Mayfair,14,655,
35,Player 1,3795,Chance,15,455,
36,Player 2,2626,Euston Road,11,496,
36,Player 1,3786,Pall Mall,15,246,
37,Player 2,2620,Community Chest,11,490,
37,Player 2,2620,Old Kent Road,11,490,
37,Player 1,3786,Northumberland Avenue,15,246,
38,Player 2,2620,Euston Road,12,80,
38,Player 1,3792,Marlborough Street,16,92,
39,Player 2,2628,Marylebone Station,12,88,
39,Player 1,3978,The Strand,16,278,
40,Player 2,2578,Leicester Square,12,38,
40,Player 1,3978,Piccadilly,16,278,
41,Player 2,2578,Oxford Street,12,38,
41,Player 1,3978,Chance,16,278,
41,Player 1,3978,Pall Mall,16,278,
42,Player 2,2578,Liverpool Street,12,38,
42,Player 1,4178,The Strand,16,278,
43,Player 2,2858,Income Tax,12,268,
43,Player 1,4178,Piccadilly,16,278,
44,Player 2,2658,Pentonville Road,12,68,
44,Player 1,4178,Chance,16,278,
45,Player 2,2658,Marlborough Street,12,68,
45,Player 1,4528,The Angel Islington,16,428,
46,Player 2,2664,Piccadilly,12,74,
46,Player 1,4544,Pall Mall,16,244,
47,Player 2,2642,Super Tax,12,52,
47,Player 1,4544,Bow Street,16,244,
48,Player 2,2842,Kings Cross Station,12,252,
48,Player 1,4744,Free Parking,16,244,
48,Player 1,4744,Fenchurch St Station,16,244,
49,Player 2,2642,Bow Street,12,52,
49,Player 1,4744,Oxford Street,16,244,
50,Player 2,2668,Trafalgar Square,12,78,
50,Player 1,4738,Liverpool Street,16,238,
51,Player 2,2648,Community Chest,12,58,
51,Player 1,4928,Income Tax,16,428,
52,Player 2,2658,Super Tax,12,68,
52,Player 1,4728,Pall Mall,16,228,
53,Player 2,2858,Community Chest,12,268,
53,Player 1,4728,Free Parking,16,228,
54,Player 2,2417,Kings Cross Station,12,127,
54,Player 1,4928,Coventry Street,16,228,
55,Player 2,2367,Pall Mall,12,77,
55,Player 1,4948,Park Lane,16,248,
56,Player 2,2347,Marlborough Street,12,57,
56,Player 1,5148,Pentonville Road,16,448,
56,Player 1,5148,Community Chest,16,448,
56,Player 1,5168,Fenchurch St Station,16,468,
57,Player 2,2347,Fleet Street,12,57,
57,Player 1,5168,Park Lane,16,268,
57,Player 1,5368,Kings Cross Station,16,468,
57,Player 1,5368,Euston Road,16,468,
58,Player 2,2347,Oxford Street,12,57,
58,Player 1,5368,Bow Street,16,268,
58,Player 1,5368,The Strand,16,268,
59,Player 2,2347,Park Lane,12,57,
59,Player 2,0,Park Lane,0,0,
1,Player 1,1500,Chance,0,1500,
1,Player 1,1500,Jail,0,1500,
1,Player 2,1500,Pentonville Road,0,1500,
2,Player 1,1500,Jail,0,1500,
2,Player 2,1500,Northumberland Avenue,1,1380,
3,Player 1,1450,Marylebone Station,0,1450,
3,Player 2,1500,The Strand,2,1220,
4,Player 1,1450,Fleet Street,1,1250,
4,Player 1,1450,Community Chest,2,1030,
4,Player 2,1500,Water Works,3,1000,
5,Player 1,1500,Liverpool Street,2,1080,
5,Player 1,1700,GO,3,1080,
5,Player 2,1500,Mayfair,4,850,
6,Player 1,1700,The Angel Islington,3,1080,
6,Player 2,1700,Kings Cross Station,5,650,
7,Player 1,1700,Marylebone Station,4,980,
7,Player 2,1700,Electric Company ,6,450,
8,Player 1,1700,Fleet Street,4,980,
8,Player 2,1700,Community Chest,7,300,
9,Player 1,1700,Go To Jail,4,980,
9,Player 1,1700,Jail,4,980,
9,Player 2,1650,Fenchurch St Station,7,250,
10,Player 1,1780,Jail,5,860,
10,Player 2,1650,Regent Street,7,250,
10,Player 2,1650,Super Tax,7,250,
11,Player 1,1910,Free Parking,6,690,
11,Player 2,1750,Euston Road,7,350,
12,Player 1,1910,Water Works,6,690,
12,Player 2,1830,Bow Street,8,330,
13,Player 1,1848,Regent Street,7,448,
13,Player 2,1830,Fleet Street,8,330,
14,Player 1,2066,Old Kent Road,7,666,
14,Player 1,2066,Chance,8,606,
14,Player 1,2066,GO,8,606,
14,Player 2,1812,Go To Jail,8,312,
14,Player 2,1812,Jail,8,312,
15,Player 1,2066,The Angel Islington,8,606,
15,Player 2,1812,Jail,8,312,
16,Player 1,2066,Whitehall ,8,606,
16,Player 2,1762,Chance,8,262,
16,Player 2,1762,Pall Mall,8,262,
16,Player 2,1762,Vine Street,9,122,
17,Player 1,2206,Vine Street,10,406,
17,Player 2,1762,Fleet Street,9,122,
17,Player 2,1744,Go To Jail,9,104,
17,Player 2,1744,Jail,9,104,
18,Player 1,2224,Fleet Street,10,424,
18,Player 2,1744,Jail,9,104,
19,Player 1,2224,Water Works,10,424,
19,Player 2,1744,Marlborough Street,9,104,
20,Player 1,2300,Community Chest,11,320,
20,Player 2,1744,Leicester Square,9,104,
21,Player 1,2408,Super Tax,12,168,
21,Player 2,1744,Super Tax,9,104,
21,Player 2,1844,The Angel Islington,9,204,
22,Player 1,2514,Kings Cross Station,12,274,
22,Player 2,1863,Community Chest,9,223,
22,Player 2,1863,Jail,9,223,
23,Player 1,2489,Electric Company ,12,249,
23,Player 2,1933,Jail,9,293,
24,Player 1,2419,Trafalgar Square,12,179,
24,Player 1,2419,Piccadilly,12,179,
24,Player 2,2015,Vine Street,10,135,
25,Player 1,2675,Park Lane,13,155,
25,Player 2,1983,Go To Jail,10,103,
25,Player 2,1983,Jail,10,103,
26,Player 1,3156,GO,14,286,
26,Player 2,1983,Jail,10,103,
27,Player 1,3156,Whitechapel Road,14,286,
27,Player 2,1933,Free Parking,10,53,
28,Player 1,3156,Electric Company ,15,226,
28,Player 2,2023,Fenchurch St Station,10,143,
29,Player 1,3166,Marlborough Street,15,236,
29,Player 1,3166,Fleet Street,15,236,
29,Player 2,1923,Chance,10,43,
30,Player 1,3166,Water Works,15,236,
30,Player 2,2153,Income Tax,10,273,
31,Player 1,3116,Community Chest,15,186,
31,Player 2,1953,Pentonville Road,10,73,
32,Player 1,3126,Super Tax,15,196,
32,Player 2,1953,Electric Company ,10,73,
33,Player 1,3226,Old Kent Road,15,296,
33,Player 2,1953,Free Parking,10,73,
34,Player 1,3226,Euston Road,15,296,
34,Player 2,1959,Fenchurch St Station,10,79,
35,Player 1,3320,Marlborough Street,15,390,
35,Player 1,3320,Fenchurch St Station,15,390,
35,Player 2,1919,Liverpool Street,10,39,
36,Player 1,3420,Regent Street,15,190,
36,Player 2,2159,Whitechapel Road,10,279,
37,Player 1,3624,Whitechapel Road,15,394,
37,Player 1,3624,Pentonville Road,15,394,
37,Player 2,2097,Pall Mall,10,217,
38,Player 1,3616,Marylebone Station,15,286,
38,Player 2,2097,Bow Street,10,217,
39,Player 1,3686,Free Parking,15,356,
39,Player 2,2027,Trafalgar Square,10,147,
40,Player 1,3686,Coventry Street,15,356,
40,Player 2,2027,Coventry Street,10,147,
41,Player 1,3912,Super Tax,16,322,
41,Player 2,1983,Piccadilly,10,103,
41,Player 2,1939,Bond Street,10,59,
42,Player 1,4344,Chance,17,434,
42,Player 2,2139,Income Tax,10,259,
43,Player 1,4194,Pentonville Road,17,284,
43,Player 1,4186,Marylebone Station,17,276,
43,Player 2,1947,Pall Mall,10,67,
44,Player 1,4186,Marlborough Street,17,276,
44,Player 2,1947,Vine Street,10,67,
45,Player 1,4406,Water Works,17,196,
45,Player 2,2077,Coventry Street,10,197,
46,Player 1,4416,Chance,17,206,
46,Player 1,4416,Kings Cross Station,17,206,
46,Player 2,1992,Bond Street,10,112,
47,Player 1,4419,Northumberland Avenue,17,209,
47,Player 2,2164,GO,10,284,
48,Player 1,4419,Free Parking,17,209,
48,Player 2,2098,Euston Road,10,218,
49,Player 1,4419,Coventry Street,17,209,
49,Player 2,2098,Northumberland Avenue,10,218,
49,Player 2,2098,Free Parking,10,218,
50,Player 1,4419,Super Tax,17,209,
50,Player 2,2098,Leicester Square,10,218,
51,Player 1,4563,Income Tax,17,353,
51,Player 1,4363,Whitehall ,17,153,
51,Player 2,2054,Bond Street,10,174,
51,Player 2,2026,Super Tax,10,146,
52,Player 1,4391,Fleet Street,17,181,
52,Player 2,2126,Community Chest,10,246,
52,Player 2,2126,GO,10,246,
53,Player 1,4391,Go To Jail,17,181,
53,Player 1,4391,Jail,17,181,
53,Player 2,2126,Euston Road,10,246,
54,Player 1,4391,Jail,17,181,
54,Player 2,2126,Vine Street,10,246,
55,Player 1,4561,Vine Street,17,351,
55,Player 2,1906,Leicester Square,10,26,
56,Player 1,4605,Leicester Square,17,395,
56,Player 2,1922,Bond Street,10,42,
57,Player 1,4633,Bond Street,17,273,
57,Player 1,4833,Community Chest,17,473,
57,Player 2,1894,Park Lane,10,14,
58,Player 1,4968,Pall Mall,17,158,
58,Player 2,2129,Kings Cross Station,10,249,
59,Player 1,4958,Marlborough Street,17,148,
59,Player 2,2063,Marylebone Station,10,183,
59,Player 2,1963,Chance,10,83,
60,Player 1,5058,Chance,17,248,
60,Player 1,5058,Marylebone Station,17,248,
60,Player 2,1948,Water Works,10,68,
60,Player 2,2148,GO,10,268,
60,Player 2,2148,Pentonville Road,10,268,
61,Player 1,5058,Fenchurch St Station,17,248,
61,Player 2,2148,Pall Mall,10,268,
61,Player 2,2148,Bow Street,10,268,
62,Player 1,5128,Park Lane,17,168,
62,Player 1,5328,Income Tax,17,368,
62,Player 2,2078,Trafalgar Square,10,198,
63,Player 1,5128,Pentonville Road,17,168,
63,Player 2,2086,Chance,10,206,
63,Player 2,2336,Whitechapel Road,10,456,
64,Player 1,5124,Northumberland Avenue,17,164,
64,Player 2,2256,Pall Mall,10,376,
65,Player 1,5112,Vine Street,17,152,
65,Player 2,2256,Marlborough Street,10,376,
66,Player 1,5182,Leicester Square,17,222,
66,Player 2,2186,Trafalgar Square,10,306,
67,Player 1,5182,Water Works,17,222,
67,Player 1,5162,Chance,17,202,
67,Player 2,2206,Liverpool Street,10,326,
68,Player 1,5287,Whitechapel Road,17,327,
68,Player 2,2306,Income Tax,10,426,
69,Player 1,5287,Whitehall ,17,177,
69,Player 2,2106,Whitehall ,10,226,
70,Player 1,5297,Community Chest,17,187,
70,Player 1,5297,Water Works,17,187,
70,Player 2,2136,The Strand,10,256,
70,Player 2,2136,Leicester Square,10,256,
71,Player 1,5477,Liverpool Street,17,217,
71,Player 2,1946,Community Chest,10,66,
72,Player 1,5677,Income Tax,17,417,
72,Player 2,1966,Super Tax,10,86,
73,Player 1,5477,Pall Mall,17,217,
73,Player 2,2176,Euston Road,10,296,
74,Player 1,5467,The Strand,17,207,
74,Player 2,2110,Marylebone Station,10,230,
75,Player 1,5567,Coventry Street,17,157,
75,Player 2,2010,Fenchurch St Station,10,130,
75,Player 2,1910,Bond Street,10,30,
76,Player 1,5695,Regent Street,17,285,
76,Player 1,5695,Super Tax,17,285,
76,Player 2,2082,GO,10,202,
76,Player 2,2082,Chance,10,202,
77,Player 1,5795,The Angel Islington,17,385,
77,Player 2,2082,Northumberland Avenue,10,202,
78,Player 1,5795,Northumberland Avenue,17,235,
78,Player 2,2082,Chance,10,202,
78,Player 2,2082,Mayfair,10,202,
78,Player 2,2282,Chance,10,402,
78,Player 2,2282,Income Tax,10,402,
79,Player 1,5795,Trafalgar Square,17,235,
79,Player 2,2102,Jail,10,222,
80,Player 1,5775,Regent Street,17,215,
80,Player 2,2102,Community Chest,10,222,
81,Player 1,5975,GO,17,415,
81,Player 2,2127,Fleet Street,10,247,
81,Player 2,2109,Fenchurch St Station,10,229,
81,Player 2,2009,Liverpool Street,10,129,
82,Player 1,4993,Kings Cross Station,17,183,
82,Player 2,2134,Community Chest,10,254,
82,Player 2,2134,Old Kent Road,10,254,
83,Player 1,4970,Northumberland Avenue,17,160,
83,Player 2,2132,Pentonville Road,10,252,
84,Player 1,4970,Free Parking,17,160,
84,Player 2,2132,Bow Street,10,252,
85,Player 1,5040,Regent Street,17,230,
85,Player 2,2062,Vine Street,10,182,
86,Player 1,4860,GO,17,500,
86,Player 2,1902,Regent Street,10,22,
86,Player 2,1936,Liverpool Street,10,56,
87,Player 1,4986,Whitechapel Road,17,226,
87,Player 2,2096,Whitechapel Road,10,216,
87,Player 2,2076,Pentonville Road,10,196,
88,Player 1,5006,Jail,17,246,
88,Player 2,2076,Electric Company ,10,196,
89,Player 1,5006,Community Chest,17,246,
89,Player 2,2066,Trafalgar Square,10,186,
89,Player 2,2066,Oxford Street,10,186,
90,Player 1,5226,Piccadilly,18,166,
90,Player 1,5226,Park Lane,18,166,
90,Player 1,5426,Old Kent Road,18,366,
90,Player 2,2266,Community Chest,10,386,
91,Player 1,5426,The Angel Islington,18,266,
91,Player 2,2191,Pentonville Road,10,311,
92,Player 1,5426,Whitehall ,18,266,
92,Player 2,2191,Bow Street,10,311,
93,Player 1,5626,The Strand,18,266,
93,Player 2,2009,Fenchurch St Station,10,129,
94,Player 1,5708,Coventry Street,18,348,
94,Player 1,5708,Bond Street,18,348,
94,Player 2,1909,Community Chest,10,29,
94,Player 2,2119,GO,10,239,
95,Player 1,5708,Mayfair,18,348,
95,Player 2,2103,Income Tax,10,223,
95,Player 2,1903,Jail,10,23,
96,Player 1,5858,The Angel Islington,18,498,
96,Player 2,1903,Community Chest,10,23,
97,Player 1,5858,Electric Company ,18,298,
97,Player 1,5798,Chance,18,238,
97,Player 2,2063,Leicester Square,10,183,
97,Player 2,0,Leicester Square,0,0,
1,Player 1,1500,The Angel Islington,0,1500,
1,Player 2,1500,Jail,0,1500,
1,Player 2,1500,Northumberland Avenue,0,1500,
2,Player 1,1500,Marlborough Street,1,1400,
2,Player 1,1500,Leicester Square,2,1220,
2,Player 2,1500,Chance,1,1340,
3,Player 1,1500,Bond Street,3,960,
3,Player 2,1500,Go To Jail,1,1340,
3,Player 2,1500,Jail,1,1340,
4,Player 1,1700,Income Tax,4,840,
4,Player 1,1530,Whitehall ,4,670,
4,Player 2,1500,Jail,1,1340,
5,Player 1,1530,Fenchurch St Station,5,530,
5,Player 1,1530,Oxford Street,6,330,
5,Player 2,1555,Bow Street,2,1095,
6,Player 1,1530,Mayfair,6,330,
6,Player 2,1775,Leicester Square,4,735,
7,Player 1,1752,Chance,6,552,
7,Player 1,1752,Mayfair,6,552,
7,Player 2,1803,Park Lane,4,763,
8,Player 1,1902,Pentonville Road,6,702,
8,Player 1,1902,Marlborough Street,7,582,
8,Player 2,2003,Kings Cross Station,5,413,
8,Player 2,2003,Bow Street,6,213,
9,Player 1,1902,Chance,7,582,
9,Player 1,1902,Vine Street,7,582,
9,Player 2,2003,Fleet Street,6,213,
10,Player 1,2012,Fleet Street,9,272,
10,Player 2,2003,Regent Street,6,213,
11,Player 1,2192,Community Chest,10,152,
11,Player 1,2142,Mayfair,10,102,
11,Player 2,2203,Super Tax,6,213,
12,Player 1,2282,Kings Cross Station,10,242,
12,Player 1,2257,Jail,10,217,
12,Player 2,2328,Chance,6,338,
13,Player 1,2202,Marlborough Street,10,162,
13,Player 2,2478,Marylebone Station,6,288,
13,Player 2,2588,Free Parking,7,198,
14,Player 1,2202,Piccadilly,10,162,
14,Player 2,2770,Leicester Square,8,100,
15,Player 1,2224,Chance,10,184,
15,Player 2,2748,Bond Street,8,78,
16,Player 1,2552,Kings Cross Station,10,512,
16,Player 2,2970,Whitechapel Road,8,300,
17,Player 1,2403,Marylebone Station,10,363,
17,Player 2,3020,Pall Mall,9,290,
17,Player 2,3020,Vine Street,10,150,
18,Player 1,2369,Coventry Street,10,329,
18,Player 1,2551,Community Chest,11,251,
18,Player 2,3004,Coventry Street,10,134,
19,Player 1,2673,Old Kent Road,11,373,
19,Player 1,2673,Chance,12,313,
19,Player 1,2673,Jail,12,313,
19,Player 2,2982,Chance,10,112,
19,Player 2,2982,GO,10,112,
20,Player 1,2673,Jail,12,313,
20,Player 2,2982,Pentonville Road,10,112,
21,Player 1,2631,Marlborough Street,12,271,
21,Player 2,2974,Community Chest,10,104,
21,Player 2,2974,Jail,10,104,
22,Player 1,2631,The Strand,12,271,
22,Player 2,2974,Jail,10,104,
23,Player 1,2807,Go To Jail,13,227,
23,Player 1,2807,Jail,13,227,
23,Player 2,2924,Marylebone Station,10,54,
24,Player 1,2807,Jail,13,227,
24,Player 2,2924,Community Chest,10,54,
24,Player 2,2934,Trafalgar Square,10,64,
25,Player 1,2973,Northumberland Avenue,14,153,
25,Player 1,2961,The Strand,14,141,
25,Player 2,2946,Community Chest,10,76,
25,Player 2,2946,GO,10,76,
26,Player 1,2961,Piccadilly,14,141,
26,Player 2,2968,Euston Road,10,98,
26,Player 2,2968,Vine Street,10,98,
27,Player 1,3005,Chance,15,85,
27,Player 1,3005,Pall Mall,15,85,
27,Player 2,2962,Trafalgar Square,10,92,
28,Player 1,3035,Bow Street,15,115,
28,Player 2,2936,Water Works,10,66,
29,Player 1,3128,The Strand,16,58,
29,Player 2,2936,Oxford Street,10,66,
30,Player 1,3128,Trafalgar Square,16,58,
30,Player 2,3136,GO,10,266,
31,Player 1,3128,Liverpool Street,16,58,
31,Player 2,3306,Chance,11,236,
32,Player 1,3328,GO,16,258,
32,Player 2,3286,Vine Street,11,216,
32,Player 2,3270,Coventry Street,11,200,
33,Player 1,3366,Chance,16,296,
33,Player 2,3248,Chance,11,178,
33,Player 2,3248,Kings Cross Station,11,178,
34,Player 1,3216,Pentonville Road,16,146,
34,Player 1,3216,Electric Company ,16,146,
34,Player 2,3248,Pall Mall,11,178,
35,Player 1,3267,Bow Street,17,47,
35,Player 2,3262,Vine Street,11,192,
36,Player 1,3269,Vine Street,17,49,
36,Player 2,3246,Water Works,11,176,
37,Player 1,3359,The Strand,17,139,
37,Player 1,3359,Regent Street,17,139,
37,Player 2,3156,Bond Street,11,86,
38,Player 1,3387,Bond Street,17,167,
38,Player 2,3328,Old Kent Road,11,258,
39,Player 1,3389,Mayfair,17,169,
39,Player 2,3386,Electric Company ,12,256,
40,Player 1,3539,The Angel Islington,16,379,
40,Player 2,3276,The Strand,12,146,
41,Player 1,3443,Community Chest,16,283,
41,Player 2,3240,Leicester Square,12,110,
42,Player 1,3444,Chance,16,284,
42,Player 2,3240,Regent Street,12,110,
43,Player 1,3455,Coventry Street,16,295,
43,Player 2,3214,Chance,12,84,
43,Player 2,3214,Marylebone Station,12,84,
44,Player 1,3455,Community Chest,16,295,
44,Player 1,3455,Electric Company ,16,295,
44,Player 2,3214,Free Parking,12,84,
45,Player 1,3455,Free Parking,16,295,
45,Player 2,3214,Leicester Square,12,84,
46,Player 1,3455,Fenchurch St Station,16,295,
46,Player 2,3214,Community Chest,12,84,
47,Player 1,3455,Oxford Street,16,295,
47,Player 2,3460,GO,12,330,
48,Player 1,3429,Super Tax,16,269,
48,Player 1,3529,Euston Road,16,369,
48,Player 2,3460,The Angel Islington,12,330,
48,Player 2,3448,Electric Company ,12,318,
49,Player 1,3601,Whitehall ,16,291,
49,Player 2,3388,Vine Street,12,258,
50,Player 1,3617,Vine Street,16,307,
50,Player 2,3372,Fleet Street,12,242,
51,Player 1,3653,Coventry Street,16,343,
51,Player 2,3336,Water Works,12,206,
52,Player 1,3703,Bond Street,16,393,
52,Player 2,3286,Park Lane,12,156,
53,Player 1,3703,Mayfair,16,393,
53,Player 2,4086,Income Tax,12,356,
54,Player 1,3573,Pentonville Road,16,263,
54,Player 2,3886,Electric Company ,12,156,
55,Player 1,3598,Bow Street,16,288,
55,Player 2,3820,Free Parking,12,90,
56,Player 1,3584,Leicester Square,16,274,
56,Player 2,3820,Fleet Street,12,90,
57,Player 1,3620,Park Lane,16,310,
57,Player 2,4484,Piccadilly,12,454,
58,Player 1,3590,Chance,16,280,
58,Player 1,3640,Vine Street,16,330,
58,Player 1,3640,Fenchurch St Station,16,330,
58,Player 2,4684,GO,12,454,
59,Player 1,3519,Oxford Street,16,209,
59,Player 2,3910,Pentonville Road,12,280,
60,Player 1,3509,Super Tax,16,199,
60,Player 2,3894,Bow Street,12,264,
61,Player 1,3609,Chance,16,299,
61,Player 2,3894,Fenchurch St Station,12,264,
62,Player 1,3532,Marylebone Station,16,222,
62,Player 2,3969,Oxford Street,12,339,
63,Player 1,3432,Free Parking,16,122,
63,Player 2,4169,Community Chest,12,539,
63,Player 2,4194,Electric Company ,12,564,
63,Player 2,4094,Jail,12,464,
64,Player 1,3532,Coventry Street,16,222,
64,Player 2,3294,Jail,12,264,
65,Player 1,3532,Bond Street,16,222,
65,Player 2,3244,Community Chest,12,214,
65,Player 2,3244,Old Kent Road,12,214,
66,Player 1,3732,Old Kent Road,16,422,
66,Player 2,3494,The Angel Islington,12,464,
67,Player 1,3494,Jail,16,184,
67,Player 2,3482,Northumberland Avenue,12,452,
67,Player 2,3482,Vine Street,12,452,
68,Player 1,3494,Community Chest,16,184,
68,Player 2,3472,Fenchurch St Station,12,442,
69,Player 1,3529,Leicester Square,16,219,
69,Player 2,3447,Piccadilly,12,417,
69,Player 2,3447,Bond Street,12,417,
70,Player 1,3529,Piccadilly,16,219,
70,Player 2,3469,Mayfair,12,439,
71,Player 1,3507,Chance,16,197,
71,Player 2,3669,The Angel Islington,12,639,
72,Player 1,3679,Income Tax,16,369,
72,Player 1,3479,Electric Company ,16,169,
72,Player 2,3657,Marylebone Station,12,627,
73,Player 1,3479,The Strand,16,169,
73,Player 2,3657,Trafalgar Square,12,627,
74,Player 1,3579,Go To Jail,16,269,
74,Player 1,3579,Jail,16,269,
74,Player 2,3557,Water Works,12,527,
75,Player 1,3619,Jail,16,309,
75,Player 2,3517,Community Chest,12,487,
76,Player 1,3569,Marylebone Station,16,259,
76,Player 2,4017,Old Kent Road,12,987,
77,Player 1,3469,Trafalgar Square,16,159,
77,Player 2,4017,Euston Road,12,987,
78,Player 1,3481,Water Works,16,171,
78,Player 2,4005,Vine Street,12,975,
79,Player 1,3481,Chance,16,171,
79,Player 1,3481,Mayfair,16,171,
79,Player 1,0,Mayfair,0,0,
1,Player 1,1500,Chance,0,1500,
1,Player 1,1500,Marylebone Station,0,1500,
1,Player 2,1500,Chance,0,1500,
1,Player 2,1500,Income Tax,0,1500,
2,Player 1,1500,Trafalgar Square,1,1300,
2,Player 2,1350,Pall Mall,0,1350,
3,Player 1,1500,Regent Street,2,1060,
3,Player 2,1273,Vine Street,1,1133,
4,Player 1,1700,Community Chest,3,960,
4,Player 2,1163,Piccadilly,2,823,
4,Player 2,1163,Super Tax,3,543,
5,Player 1,1710,The Angel Islington,3,970,
5,Player 2,1263,Chance,3,643,
6,Player 1,1710,Pall Mall,4,870,
6,Player 2,1104,Vine Street,3,484,
6,Player 2,1104,Piccadilly,3,484,
7,Player 1,1700,The Strand,4,860,
7,Player 2,1104,Super Tax,3,484,
8,Player 1,1700,Fenchurch St Station,5,640,
8,Player 1,1700,Oxford Street,6,440,
8,Player 2,1204,Income Tax,3,584,
9,Player 1,1820,Mayfair,7,260,
9,Player 2,1344,Whitehall ,4,324,
10,Player 1,2020,Whitechapel Road,7,460,
10,Player 2,1344,Fleet Street,5,184,
11,Player 1,2152,Electric Company ,9,312,
11,Player 2,1344,Water Works,5,184,
12,Player 1,2152,The Strand,10,162,
12,Player 2,1388,Liverpool Street,6,78,
13,Player 1,2312,Leicester Square,11,122,
13,Player 2,1588,Community Chest,6,278,
14,Player 1,2520,Community Chest,12,70,
14,Player 2,1608,Pentonville Road,6,298,
15,Player 1,2670,Income Tax,12,220,
15,Player 2,1608,Marlborough Street,7,178,
16,Player 1,2470,Pall Mall,12,20,
16,Player 2,1780,Leicester Square,8,170,
17,Player 1,2460,Marlborough Street,12,10,
17,Player 2,1794,Oxford Street,8,184,
18,Player 1,2572,Trafalgar Square,12,122,
18,Player 1,2572,Go To Jail,12,122,
18,Player 1,2572,Jail,12,122,
18,Player 2,1768,Mayfair,8,158,
19,Player 1,2572,Jail,12,122,
19,Player 2,1968,Euston Road,8,358,
20,Player 1,2522,Community Chest,12,72,
20,Player 1,2522,Water Works,12,72,
20,Player 2,1996,Bow Street,9,286,
21,Player 1,2494,Chance,12,44,
21,Player 1,2494,Pall Mall,12,44,
21,Player 1,2484,Marlborough Street,12,34,
21,Player 2,2034,Chance,10,144,
22,Player 1,2456,Trafalgar Square,12,6,
22,Player 2,2034,Water Works,10,144,
22,Player 2,2034,Liverpool Street,10,144,
23,Player 1,2556,Go To Jail,12,106,
23,Player 1,2556,Jail,12,106,
23,Player 1,2556,Electric Company ,12,106,
23,Player 2,2134,Income Tax,10,244,
24,Player 1,2556,Electric Company ,12,106,
24,Player 2,1934,Pall Mall,10,44,
25,Player 1,2506,Marlborough Street,12,56,
25,Player 1,2478,Coventry Street,12,28,
25,Player 2,2196,Marlborough Street,11,46,
26,Player 1,2478,Bond Street,12,28,
26,Player 2,2196,Leicester Square,11,46,
26,Player 2,2196,Oxford Street,11,46,
27,Player 1,2704,GO,12,254,
27,Player 2,2370,Old Kent Road,11,220,
28,Player 1,2704,Kings Cross Station,12,254,
28,Player 2,2370,Pall Mall,12,160,
29,Player 1,2824,Electric Company ,13,174,
29,Player 2,2370,Community Chest,12,160,
29,Player 2,2270,Trafalgar Square,12,60,
30,Player 1,2864,Community Chest,13,214,
30,Player 2,2230,Bond Street,12,20,
31,Player 1,3202,Fenchurch St Station,14,232,
31,Player 1,3202,Community Chest,14,232,
31,Player 2,2430,Community Chest,12,220,
32,Player 1,3420,GO,14,450,
32,Player 2,2530,Pall Mall,12,320,
33,Player 1,3310,Euston Road,14,340,
33,Player 2,2536,Vine Street,12,326,
34,Player 1,3304,Northumberland Avenue,14,334,
34,Player 2,2536,Fleet Street,12,326,
35,Player 1,3304,Fleet Street,15,174,
35,Player 2,2536,Oxford Street,12,326,
36,Player 1,3356,Go To Jail,15,226,
36,Player 1,3356,Jail,15,226,
36,Player 2,2684,Old Kent Road,12,474,
37,Player 1,3356,Jail,15,226,
37,Player 2,2684,Whitehall ,12,174,
37,Player 2,2684,Free Parking,12,174,
38,Player 1,3306,Marlborough Street,15,176,
38,Player 2,2754,Trafalgar Square,12,144,
39,Player 1,3276,Fenchurch St Station,15,146,
39,Player 2,2714,Community Chest,12,104,
39,Player 2,2714,Jail,12,104,
40,Player 1,3276,Bond Street,15,146,
40,Player 2,2714,Jail,12,104,
41,Player 1,3476,Community Chest,15,346,
41,Player 2,2664,Free Parking,12,54,
41,Player 2,2664,Water Works,12,54,
41,Player 2,2664,Mayfair,12,54,
42,Player 1,3426,Euston Road,15,296,
42,Player 2,2870,Chance,12,260,
43,Player 1,3420,Bow Street,15,290,
43,Player 1,3350,The Strand,15,220,
43,Player 2,2790,Vine Street,12,180,
43,Player 2,2790,Leicester Square,12,180,
44,Player 1,3350,Regent Street,15,220,
44,Player 2,2790,Community Chest,12,180,
44,Player 2,2790,Old Kent Road,12,180,
45,Player 1,3350,Park Lane,15,220,
45,Player 2,3020,Pall Mall,13,60,
46,Player 1,3550,GO,15,420,
46,Player 2,3020,Vine Street,13,60,
46,Player 2,3020,Water Works,13,60,
47,Player 1,3440,Whitechapel Road,15,310,
47,Player 2,3020,Bond Street,13,60,
48,Player 1,3496,Pentonville Road,15,366,
48,Player 2,3172,GO,13,212,
49,Player 1,3488,Electric Company ,15,358,
49,Player 2,3172,The Angel Islington,13,112,
50,Player 1,3494,Fleet Street,15,364,
50,Player 2,3166,Marylebone Station,13,106,
51,Player 1,3573,Go To Jail,15,243,
51,Player 1,3573,Jail,15,243,
51,Player 2,2986,Chance,13,26,
52,Player 1,3573,Jail,15,243,
52,Player 2,3136,Piccadilly,13,176,
53,Player 1,3523,Northumberland Avenue,15,193,
53,Player 2,3336,GO,13,376,
54,Player 1,3523,Free Parking,15,193,
54,Player 1,3523,Piccadilly,15,193,
54,Player 2,3281,Jail,13,121,
55,Player 1,3501,Liverpool Street,15,171,
55,Player 2,3281,Marlborough Street,13,121,
56,Player 1,3701,Whitechapel Road,15,371,
56,Player 1,3701,Electric Company ,15,371,
56,Player 2,3281,Fenchurch St Station,13,121,
57,Player 1,3758,The Strand,15,228,
57,Player 2,3101,Go To Jail,13,41,
57,Player 2,3101,Jail,13,41,
58,Player 1,3758,Community Chest,15,228,
58,Player 1,4158,Community Chest,15,628,
58,Player 2,3041,Jail,12,41,
59,Player 1,3643,Pentonville Road,16,53,
59,Player 2,3049,Jail,12,49,
60,Player 1,3635,Electric Company ,16,45,
60,Player 2,3049,Jail,12,49,
61,Player 1,3635,Trafalgar Square,16,45,
61,Player 1,3635,Liverpool Street,16,45,
61,Player 2,3049,Jail,12,49,
62,Player 1,3835,Whitechapel Road,16,245,
62,Player 2,3049,Free Parking,12,49,
62,Player 2,3049,Water Works,12,49,
63,Player 1,3835,Pall Mall,16,245,
63,Player 2,3249,GO,12,249,
63,Player 2,3249,Income Tax,12,249,
63,Player 2,3049,Jail,12,49,
64,Player 1,3835,Community Chest,16,245,
64,Player 1,3835,GO,16,245,
64,Player 1,3835,Chance,16,245,
64,Player 1,3835,Jail,16,245,
64,Player 2,3049,Community Chest,12,49,
65,Player 1,3825,Jail,16,235,
65,Player 2,3059,Water Works,12,59,
66,Player 1,3775,Community Chest,16,185,
66,Player 2,3059,Bond Street,12,59,
67,Player 1,3935,Fenchurch St Station,16,345,
67,Player 1,3935,Regent Street,16,345,
67,Player 2,3129,The Angel Islington,12,229,
67,Player 2,3123,Electric Company ,12,223,
68,Player 1,3965,Park Lane,16,375,
68,Player 2,3134,Trafalgar Square,12,234,
68,Player 2,3094,Piccadilly,12,194,
69,Player 1,4170,Kings Cross Station,16,580,
69,Player 2,3094,Bond Street,12,194,
70,Player 1,4320,Bow Street,16,380,
70,Player 2,3144,Super Tax,12,244,
71,Player 1,4120,The Strand,16,180,
71,Player 2,3244,Euston Road,12,344,
71,Player 2,3244,Northumberland Avenue,12,344,
72,Player 1,4132,Go To Jail,16,192,
72,Player 1,4132,Jail,16,192,
72,Player 2,3155,Free Parking,12,255,
73,Player 1,4132,Jail,16,192,
73,Player 2,3155,Piccadilly,12,255,
74,Player 1,4082,Free Parking,16,142,
74,Player 1,4082,Piccadilly,16,142,
74,Player 2,3177,Oxford Street,12,277,
75,Player 1,4190,Bond Street,16,250,
75,Player 2,3047,Mayfair,12,147,
76,Player 1,4390,Old Kent Road,16,450,
76,Player 2,3247,Euston Road,12,347,
77,Player 1,4390,Chance,16,250,
77,Player 2,3247,Marylebone Station,12,347,
78,Player 1,4690,Pall Mall,16,350,
78,Player 1,4680,Bow Street,16,340,
78,Player 2,3257,Trafalgar Square,12,357,
79,Player 1,4580,The Strand,16,240,
79,Player 2,3157,Bond Street,12,257,
79,Player 2,3217,Community Chest,12,317,
79,Player 2,3237,Pentonville Road,12,337,
80,Player 1,5030,Trafalgar Square,16,190,
80,Player 2,3160,Marlborough Street,12,260,
81,Player 1,5030,Piccadilly,16,190,
81,Player 2,3160,Fenchurch St Station,12,260,
82,Player 1,5230,Bond Street,16,390,
82,Player 2,2960,Oxford Street,12,60,
83,Player 1,5820,Whitechapel Road,16,580,
83,Player 2,3280,Community Chest,12,380,
84,Player 1,5820,Euston Road,16,230,
84,Player 2,3159,Pentonville Road,12,259,
85,Player 1,5814,Bow Street,16,224,
85,Player 2,3249,Electric Company ,12,349,
86,Player 1,5626,Trafalgar Square,16,36,
86,Player 2,3237,The Strand,12,337,
87,Player 1,5716,Piccadilly,16,126,
87,Player 2,3147,Go To Jail,12,247,
87,Player 2,3147,Jail,12,247,
88,Player 1,5716,Super Tax,16,126,
88,Player 2,3147,Jail,12,247,
89,Player 1,5816,Community Chest,16,226,
89,Player 1,5816,Electric Company ,16,226,
89,Player 2,3097,Bow Street,12,197,
90,Player 1,5816,Community Chest,16,226,
90,Player 2,3097,Trafalgar Square,12,197,
91,Player 1,6016,The Strand,16,226,
91,Player 1,6016,Coventry Street,16,226,
91,Player 2,2989,Piccadilly,12,89,
92,Player 1,5994,Community Chest,16,204,
92,Player 2,2989,Oxford Street,12,89,
93,Player 1,6944,Park Lane,16,354,
93,Player 2,2839,Super Tax,12,39,
94,Player 1,7109,Old Kent Road,16,519,
94,Player 2,3039,The Angel Islington,12,239,
95,Player 1,6315,Pall Mall,16,325,
95,Player 1,6315,The Strand,16,325,
95,Player 2,2978,Marylebone Station,12,178,
96,Player 1,5715,Community Chest,16,325,
96,Player 1,6015,Community Chest,16,625,
96,Player 2,2848,The Strand,12,48,
97,Player 1,5565,Pall Mall,16,225,
97,Player 2,2908,Go To Jail,12,108,
97,Player 2,2908,Jail,12,108,
98,Player 1,5565,Bow Street,16,225,
98,Player 2,3042,Jail,12,242,
99,Player 1,5365,Fleet Street,16,25,
99,Player 2,2992,Bow Street,12,192,
100,Player 1,5365,Leicester Square,16,25,
100,Player 2,2992,Leicester Square,12,192,
101,Player 1,5387,Liverpool Street,16,47,
101,Player 2,2970,Oxford Street,12,170,
102,Player 1,5062,Income Tax,16,422,
102,Player 2,2665,Chance,12,65,
102,Player 2,2665,Mayfair,12,65,
103,Player 1,4862,Whitehall ,16,222,
103,Player 2,2865,The Angel Islington,12,265,
104,Player 1,4868,Vine Street,16,228,
104,Player 2,2804,Electric Company ,12,204,
105,Player 1,4892,Chance,16,252,
105,Player 2,2780,Chance,12,180,
105,Player 2,2780,Marylebone Station,12,180,
106,Player 1,4742,Go To Jail,16,402,
106,Player 1,4742,Jail,16,402,
106,Player 2,2650,Trafalgar Square,12,50,
107,Player 1,4492,Jail,17,2,
107,Player 1,4492,Bow Street,17,2,
107,Player 2,2483,Go To Jail,11,133,
107,Player 2,2483,Jail,11,133,
107,Player 2,2483,Marlborough Street,11,133,
108,Player 1,4564,Fleet Street,17,74,
108,Player 2,2483,Marlborough Street,11,133,
109,Player 1,4564,Oxford Street,17,74,
109,Player 2,2433,Trafalgar Square,11,83,
110,Player 1,5472,Mayfair,17,982,
110,Player 2,2508,Water Works,11,158,
111,Player 1,5712,Pall Mall,17,1222,
111,Player 1,5712,Vine Street,17,1222,
111,Player 2,2468,Bond Street,11,118,
111,Player 2,0,Bond Street,0,0,
1,Player 3,1500,Euston Road,0,1500,
1,Player 2,1500,Euston Road,0,1500,
1,Player 1,1500,Pentonville Road,0,1500,
2,Player 3,1506,Bow Street,1,1406,
2,Player 2,1494,Vine Street,0,1494,
2,Player 1,1500,Community Chest,1,1380,
2,Player 1,1520,Chance,1,1400,
3,Player 3,1496,Fleet Street,2,1216,
3,Player 2,1484,Fenchurch St Station,1,1284,
3,Player 1,1620,Oxford Street,1,1500,
4,Player 3,1496,Liverpool Street,3,996,
4,Player 3,1696,Income Tax,4,996,
4,Player 2,1484,Regent Street,2,1084,
4,Player 1,1620,Chance,2,1200,
4,Player 1,1620,Mayfair,2,1200,
5,Player 3,1527,Pall Mall,4,827,
5,Player 2,1319,Liverpool Street,3,619,
5,Player 2,1494,Kings Cross Station,3,794,
5,Player 1,1600,Euston Road,3,780,
6,Player 3,1558,Chance,5,718,
6,Player 2,1494,Marylebone Station,4,594,
6,Player 1,1594,Northumberland Avenue,3,774,
6,Player 1,1594,Trafalgar Square,4,614,
7,Player 3,1608,Go To Jail,5,768,
7,Player 3,1608,Jail,5,768,
7,Player 2,1494,Vine Street,5,394,
7,Player 1,1594,Regent Street,5,374,
8,Player 3,1608,Jail,5,768,
8,Player 2,1520,The Strand,5,420,
8,Player 2,1520,Water Works,5,420,
8,Player 1,1568,Park Lane,5,348,
9,Player 3,1663,Marlborough Street,7,253,
9,Player 2,1520,Liverpool Street,6,270,
9,Player 1,1786,Whitechapel Road,6,386,
9,Player 1,1786,Chance,7,326,
9,Player 1,1786,Marylebone Station,7,326,
10,Player 3,1688,Coventry Street,7,278,
10,Player 2,1912,Kings Cross Station,7,402,
10,Player 1,1686,Marlborough Street,7,226,
11,Player 3,1688,Liverpool Street,7,278,
11,Player 2,1912,Electric Company ,7,402,
11,Player 1,1686,The Strand,7,226,
12,Player 3,1906,GO,7,496,
12,Player 2,1912,Chance,8,252,
12,Player 1,1668,Coventry Street,7,208,
13,Player 3,1906,Electric Company ,7,496,
13,Player 3,1786,The Strand,7,376,
13,Player 2,2034,Piccadilly,8,374,
13,Player 1,1646,Community Chest,7,186,
14,Player 3,1786,Oxford Street,7,376,
14,Player 2,2118,Park Lane,9,178,
14,Player 2,2283,Chance,9,343,
14,Player 1,1682,Park Lane,7,222,
15,Player 3,1830,Mayfair,7,420,
15,Player 2,2283,Pall Mall,9,343,
15,Player 1,1897,Income Tax,7,437,
16,Player 3,1990,Kings Cross Station,7,580,
16,Player 2,2373,Free Parking,9,433,
16,Player 1,1708,Whitehall ,7,248,
17,Player 3,1890,Bow Street,7,480,
17,Player 2,2373,Coventry Street,9,433,
17,Player 1,1708,The Strand,8,108,
18,Player 3,1908,Chance,7,498,
18,Player 3,1908,GO,7,498,
18,Player 2,2373,Super Tax,9,433,
18,Player 1,1690,Go To Jail,8,90,
18,Player 1,1690,Jail,8,90,
19,Player 3,1908,Chance,7,498,
19,Player 3,1908,Marylebone Station,7,498,
19,Player 2,2573,Income Tax,9,633,
19,Player 1,1690,Jail,8,90,
20,Player 3,1808,Chance,7,398,
20,Player 3,1808,Vine Street,7,398,
20,Player 2,2389,Pall Mall,9,449,
20,Player 1,1640,Community Chest,8,40,
21,Player 3,1802,Leicester Square,7,392,
21,Player 2,2444,Community Chest,10,244,
21,Player 1,1660,Leicester Square,8,60,
22,Player 3,1802,Go To Jail,7,392,
22,Player 3,1802,Jail,7,392,
22,Player 2,2394,Chance,10,194,
22,Player 1,1660,Community Chest,8,60,
22,Player 1,1660,Electric Company ,8,60,
23,Player 3,1802,Jail,7,392,
23,Player 2,2449,Trafalgar Square,10,249,
23,Player 2,2449,Regent Street,10,249,
23,Player 1,1650,Community Chest,8,50,
24,Player 3,1752,Whitehall ,7,342,
24,Player 2,2449,Liverpool Street,10,249,
24,Player 1,1620,Fenchurch St Station,8,20,
25,Player 3,1767,Free Parking,7,357,
25,Player 2,2724,The Angel Islington,10,524,
25,Player 1,1730,Water Works,8,130,
26,Player 3,1767,Regent Street,7,357,
26,Player 2,2780,Marlborough Street,11,330,
26,Player 2,2766,Fleet Street,11,316,
26,Player 1,1714,Mayfair,8,114,
27,Player 3,1759,Liverpool Street,7,349,
27,Player 2,2748,Coventry Street,11,298,
27,Player 1,1914,Euston Road,8,314,
28,Player 3,1965,Community Chest,7,555,
28,Player 2,2748,Park Lane,11,298,
28,Player 2,2913,Community Chest,11,463,
28,Player 1,1842,Marlborough Street,8,242,
29,Player 3,2050,Kings Cross Station,7,640,
29,Player 2,2970,Jail,11,370,
29,Player 2,2970,Community Chest,11,370,
29,Player 1,1842,Water Works,8,242,
29,Player 1,1742,Oxford Street,8,142,
30,Player 3,1950,Jail,7,540,
30,Player 2,3170,Coventry Street,11,270,
30,Player 2,3170,Bond Street,11,270,
30,Player 1,1742,Chance,8,142,
30,Player 1,1742,Pall Mall,8,142,
31,Player 3,2104,Marylebone Station,8,374,
31,Player 2,3270,Super Tax,11,220,
31,Player 1,1732,Marylebone Station,8,132,
31,Player 1,1632,The Strand,8,32,
32,Player 3,2022,Vine Street,8,292,
32,Player 2,3486,Income Tax,11,436,
32,Player 1,1614,Piccadilly,8,14,
32,Player 1,1614,Community Chest,8,14,
32,Player 1,1614,Jail,8,14,
33,Player 3,2006,Fenchurch St Station,8,276,
33,Player 2,3386,Bow Street,11,186,
33,Player 2,3372,Fenchurch St Station,11,172,
33,Player 1,1614,Jail,8,14,
33,Player 1,1614,Marlborough Street,8,14,
34,Player 3,1920,Regent Street,8,190,
34,Player 2,3398,Community Chest,11,198,
34,Player 2,3348,Chance,11,148,
34,Player 1,1614,Coventry Street,8,14,
35,Player 3,1894,Super Tax,8,164,
35,Player 2,3538,Super Tax,11,188,
35,Player 2,3638,GO,11,288,
35,Player 2,3638,Whitechapel Road,11,288,
35,Player 1,1698,Community Chest,8,98,
35,Player 1,1698,Old Kent Road,8,98,
36,Player 3,1994,Income Tax,8,264,
36,Player 2,3634,Jail,11,284,
36,Player 1,1698,Jail,9,38,
37,Player 3,1795,Pall Mall,8,65,
37,Player 2,3634,The Strand,11,284,
37,Player 1,1698,Marlborough Street,9,38,
37,Player 1,1698,Trafalgar Square,9,38,
38,Player 3,1813,Marlborough Street,8,83,
38,Player 2,3616,Leicester Square,11,266,
38,Player 1,1712,Bond Street,9,52,
38,Player 1,1684,Park Lane,9,24,
39,Player 3,1862,Water Works,8,132,
39,Player 3,1762,Mayfair,8,32,
39,Player 2,3716,Bond Street,11,216,
39,Player 1,1909,Euston Road,9,249,
40,Player 3,1996,Chance,8,266,
40,Player 2,3888,Community Chest,11,388,
40,Player 2,4088,Pall Mall,11,588,
40,Player 1,1837,Northumberland Avenue,9,177,
41,Player 3,1856,Northumberland Avenue,8,126,
41,Player 2,3968,Bow Street,11,168,
41,Player 1,1849,Trafalgar Square,9,189,
42,Player 3,1858,Chance,8,128,
42,Player 3,2008,Go To Jail,8,278,
42,Player 3,2008,Jail,8,278,
42,Player 2,3954,Free Parking,11,154,
42,Player 2,3954,Leicester Square,11,154,
42,Player 2,3954,Community Chest,11,154,
42,Player 1,1849,Bond Street,9,189,
43,Player 3,2036,Jail,8,306,
43,Player 2,4179,GO,11,379,
43,Player 1,1821,Park Lane,9,161,
44,Player 3,2021,Bow Street,8,291,
44,Player 2,4179,Kings Cross Station,11,229,
44,Player 1,1786,Mayfair,9,126,
44,Player 1,1986,Whitechapel Road,9,326,
45,Player 3,2021,Free Parking,8,291,
45,Player 3,2021,Fenchurch St Station,8,291,
45,Player 2,4279,Electric Company ,11,179,
45,Player 1,1986,Electric Company ,9,326,
46,Player 3,1921,Park Lane,8,191,
46,Player 3,2121,Euston Road,8,391,
46,Player 2,4369,Marylebone Station,11,269,
46,Player 1,1896,Marylebone Station,9,236,
47,Player 3,2121,Northumberland Avenue,8,391,
47,Player 3,2109,Marlborough Street,8,379,
47,Player 3,2095,Trafalgar Square,8,365,
47,Player 2,3869,Vine Street,11,219,
47,Player 2,3869,Leicester Square,11,219,
47,Player 1,1822,Fleet Street,9,162,
48,Player 3,2113,Bond Street,8,383,
48,Player 2,3869,Chance,11,219,
48,Player 2,3869,Jail,11,219,
48,Player 1,1804,Regent Street,9,144,
49,Player 3,2113,Chance,8,383,
49,Player 3,2413,Whitechapel Road,8,683,
49,Player 2,3895,Jail,11,245,
49,Player 1,1782,Chance,9,122,
49,Player 1,1782,Mayfair,9,122,
50,Player 3,2409,Whitehall ,8,679,
50,Player 2,3845,Marylebone Station,11,195,
50,Player 1,1992,Jail,9,332,
51,Player 3,2399,Chance,8,669,
51,Player 2,3845,Fenchurch St Station,11,195,
51,Player 1,1992,Northumberland Avenue,9,332,
52,Player 3,2449,Water Works,8,719,
52,Player 2,3905,Regent Street,11,255,
52,Player 1,1992,The Strand,9,332,
53,Player 3,2407,Liverpool Street,8,677,
53,Player 2,3905,Bond Street,11,255,
53,Player 1,1974,Water Works,9,314,
54,Player 3,2635,Community Chest,8,905,
54,Player 3,2635,GO,8,905,
54,Player 2,4147,Whitechapel Road,11,497,
54,Player 1,1908,Community Chest,9,248,
55,Player 3,2625,Jail,8,895,
55,Player 3,2625,The Strand,8,895,
55,Player 2,2933,Euston Road,11,183,
55,Player 1,2128,Old Kent Road,9,468,
56,Player 3,2631,Fenchurch St Station,8,901,
56,Player 2,3027,Bow Street,11,277,
56,Player 1,1996,Euston Road,9,336,
57,Player 3,2551,Community Chest,8,821,
57,Player 2,3013,Trafalgar Square,11,263,
57,Player 1,2010,Marlborough Street,9,350,
58,Player 3,2761,GO,8,1031,
58,Player 2,2993,Regent Street,11,243,
58,Player 1,2010,Coventry Street,9,350,
59,Player 3,2761,Kings Cross Station,8,1031,
59,Player 2,4089,Mayfair,11,1339,
59,Player 1,1690,Bond Street,9,30,
60,Player 3,2689,Electric Company ,8,959,
60,Player 2,4359,Chance,11,1609,
60,Player 2,4359,Marylebone Station,11,1609,
60,Player 1,1862,Income Tax,9,202,
61,Player 3,2619,Bow Street,8,889,
61,Player 3,2619,Fleet Street,8,889,
61,Player 2,4359,Fenchurch St Station,11,1609,
61,Player 1,1676,Northumberland Avenue,9,16,
61,Player 1,1676,Vine Street,9,16,
62,Player 3,2619,Oxford Street,8,889,
62,Player 2,4375,Oxford Street,11,1625,
62,Player 1,1660,Coventry Street,9,0,
62,Player 1,0,Coventry Street,0,0,
62,Player 1,0,Community Chest,0,0,
63,Player 3,2819,Old Kent Road,8,1089,
63,Player 2,4972,Liverpool Street,20,462,
64,Player 3,2594,Whitehall ,8,864,
64,Player 3,2584,Vine Street,8,854,
64,Player 2,4973,Park Lane,20,463,
64,Player 2,5138,Kings Cross Station,20,628,
65,Player 3,2603,Coventry Street,8,873,
65,Player 2,4988,Pall Mall,21,78,
65,Player 2,4978,The Strand,21,68,
66,Player 3,1731,Liverpool Street,7,101,
66,Player 2,4960,Go To Jail,21,50,
66,Player 2,4960,Jail,21,50,
67,Player 3,1931,GO,7,301,
67,Player 2,4960,Jail,21,50,
67,Player 2,4960,Bow Street,21,50,
68,Player 3,1931,Whitechapel Road,7,301,
68,Player 2,5155,Vine Street,21,395,
69,Player 3,1681,Chance,7,51,
69,Player 3,1661,Marlborough Street,7,31,
69,Player 2,5169,Fleet Street,21,409,
69,Player 2,5169,Oxford Street,21,409,
70,Player 3,1647,Leicester Square,7,17,
70,Player 3,0,Leicester Square,0,0,
70,Player 3,0,Oxford Street,0,0,
70,Player 3,0,Oxford Street,0,0,
