1,Player 1,1500,Euston Road,0,1500,
1,Player 2,1500,Kings Cross Station,0,1500,
2,Player 1,1500,Community Chest,1,1400,
2,Player 2,1500,Whitehall ,1,1300,
3,Player 1,1700,Fleet Street,1,1600,
3,Player 2,1500,Marylebone Station,2,1160,
3,Player 2,1500,The Strand,3,960,
3,Player 2,1500,Trafalgar Square,4,740,
4,Player 1,1700,Community Chest,2,1380,
4,Player 2,1390,Oxford Street,5,390,
5,Player 1,2070,Community Chest,3,1450,
5,Player 2,1590,Community Chest,5,590,
5,Player 2,1610,Pall Mall,5,610,
6,Player 1,2080,Whitehall ,3,1460,
6,Player 2,1620,Vine Street,6,480,
7,Player 1,2070,Free Parking,3,1450,
7,Player 2,1620,Water Works,7,280,
8,Player 1,2070,Leicester Square,3,1450,
8,Player 2,1620,Mayfair,8,130,
9,Player 1,2247,Community Chest,5,967,
9,Player 2,1810,Euston Road,8,320,
10,Player 1,2463,Income Tax,5,1183,
10,Player 2,1804,Community Chest,8,314,
11,Player 1,2263,Marylebone Station,5,983,
11,Player 2,1804,Fleet Street,8,314,
12,Player 1,2231,Trafalgar Square,5,951,
12,Player 2,1806,Oxford Street,8,316,
13,Player 1,2237,Oxford Street,5,957,
13,Player 2,1780,Super Tax,8,290,
14,Player 1,2437,Old Kent Road,5,1157,
14,Player 2,1880,Euston Road,8,390,
15,Player 1,2443,Whitehall ,6,1103,
15,Player 1,2433,The Strand,6,1093,
15,Player 1,2415,Regent Street,6,1075,
15,Player 2,1792,Community Chest,8,302,
15,Player 2,1792,Old Kent Road,8,302,
16,Player 1,2617,Old Kent Road,7,977,
16,Player 2,1790,Pentonville Road,8,300,
17,Player 1,2617,Income Tax,7,977,
17,Player 2,1790,Whitehall ,9,180,
18,Player 1,2417,Jail,7,777,
18,Player 2,1790,Fleet Street,9,180,
19,Player 1,2435,Community Chest,7,795,
19,Player 1,2435,Jail,7,795,
19,Player 2,1772,Regent Street,9,162,
19,Player 2,1946,Whitechapel Road,9,336,
19,Player 2,1946,The Angel Islington,10,276,
20,Player 1,1921,Jail,8,221,
20,Player 2,1886,Whitehall ,10,176,
21,Player 1,1871,Marlborough Street,8,171,
21,Player 2,1985,Community Chest,11,95,
21,Player 2,2085,Trafalgar Square,11,195,
22,Player 1,1871,Leicester Square,8,171,
22,Player 2,2085,Oxford Street,11,195,
22,Player 2,2059,Chance,11,169,
23,Player 1,1897,Community Chest,8,197,
23,Player 1,1897,GO,8,197,
23,Player 2,2109,Old Kent Road,11,219,
24,Player 1,1899,Pentonville Road,8,199,
24,Player 2,2115,The Angel Islington,11,225,
25,Player 1,1891,Community Chest,8,191,
25,Player 1,1841,Chance,8,141,
25,Player 1,1841,Jail,8,141,
25,Player 2,2115,Marylebone Station,11,225,
26,Player 1,1841,Jail,8,141,
26,Player 2,2115,The Strand,11,225,
27,Player 1,1791,Free Parking,8,91,
27,Player 2,2115,Oxford Street,11,225,
28,Player 1,1817,Coventry Street,8,117,
28,Player 2,2484,Whitechapel Road,12,334,
29,Player 1,1821,Park Lane,8,121,
29,Player 1,2021,Kings Cross Station,8,321,
29,Player 2,2794,Pall Mall,13,294,
30,Player 1,1971,Bow Street,8,271,
30,Player 2,2839,Community Chest,14,159,
31,Player 1,1971,Fleet Street,8,271,
31,Player 2,2739,Fenchurch St Station,14,59,
32,Player 1,2131,Regent Street,9,231,
32,Player 1,2131,Super Tax,9,231,
32,Player 2,2739,Bond Street,14,59,
33,Player 1,2519,Chance,10,299,
33,Player 2,2939,Old Kent Road,14,259,
34,Player 1,2511,Marylebone Station,10,291,
34,Player 2,2987,Income Tax,14,307,
35,Player 1,2461,Trafalgar Square,10,241,
35,Player 2,2807,Jail,14,127,
36,Player 1,2441,Community Chest,10,221,
36,Player 2,2807,Bow Street,14,127,
37,Player 1,2666,Whitechapel Road,10,446,
37,Player 2,2807,The Strand,14,127,
38,Player 1,2666,Jail,10,246,
38,Player 2,2807,Piccadilly,14,127,
39,Player 1,2862,Whitehall ,11,162,
39,Player 2,2817,Super Tax,14,137,
40,Player 1,2852,Vine Street,11,152,
40,Player 2,2949,Chance,14,269,
40,Player 2,2949,Mayfair,14,269,
41,Player 1,2870,Fenchurch St Station,11,170,
41,Player 2,3099,The Angel Islington,14,419,
42,Player 1,2870,Park Lane,11,170,
42,Player 1,3070,Income Tax,11,370,
42,Player 2,3000,Marylebone Station,14,320,
43,Player 1,2870,Pall Mall,11,170,
43,Player 2,3010,Trafalgar Square,14,330,
44,Player 1,2860,Free Parking,11,160,
44,Player 2,3010,Oxford Street,14,330,
44,Player 2,2958,Bond Street,14,278,
44,Player 2,2808,Jail,14,128,
45,Player 1,3062,Fenchurch St Station,11,362,
45,Player 2,2808,Jail,14,128,
46,Player 1,3062,Bond Street,11,362,
46,Player 2,2758,Bow Street,14,78,
46,Player 2,2758,Trafalgar Square,14,78,
47,Player 1,3062,Mayfair,11,362,
47,Player 2,2758,Regent Street,14,78,
48,Player 1,3314,Euston Road,11,414,
48,Player 2,2706,Chance,14,26,
49,Player 1,3314,Marylebone Station,11,214,
49,Player 2,2941,Old Kent Road,14,261,
50,Player 1,3266,Fleet Street,11,166,
50,Player 2,2939,Electric Company ,14,259,
51,Player 1,3266,Oxford Street,11,166,
51,Player 2,2939,The Strand,15,109,
52,Player 1,3266,Mayfair,11,166,
52,Player 2,2939,Go To Jail,15,109,
52,Player 2,2939,Jail,15,109,
53,Player 1,3466,Income Tax,11,366,
53,Player 2,2939,Jail,15,109,
54,Player 1,3266,Whitehall ,11,166,
54,Player 2,2899,Vine Street,15,69,
55,Player 1,3256,Marlborough Street,11,156,
55,Player 2,2927,Water Works,15,97,
56,Player 1,3228,Trafalgar Square,11,128,
56,Player 2,2947,Oxford Street,15,117,
56,Player 2,2917,Bond Street,15,87,
56,Player 2,3067,Income Tax,15,237,
57,Player 1,3488,Water Works,11,388,
57,Player 2,2907,Pall Mall,15,77,
58,Player 1,3448,Liverpool Street,11,348,
58,Player 2,2907,Whitehall ,15,77,
58,Player 2,2907,Vine Street,15,77,
59,Player 1,3808,Chance,12,508,
59,Player 1,3733,Community Chest,12,433,
59,Player 2,2907,Water Works,15,77,
60,Player 1,3679,Fleet Street,12,379,
60,Player 1,3679,Piccadilly,12,379,
60,Player 2,2907,Bond Street,15,77,
61,Player 1,3829,Oxford Street,12,329,
61,Player 2,3057,Community Chest,15,227,
61,Player 2,3057,Electric Company ,15,227,
62,Player 1,3829,Chance,12,329,
62,Player 1,3829,Kings Cross Station,12,329,
62,Player 2,3107,Trafalgar Square,15,277,
62,Player 2,3107,Coventry Street,15,277,
63,Player 1,3779,Whitehall ,12,279,
63,Player 2,3117,Park Lane,15,287,
64,Player 1,3769,Chance,12,269,
64,Player 1,3769,Marylebone Station,12,269,
64,Player 2,3367,Whitechapel Road,15,537,
65,Player 1,3723,The Strand,12,223,
65,Player 2,3271,Jail,15,141,
66,Player 1,3705,Go To Jail,12,205,
66,Player 1,3705,Jail,12,205,
66,Player 2,3271,Whitehall ,15,141,
67,Player 1,3705,Jail,12,205,
67,Player 2,3271,Free Parking,15,141,
68,Player 1,3655,Marlborough Street,12,155,
68,Player 2,3341,Go To Jail,15,111,
68,Player 2,3341,Jail,15,111,
69,Player 1,3585,Water Works,12,85,
69,Player 2,3441,Jail,15,111,
70,Player 1,3535,Park Lane,12,35,
70,Player 2,3391,The Strand,15,61,
71,Player 1,3735,Whitechapel Road,12,235,
71,Player 2,3391,Water Works,15,61,
72,Player 1,3680,Whitehall ,12,180,
72,Player 2,3401,Park Lane,15,71,
73,Player 1,3670,Chance,12,170,
73,Player 2,3601,Income Tax,15,271,
74,Player 1,3720,Go To Jail,12,220,
74,Player 1,3720,Jail,12,220,
74,Player 2,3401,Marylebone Station,15,71,
75,Player 1,3720,Jail,12,220,
75,Player 2,3401,Free Parking,15,71,
76,Player 1,3670,Community Chest,12,170,
76,Player 2,3401,Regent Street,15,71,
77,Player 1,4000,Water Works,12,300,
77,Player 2,3681,Community Chest,15,351,
78,Player 1,3890,Bond Street,12,190,
78,Player 2,3621,Jail,15,291,
79,Player 1,4090,Income Tax,12,390,
79,Player 2,3621,Northumberland Avenue,15,291,
79,Player 2,3621,Vine Street,16,131,
80,Player 1,3890,Euston Road,12,190,
80,Player 2,3621,Fenchurch St Station,16,131,
81,Player 1,3940,Northumberland Avenue,12,240,
81,Player 1,3940,Community Chest,12,240,
81,Player 2,3571,Chance,16,81,
81,Player 2,3571,GO,16,81,
82,Player 1,3950,Free Parking,12,250,
82,Player 2,3571,Electric Company ,16,81,
82,Player 2,3571,Marlborough Street,16,81,
83,Player 1,3950,Trafalgar Square,12,250,
83,Player 2,3591,Fenchurch St Station,16,101,
84,Player 1,3980,Bond Street,12,280,
84,Player 2,3541,Regent Street,16,51,
85,Player 1,4370,Super Tax,12,370,
85,Player 2,3731,Old Kent Road,16,241,
86,Player 1,4480,Euston Road,12,480,
86,Player 2,3721,Euston Road,16,231,
87,Player 1,4486,Marylebone Station,12,286,
87,Player 2,3688,Community Chest,16,198,
88,Player 1,4436,Fleet Street,12,236,
88,Player 1,4436,Leicester Square,12,236,
88,Player 2,3708,Leicester Square,16,218,
89,Player 1,4458,Liverpool Street,12,258,
89,Player 2,3686,Regent Street,16,196,
90,Player 1,5048,Old Kent Road,12,348,
90,Player 1,5048,Kings Cross Station,12,348,
90,Player 2,3616,Chance,16,126,
90,Player 2,3616,Community Chest,16,126,
91,Player 1,4988,Northumberland Avenue,12,288,
91,Player 2,3626,Super Tax,16,136,
92,Player 1,4988,Community Chest,12,288,
92,Player 2,3726,Community Chest,16,236,
92,Player 2,3726,Old Kent Road,16,236,
92,Player 2,3696,Euston Road,16,206,
93,Player 1,4974,Fleet Street,12,274,
93,Player 2,3690,Whitehall ,16,200,
94,Player 1,4974,Regent Street,12,274,
94,Player 1,4974,Chance,12,274,
94,Player 2,3690,Community Chest,16,200,
94,Player 2,3690,Jail,16,200,
95,Player 1,4714,The Angel Islington,12,214,
95,Player 2,3696,Jail,16,206,
96,Player 1,4653,Northumberland Avenue,12,153,
96,Player 2,3646,Chance,16,156,
96,Player 2,3646,Pall Mall,16,156,
96,Player 2,3646,The Strand,16,156,
97,Player 1,4653,Chance,12,153,
97,Player 2,3646,Piccadilly,16,156,
98,Player 1,4655,Piccadilly,12,155,
98,Player 2,3624,Chance,16,134,
99,Player 1,4655,Mayfair,12,155,
99,Player 2,3897,The Angel Islington,16,407,
99,Player 2,3897,Northumberland Avenue,16,407,
100,Player 1,4855,Whitechapel Road,12,355,
100,Player 2,3809,Fleet Street,16,119,
101,Player 1,4855,Pall Mall,12,355,
101,Player 2,3829,Community Chest,16,139,
102,Player 1,4835,Marlborough Street,12,335,
102,Player 2,4329,Old Kent Road,16,439,
103,Player 1,4665,Fenchurch St Station,12,165,
103,Player 2,4189,Jail,16,199,
104,Player 1,4665,Regent Street,12,165,
104,Player 2,4189,Whitehall ,16,199,
105,Player 1,4665,Park Lane,12,165,
105,Player 2,4189,Chance,16,199,
106,Player 1,4665,Mayfair,12,165,
106,Player 1,4865,Kings Cross Station,12,365,
106,Player 2,4089,Bond Street,16,99,
106,Player 2,4074,Whitechapel Road,16,284,
107,Player 1,5354,Northumberland Avenue,12,554,
107,Player 2,3983,Pentonville Road,16,193,
107,Player 2,3983,Marylebone Station,16,193,
108,Player 1,5330,Vine Street,12,330,
108,Player 2,4138,Trafalgar Square,16,248,
109,Player 1,4920,Coventry Street,12,120,
109,Player 2,4160,Go To Jail,16,170,
109,Player 2,4160,Jail,16,170,
110,Player 1,4898,Bond Street,12,98,
110,Player 2,4160,Jail,16,170,
111,Player 1,4898,Chance,12,98,
111,Player 1,4898,Jail,12,98,
111,Player 2,4110,Marlborough Street,16,120,
112,Player 1,4898,Jail,12,98,
112,Player 2,4110,Trafalgar Square,16,120,
113,Player 1,4848,Northumberland Avenue,12,48,
113,Player 1,4824,Community Chest,12,24,
113,Player 1,4824,GO,12,24,
113,Player 2,4134,Piccadilly,16,144,
114,Player 1,4846,Kings Cross Station,12,46,
114,Player 2,4162,Bond Street,16,172,
115,Player 1,4927,Electric Company ,12,327,
115,Player 2,4137,Income Tax,16,347,
116,Player 1,4857,Free Parking,12,257,
116,Player 2,3937,Pentonville Road,16,147,
117,Player 1,4857,Coventry Street,12,257,
117,Player 2,3937,Whitehall ,16,147,
118,Player 1,4857,Bond Street,12,257,
118,Player 2,3937,Vine Street,16,147,
119,Player 1,5057,Community Chest,12,457,
119,Player 1,5007,Pentonville Road,12,407,
119,Player 2,3937,Coventry Street,16,147,
120,Player 1,4207,Northumberland Avenue,12,207,
120,Player 2,3961,Bond Street,16,171,
121,Player 1,4783,Fleet Street,12,1383,
121,Player 2,3546,Super Tax,16,56,
122,Player 1,4783,Water Works,12,1383,
122,Player 2,3796,The Angel Islington,16,306,
123,Player 1,4733,Chance,12,1333,
123,Player 1,5033,The Angel Islington,12,1633,
123,Player 2,3681,Whitehall ,16,191,
124,Player 1,5027,Pall Mall,12,1627,
124,Player 2,3681,Free Parking,16,191,
125,Player 1,5027,The Strand,12,1627,
125,Player 2,3681,Chance,16,191,
125,Player 2,3681,Mayfair,16,191,
125,Player 2,3831,Euston Road,16,341,
126,Player 1,5083,Go To Jail,12,1683,
126,Player 1,5083,Jail,12,1683,
126,Player 2,3671,Marylebone Station,16,181,
127,Player 1,5083,Jail,12,1683,
127,Player 2,3671,The Strand,16,181,
127,Player 2,3671,Coventry Street,16,181,
128,Player 1,5033,Community Chest,12,1633,
128,Player 2,3671,Chance,16,181,
129,Player 1,4933,Trafalgar Square,12,1533,
129,Player 2,3856,Chance,16,366,
130,Player 1,4933,Go To Jail,12,1533,
130,Player 1,4933,Jail,12,1533,
130,Player 2,3731,Pentonville Road,16,241,
130,Player 2,3731,Marylebone Station,16,241,
130,Player 2,3731,Fleet Street,16,241,
131,Player 1,4951,Jail,12,1551,
131,Player 2,3713,Regent Street,16,223,
132,Player 1,3836,Electric Company ,13,176,
132,Player 1,3816,Marylebone Station,13,156,
132,Player 2,3408,GO,15,378,
133,Player 1,3766,Trafalgar Square,13,106,
133,Player 2,3210,Chance,15,180,
133,Player 2,3210,Marylebone Station,15,180,
134,Player 1,3766,Regent Street,13,106,
134,Player 2,3210,Chance,15,180,
134,Player 2,3210,Marylebone Station,15,180,
135,Player 1,3766,Mayfair,13,106,
135,Player 1,3966,Euston Road,13,306,
135,Player 2,3210,Free Parking,15,180,
136,Player 1,3966,Whitehall ,13,306,
136,Player 2,3230,Water Works,15,200,
137,Player 1,3946,The Strand,13,286,
137,Player 2,3230,Super Tax,15,200,
138,Player 1,3946,Coventry Street,13,286,
138,Player 2,3330,The Angel Islington,15,300,
139,Player 1,3946,Community Chest,13,286,
139,Player 2,3253,Northumberland Avenue,15,223,
140,Player 1,3971,Mayfair,13,311,
140,Player 2,3253,Community Chest,15,223,
141,Player 1,4171,Chance,13,511,
141,Player 1,4221,Northumberland Avenue,13,561,
141,Player 2,3295,Leicester Square,15,265,
142,Player 1,4098,Free Parking,13,288,
142,Player 2,3251,Bond Street,15,221,
143,Player 1,5498,Piccadilly,13,1088,
143,Player 2,3046,GO,15,216,
144,Player 1,5498,Liverpool Street,13,188,
144,Player 1,5698,Old Kent Road,13,388,
144,Player 2,2991,Euston Road,15,161,
144,Player 2,2985,Community Chest,15,155,
144,Player 2,2985,Water Works,15,155,
145,Player 1,5704,Kings Cross Station,13,394,
145,Player 2,3035,Liverpool Street,15,205,
146,Player 1,5704,Bow Street,13,394,
146,Player 2,2989,Park Lane,15,159,
146,Player 2,3189,GO,15,359,
147,Player 1,5634,Chance,13,324,
147,Player 1,5634,GO,13,324,
147,Player 2,3035,Euston Road,15,205,
148,Player 1,5640,Income Tax,13,330,
148,Player 1,5440,Pall Mall,13,130,
148,Player 2,3049,Community Chest,15,219,
149,Player 1,5420,Bow Street,13,110,
149,Player 2,3155,Fleet Street,15,325,
150,Player 1,5368,Marlborough Street,13,58,
150,Player 1,5368,Coventry Street,13,58,
150,Player 2,3137,Regent Street,15,307,
151,Player 1,6043,Chance,13,1033,
151,Player 1,6043,Community Chest,13,1033,
151,Player 2,3182,Old Kent Road,15,352,
152,Player 1,5343,Whitechapel Road,13,1233,
152,Player 2,2932,Chance,15,102,
152,Player 2,2892,Pentonville Road,15,62,
152,Player 2,2892,Jail,15,62,
153,Player 1,5343,The Angel Islington,13,1233,
153,Player 2,2892,Jail,15,62,
154,Player 1,5343,Bow Street,13,1233,
154,Player 2,2912,Bow Street,15,82,
155,Player 1,5273,Leicester Square,13,1163,
155,Player 2,2912,Vine Street,15,82,
156,Player 1,5273,Oxford Street,13,1163,
156,Player 2,2912,Go To Jail,15,82,
156,Player 2,2912,Jail,15,82,
157,Player 1,5273,Bond Street,13,1163,
157,Player 1,5473,Income Tax,13,1363,
157,Player 1,5273,Whitehall ,13,1163,
157,Player 2,2912,Jail,15,82,
158,Player 1,5273,Community Chest,13,1163,
158,Player 2,2862,Chance,15,32,
158,Player 2,2862,Pall Mall,15,32,
158,Player 2,2862,Bow Street,15,32,
159,Player 1,5283,The Strand,13,1173,
159,Player 2,2862,Vine Street,15,32,
160,Player 1,5283,Oxford Street,13,1173,
160,Player 2,2862,Piccadilly,15,32,
161,Player 1,6483,Park Lane,13,2373,
161,Player 2,2732,Super Tax,15,2,
162,Player 1,6683,Chance,13,2573,
162,Player 2,2932,Old Kent Road,15,202,
163,Player 1,6913,Marylebone Station,13,2803,
163,Player 2,2832,Jail,15,102,
164,Player 1,6863,Chance,13,2753,
164,Player 2,2832,Marlborough Street,15,102,
165,Player 1,7013,Coventry Street,13,2903,
165,Player 2,2832,Fleet Street,15,102,
166,Player 1,7031,Park Lane,13,2921,
166,Player 1,7231,Old Kent Road,13,3121,
166,Player 1,7231,The Angel Islington,13,3121,
166,Player 2,2814,Leicester Square,15,84,
167,Player 1,5231,Pentonville Road,14,371,
167,Player 2,2434,Water Works,14,54,
167,Player 2,2434,Park Lane,14,54,
168,Player 1,5231,Free Parking,14,371,
168,Player 2,2634,Euston Road,14,254,
169,Player 1,5237,Leicester Square,14,377,
169,Player 2,2573,Northumberland Avenue,14,193,
170,Player 1,5237,Piccadilly,14,377,
170,Player 2,2573,Fenchurch St Station,14,193,
171,Player 1,5487,GO,14,427,
171,Player 2,2523,Piccadilly,14,143,
172,Player 1,5695,Kings Cross Station,14,235,
172,Player 2,2483,Park Lane,14,103,
172,Player 2,0,Park Lane,0,0,
1,Player 1,1500,The Angel Islington,0,1500,
1,Player 2,1500,The Angel Islington,0,1500,
2,Player 1,1506,Marylebone Station,1,1406,
2,Player 2,1494,Marylebone Station,0,1494,
3,Player 1,1531,Fleet Street,2,1231,
3,Player 2,1469,Vine Street,0,1469,
4,Player 1,1410,Oxford Street,3,890,
4,Player 2,1469,Leicester Square,1,1269,
5,Player 1,1410,Park Lane,4,590,
5,Player 2,1469,Bond Street,2,1009,
5,Player 2,1669,Old Kent Road,3,889,
6,Player 1,1610,Whitechapel Road,5,440,
6,Player 1,1610,Pentonville Road,6,380,
6,Player 2,953,Jail,5,53,
7,Player 1,1484,Marylebone Station,6,194,
7,Player 2,953,Marylebone Station,5,53,
8,Player 1,1509,Vine Street,6,219,
8,Player 2,944,Marlborough Street,5,44,
9,Player 1,1655,Water Works,7,185,
9,Player 2,944,Trafalgar Square,5,44,
10,Player 1,1992,Bond Street,9,132,
10,Player 1,2164,Community Chest,9,304,
10,Player 2,972,Oxford Street,5,72,
11,Player 1,2290,Pentonville Road,9,430,
11,Player 2,946,Liverpool Street,5,46,
12,Player 1,2470,Community Chest,10,410,
12,Player 1,2470,GO,10,410,
12,Player 1,2470,Euston Road,10,410,
12,Player 2,1146,Old Kent Road,5,246,
12,Player 2,1146,Euston Road,5,246,
13,Player 1,2482,Marylebone Station,11,322,
13,Player 2,1134,Marylebone Station,5,234,
14,Player 1,2532,The Strand,11,372,
14,Player 2,1084,Fleet Street,5,184,
15,Player 1,2568,Piccadilly,12,188,
15,Player 2,1048,Piccadilly,5,148,
16,Player 1,2786,Super Tax,13,126,
16,Player 2,1026,Mayfair,5,126,
16,Player 2,1586,Euston Road,6,286,
17,Player 1,2898,Kings Cross Station,13,238,
17,Player 2,1574,Marylebone Station,6,274,
18,Player 1,3058,Electric Company ,14,198,
18,Player 2,1474,Free Parking,6,174,
19,Player 1,3109,Community Chest,15,99,
19,Player 2,1474,Chance,6,174,
19,Player 2,1474,Go To Jail,6,174,
19,Player 2,1474,Jail,6,174,
20,Player 1,3209,Fenchurch St Station,15,199,
20,Player 2,1474,Jail,6,174,
21,Player 1,3329,Community Chest,16,119,
21,Player 2,1424,Marylebone Station,6,124,
22,Player 1,3429,Super Tax,16,219,
22,Player 2,1324,The Strand,6,24,
23,Player 1,3529,Whitechapel Road,16,319,
23,Player 2,1328,Trafalgar Square,6,28,
24,Player 1,3565,Kings Cross Station,16,355,
24,Player 1,3565,Pall Mall,16,355,
24,Player 2,1388,Community Chest,6,88,
25,Player 1,3565,Bow Street,17,215,
25,Player 2,1408,Mayfair,6,108,
26,Player 1,3673,Water Works,18,143,
26,Player 1,3673,Oxford Street,18,143,
26,Player 1,3673,Super Tax,18,143,
26,Player 2,1608,The Angel Islington,6,308,
27,Player 1,3785,Income Tax,18,255,
27,Player 1,3585,Pall Mall,18,55,
27,Player 2,1596,Jail,6,296,
28,Player 1,3585,Whitehall ,18,55,
28,Player 1,3585,Fleet Street,18,55,
28,Player 2,1701,Marlborough Street,7,261,
29,Player 1,3599,Water Works,18,69,
29,Player 2,1687,Trafalgar Square,7,247,
30,Player 1,3639,Go To Jail,18,109,
30,Player 1,3639,Jail,18,109,
30,Player 2,1647,Bond Street,7,207,
30,Player 2,1647,Mayfair,7,207,
31,Player 1,3639,Jail,18,109,
31,Player 2,1847,Income Tax,7,407,
32,Player 1,3589,Vine Street,18,59,
32,Player 2,1663,Electric Company ,7,223,
33,Player 1,3669,Piccadilly,18,139,
33,Player 1,3669,Liverpool Street,18,139,
33,Player 1,3669,Jail,18,139,
33,Player 2,1583,Marlborough Street,7,143,
34,Player 1,3683,Jail,18,153,
34,Player 2,1569,Leicester Square,7,129,
34,Player 2,1569,Bond Street,7,129,
35,Player 1,3633,Marylebone Station,18,103,
35,Player 2,1769,GO,7,329,
36,Player 1,3633,Fleet Street,18,103,
36,Player 2,1769,The Angel Islington,7,329,
37,Player 1,3645,Leicester Square,18,115,
37,Player 2,1779,Jail,7,339,
38,Player 1,3623,Go To Jail,18,93,
38,Player 1,3623,Jail,18,93,
38,Player 2,1779,Bow Street,7,339,
39,Player 1,3637,Jail,18,107,
39,Player 2,1765,Fleet Street,7,325,
40,Player 1,3623,Free Parking,18,93,
40,Player 2,1729,Bond Street,7,289,
41,Player 1,3623,Chance,18,93,
41,Player 1,3623,Vine Street,18,93,
41,Player 1,3623,Coventry Street,18,93,
41,Player 2,1924,Chance,8,224,
41,Player 2,2224,Kings Cross Station,8,524,
42,Player 1,3823,Park Lane,18,293,
42,Player 2,2024,Electric Company ,8,324,
43,Player 1,4093,The Angel Islington,18,563,
43,Player 2,1954,Marlborough Street,8,254,
43,Player 2,1940,Go To Jail,8,240,
43,Player 2,1940,Jail,8,240,
44,Player 1,3986,Jail,18,306,
44,Player 1,3986,Community Chest,18,306,
44,Player 2,1940,Jail,8,240,
45,Player 1,3996,Trafalgar Square,18,316,
45,Player 2,1890,Vine Street,8,190,
46,Player 1,3996,Regent Street,18,316,
46,Player 2,1890,Leicester Square,8,190,
47,Player 1,4376,GO,19,396,
47,Player 2,1890,Liverpool Street,8,190,
48,Player 1,4411,Pentonville Road,19,281,
48,Player 2,1990,Whitechapel Road,8,290,
49,Player 1,4411,Northumberland Avenue,19,281,
49,Player 2,1990,Northumberland Avenue,8,290,
50,Player 1,4411,Chance,20,121,
50,Player 1,4411,Mayfair,20,121,
50,Player 2,1990,Free Parking,8,290,
51,Player 1,4611,Pall Mall,20,321,
51,Player 1,4611,Chance,20,321,
51,Player 2,1990,Piccadilly,8,290,
52,Player 1,4695,Trafalgar Square,20,105,
52,Player 1,4695,Community Chest,20,105,
52,Player 2,2168,GO,8,468,
53,Player 1,4845,Income Tax,20,255,
53,Player 2,2058,Pentonville Road,8,358,
54,Player 1,4685,Whitehall ,20,95,
54,Player 2,2028,Community Chest,8,328,
55,Player 1,4675,Trafalgar Square,20,85,
55,Player 2,2053,Free Parking,8,353,
56,Player 1,4675,Chance,20,85,
56,Player 1,4800,Kings Cross Station,20,260,
56,Player 2,2053,Regent Street,8,353,
57,Player 1,4826,Jail,20,286,
57,Player 2,2027,Park Lane,8,327,
58,Player 1,4861,Free Parking,20,171,
58,Player 2,2192,The Angel Islington,8,492,
59,Player 1,4873,Coventry Street,20,183,
59,Player 2,2002,Northumberland Avenue,8,52,
60,Player 1,4863,Liverpool Street,20,173,
60,Player 2,1990,The Strand,8,40,
61,Player 1,5153,Community Chest,20,463,
61,Player 2,2000,Go To Jail,8,50,
61,Player 2,2000,Jail,8,50,
62,Player 1,5243,Pentonville Road,20,253,
62,Player 2,2000,Jail,8,50,
63,Player 1,5243,Electric Company ,20,253,
63,Player 2,2000,Jail,8,50,
64,Player 1,5243,Community Chest,20,253,
64,Player 2,2000,Jail,8,50,
65,Player 1,5293,Chance,20,153,
65,Player 2,2000,Jail,8,50,
66,Player 1,5343,Bond Street,20,203,
66,Player 1,5315,Super Tax,20,175,
66,Player 1,5415,Old Kent Road,20,275,
66,Player 2,1988,Community Chest,8,188,
66,Player 2,1988,Jail,8,188,
67,Player 1,5255,Jail,20,115,
67,Player 2,1988,Jail,8,188,
68,Player 1,5255,Northumberland Avenue,20,115,
68,Player 1,5255,Community Chest,20,115,
68,Player 2,1938,Free Parking,8,138,
68,Player 2,1938,Fenchurch St Station,8,138,
69,Player 1,5405,Vine Street,20,265,
69,Player 1,5405,Water Works,20,265,
69,Player 2,1838,Piccadilly,8,38,
70,Player 1,5427,Park Lane,20,287,
70,Player 2,1816,Chance,8,16,
70,Player 2,1816,Kings Cross Station,8,16,
71,Player 1,5827,Chance,20,387,
71,Player 2,1846,Northumberland Avenue,8,46,
72,Player 1,5824,Pall Mall,20,234,
72,Player 2,1834,Marlborough Street,8,34,
73,Player 1,5838,The Strand,20,248,
73,Player 2,1820,Fenchurch St Station,8,20,
74,Player 1,6038,Coventry Street,20,298,
74,Player 2,1872,Water Works,8,72,
75,Player 1,6046,Super Tax,20,156,
75,Player 2,1842,Oxford Street,8,42,
76,Player 1,6172,Kings Cross Station,20,282,
76,Player 2,1816,Chance,8,16,
76,Player 2,2096,Old Kent Road,8,296,
77,Player 1,6172,Marylebone Station,20,282,
77,Player 1,6172,Fenchurch St Station,20,282,
77,Player 1,6172,Bond Street,20,282,
77,Player 2,2124,Euston Road,8,324,
78,Player 1,6374,Whitechapel Road,20,484,
78,Player 2,2291,Vine Street,8,491,
79,Player 1,5924,Whitehall ,20,34,
79,Player 1,5914,The Strand,20,24,
79,Player 2,2301,Fenchurch St Station,8,501,
80,Player 1,6114,Oxford Street,20,224,
80,Player 2,2101,Piccadilly,8,301,
81,Player 1,6136,Mayfair,20,246,
81,Player 2,2279,Old Kent Road,8,479,
81,Player 2,2279,Pall Mall,8,479,
82,Player 1,6346,The Angel Islington,20,456,
82,Player 2,2269,Free Parking,8,469,
83,Player 1,5146,Whitehall ,20,156,
83,Player 2,2279,Water Works,8,479,
84,Player 1,5216,Free Parking,20,226,
84,Player 2,2199,Park Lane,8,399,
85,Player 1,5251,Fenchurch St Station,20,261,
85,Player 2,2364,Pentonville Road,8,564,
85,Player 2,2324,Whitehall ,8,524,
85,Player 2,2324,Fleet Street,8,524,
86,Player 1,5566,Regent Street,20,926,
86,Player 2,1839,Regent Street,8,39,
87,Player 1,4992,Park Lane,20,402,
87,Player 2,2013,Old Kent Road,8,213,
88,Player 1,5192,Chance,20,602,
88,Player 1,5192,Marylebone Station,20,602,
88,Player 2,2013,Pall Mall,8,213,
89,Player 1,5202,Trafalgar Square,20,612,
89,Player 2,2003,Free Parking,8,203,
90,Player 1,5202,Regent Street,20,612,
90,Player 2,2003,Coventry Street,8,203,
91,Player 1,5402,GO,20,812,
91,Player 2,2003,Chance,8,203,
91,Player 2,2003,GO,8,203,
92,Player 1,5402,Pall Mall,20,812,
92,Player 2,2003,Euston Road,8,203,
93,Player 1,5952,Community Chest,20,1362,
93,Player 1,5962,Fleet Street,20,1372,
93,Player 1,5962,Go To Jail,20,1372,
93,Player 1,5962,Jail,20,1372,
93,Player 2,1833,Pall Mall,8,33,
94,Player 1,5972,Jail,20,1382,
94,Player 2,1823,Northumberland Avenue,8,23,
95,Player 1,5934,Community Chest,20,1344,
95,Player 1,5934,Water Works,20,1344,
95,Player 2,1811,Vine Street,8,11,
96,Player 1,5934,Liverpool Street,20,1344,
96,Player 2,1811,Leicester Square,8,11,
97,Player 1,6134,Old Kent Road,20,1544,
97,Player 2,2061,Water Works,8,261,
97,Player 2,2041,Liverpool Street,8,241,
98,Player 1,4844,The Angel Islington,21,114,
98,Player 2,1901,Whitechapel Road,7,241,
99,Player 1,4844,Pentonville Road,21,114,
99,Player 2,1901,Pentonville Road,7,241,
100,Player 1,5444,Bow Street,21,114,
100,Player 2,1691,Community Chest,7,31,
100,Player 2,1691,Old Kent Road,7,31,
101,Player 1,5444,Free Parking,21,114,
101,Player 2,1691,Pall Mall,7,31,
102,Player 1,5594,Leicester Square,21,264,
102,Player 2,1771,Marlborough Street,7,111,
103,Player 1,5608,Community Chest,21,278,
103,Player 2,1757,Water Works,7,97,
104,Player 1,6008,Income Tax,21,478,
104,Player 2,1757,Community Chest,7,97,
104,Player 2,1757,GO,7,97,
105,Player 1,5808,Jail,21,278,
105,Player 2,1757,Chance,7,97,
106,Player 1,5808,Marlborough Street,21,278,
106,Player 1,5808,Coventry Street,21,278,
106,Player 2,1809,Bow Street,7,149,
107,Player 1,5800,Community Chest,21,270,
107,Player 2,1795,Fenchurch St Station,7,135,
108,Player 1,6300,Old Kent Road,21,370,
108,Player 2,1945,Go To Jail,7,285,
108,Player 2,1945,Jail,7,285,
109,Player 1,6050,Jail,21,120,
109,Player 2,1945,Jail,7,285,
110,Player 1,6050,Community Chest,21,120,
110,Player 2,1895,Chance,7,235,
110,Player 2,1895,Jail,7,235,
110,Player 2,1895,Northumberland Avenue,7,235,
111,Player 1,5450,Vine Street,21,420,
111,Player 1,5450,Leicester Square,21,420,
111,Player 2,1735,Northumberland Avenue,7,75,
112,Player 1,5450,Oxford Street,21,420,
112,Player 2,1685,The Strand,7,25,
112,Player 2,0,The Strand,0,0,
1,Player 1,1500,Chance,0,1500,
1,Player 2,1500,Euston Road,0,1500,
2,Player 1,1650,Northumberland Avenue,0,1650,
2,Player 2,1500,Northumberland Avenue,1,1400,
3,Player 1,1662,Free Parking,1,1502,
3,Player 2,1488,The Strand,1,1388,
4,Player 1,1662,Water Works,1,1502,
4,Player 2,1488,Piccadilly,2,1168,
4,Player 2,1488,Super Tax,3,888,
5,Player 1,1662,Chance,2,1352,
5,Player 2,1434,Whitechapel Road,3,834,
6,Player 1,1712,Community Chest,2,1402,
6,Player 2,1434,Euston Road,4,774,
7,Player 1,1612,Euston Road,2,1302,
7,Player 2,1440,Bow Street,4,780,
8,Player 1,1606,Community Chest,2,1296,
8,Player 2,1440,The Strand,5,600,
9,Player 1,1626,Free Parking,2,1316,
9,Player 2,1440,Trafalgar Square,5,600,
10,Player 1,1626,Piccadilly,2,1316,
10,Player 2,1462,Go To Jail,6,382,
10,Player 2,1462,Jail,6,382,
11,Player 1,1604,Chance,2,1294,
11,Player 2,1462,Jail,6,382,
12,Player 1,1854,Community Chest,2,1544,
12,Player 2,1412,Community Chest,6,332,
13,Player 1,1864,Pall Mall,2,1554,
13,Player 2,1362,Coventry Street,6,282,
14,Player 1,1825,Free Parking,4,1115,
14,Player 2,1362,Liverpool Street,6,282,
15,Player 1,1885,Leicester Square,5,975,
15,Player 2,1562,Old Kent Road,6,482,
16,Player 1,1885,Regent Street,6,715,
16,Player 2,1562,Pentonville Road,7,72,
17,Player 1,1957,Super Tax,8,367,
17,Player 2,1562,Electric Company ,7,72,
18,Player 1,2164,Income Tax,9,424,
18,Player 2,1562,Marlborough Street,7,72,
19,Player 1,2108,The Angel Islington,10,188,
19,Player 1,2108,Northumberland Avenue,11,88,
19,Player 1,2108,Fleet Street,11,88,
19,Player 2,1749,Chance,8,39,
19,Player 2,1749,Fenchurch St Station,8,39,
19,Player 2,1749,Bond Street,8,39,
20,Player 1,2576,Oxford Street,13,36,
20,Player 2,1949,Old Kent Road,8,239,
21,Player 1,2576,Super Tax,13,36,
21,Player 1,2776,Income Tax,13,236,
21,Player 1,2576,Whitehall ,13,36,
21,Player 2,1668,Pentonville Road,9,68,
21,Player 2,1660,Community Chest,9,60,
22,Player 1,2584,The Strand,13,44,
22,Player 1,2548,Go To Jail,13,8,
22,Player 1,2548,Jail,13,8,
22,Player 2,1721,Coventry Street,9,121,
22,Player 2,1699,Chance,9,99,
23,Player 1,2570,Jail,13,30,
23,Player 2,1884,Old Kent Road,9,284,
24,Player 1,2570,Jail,13,30,
24,Player 2,1884,Chance,9,284,
25,Player 1,2570,Jail,13,30,
25,Player 2,1864,Pall Mall,9,264,
25,Player 2,1854,Chance,9,254,
25,Player 2,1854,Marylebone Station,9,254,
26,Player 1,2580,Jail,13,40,
26,Player 2,2024,Chance,10,224,
26,Player 2,2024,GO,10,224,
27,Player 1,2580,Community Chest,13,40,
27,Player 2,2024,Jail,10,224,
27,Player 2,2024,Northumberland Avenue,10,224,
28,Player 1,2792,Coventry Street,13,252,
28,Player 2,2012,Vine Street,10,212,
29,Player 1,2872,Chance,14,132,
29,Player 2,2012,Fenchurch St Station,10,212,
29,Player 2,1962,Community Chest,10,162,
29,Player 2,2012,Super Tax,10,212,
30,Player 1,3122,Whitechapel Road,14,382,
30,Player 2,2430,The Angel Islington,10,480,
31,Player 1,2758,Pentonville Road,14,18,
31,Player 2,2424,Northumberland Avenue,10,174,
32,Player 1,2758,Marlborough Street,14,18,
32,Player 2,2424,Community Chest,10,174,
32,Player 2,2424,Jail,10,174,
33,Player 1,2758,Trafalgar Square,14,18,
33,Player 2,2524,Jail,10,274,
34,Player 1,2813,Coventry Street,14,73,
34,Player 2,2474,Community Chest,10,224,
35,Player 1,2813,Oxford Street,14,73,
35,Player 2,2679,Leicester Square,11,129,
36,Player 1,3035,Old Kent Road,14,295,
36,Player 2,2907,Bond Street,11,207,
37,Player 1,2785,The Angel Islington,14,45,
37,Player 2,3107,Old Kent Road,11,407,
38,Player 1,2785,Northumberland Avenue,14,45,
38,Player 2,3107,Income Tax,11,257,
39,Player 1,2785,Free Parking,14,45,
39,Player 1,2785,Water Works,14,45,
39,Player 1,2785,Mayfair,14,45,
39,Player 2,2907,Pall Mall,11,57,
40,Player 1,2995,Euston Road,14,255,
40,Player 2,2903,Marlborough Street,11,53,
41,Player 1,3003,Marlborough Street,14,263,
41,Player 2,2889,Trafalgar Square,11,39,
42,Player 1,3003,Fenchurch St Station,14,263,
42,Player 2,2889,Oxford Street,11,39,
43,Player 1,3003,Park Lane,14,263,
43,Player 1,3518,Euston Road,15,428,
43,Player 2,2895,Chance,11,45,
43,Player 2,2895,Jail,11,45,
44,Player 1,3342,Whitehall ,15,252,
44,Player 2,2905,Jail,11,55,
45,Player 1,3332,Marlborough Street,15,242,
45,Player 2,2855,Vine Street,11,5,
46,Player 1,3348,Leicester Square,15,258,
46,Player 1,3348,Super Tax,15,258,
46,Player 1,3448,Income Tax,15,358,
46,Player 2,2889,Leicester Square,11,39,
47,Player 1,3270,Jail,15,180,
47,Player 2,2867,Oxford Street,11,17,
48,Player 1,3270,Bow Street,15,180,
48,Player 1,3256,Free Parking,15,166,
48,Player 1,3256,Trafalgar Square,15,166,
48,Player 2,3126,Liverpool Street,11,276,
49,Player 1,3161,Chance,15,71,
49,Player 1,3161,Pall Mall,15,71,
49,Player 1,3161,Community Chest,15,71,
49,Player 1,3171,Trafalgar Square,15,81,
49,Player 2,3366,Super Tax,11,366,
50,Player 1,3096,Coventry Street,15,6,
50,Player 2,3466,Kings Cross Station,11,466,
51,Player 1,3096,Oxford Street,15,6,
51,Player 2,3492,Euston Road,12,292,
52,Player 1,3150,Mayfair,15,60,
52,Player 2,3832,Whitehall ,13,232,
53,Player 1,3350,The Angel Islington,15,260,
53,Player 2,3832,Chance,13,232,
54,Player 1,3273,Northumberland Avenue,15,183,
54,Player 2,3477,Regent Street,13,27,
55,Player 1,3299,Bow Street,15,209,
55,Player 1,3285,Vine Street,15,195,
55,Player 2,3465,Liverpool Street,13,15,
56,Player 1,3335,Fenchurch St Station,15,245,
56,Player 2,3665,Income Tax,13,215,
57,Player 1,3335,Regent Street,15,245,
57,Player 2,3465,Euston Road,13,15,
58,Player 1,3535,Community Chest,15,445,
58,Player 1,3535,Electric Company ,15,445,
58,Player 2,3465,Electric Company ,13,15,
59,Player 1,3405,Free Parking,15,315,
59,Player 2,3475,Free Parking,13,25,
60,Player 1,3405,Go To Jail,15,315,
60,Player 1,3405,Jail,15,315,
60,Player 2,3475,Coventry Street,13,25,
61,Player 1,3427,Jail,15,337,
61,Player 2,3453,Bond Street,13,3,
62,Player 1,3377,Northumberland Avenue,15,287,
62,Player 2,3453,Park Lane,13,3,
63,Player 1,3412,The Strand,15,322,
63,Player 2,3758,Old Kent Road,13,308,
63,Player 2,3758,The Angel Islington,13,308,
64,Player 1,3328,Water Works,15,238,
64,Player 2,3697,Marylebone Station,13,247,
65,Player 1,3328,Community Chest,15,238,
65,Player 1,3328,Old Kent Road,15,238,
65,Player 2,3947,The Strand,13,347,
66,Player 1,3158,Euston Road,15,68,
66,Player 2,3953,Fenchurch St Station,13,203,
67,Player 1,3202,Bow Street,15,112,
67,Player 2,3917,Go To Jail,13,167,
67,Player 2,3917,Jail,13,167,
68,Player 1,3188,The Strand,15,98,
68,Player 2,4167,Jail,13,267,
69,Player 1,3093,Water Works,15,3,
69,Player 2,4117,Vine Street,13,217,
70,Player 1,3109,Bond Street,15,19,
70,Player 2,4101,Piccadilly,13,201,
70,Player 2,4101,Community Chest,13,201,
71,Player 1,3309,Whitechapel Road,15,219,
71,Player 2,4697,Community Chest,13,497,
71,Player 2,4697,GO,13,497,
72,Player 1,3214,Jail,15,124,
72,Player 2,4697,Jail,13,197,
73,Player 1,3214,Community Chest,15,124,
73,Player 2,4697,Electric Company ,13,197,
73,Player 2,4677,The Strand,13,177,
74,Player 1,3334,Fleet Street,15,244,
74,Player 2,3752,Piccadilly,13,602,
74,Player 2,3752,Mayfair,13,602,
75,Player 1,3194,Bond Street,15,104,
75,Player 2,3952,Kings Cross Station,13,802,
76,Player 1,3194,Park Lane,15,104,
76,Player 2,3952,Jail,13,802,
77,Player 1,3394,Income Tax,15,304,
77,Player 2,3952,Community Chest,13,802,
78,Player 1,3194,Jail,15,104,
78,Player 2,3852,Vine Street,13,702,
78,Player 2,3836,Fenchurch St Station,13,686,
79,Player 1,3260,Marylebone Station,15,170,
79,Player 2,3836,Oxford Street,13,686,
80,Player 1,3210,Leicester Square,15,120,
80,Player 2,3836,Park Lane,13,686,
81,Player 1,3245,Oxford Street,15,155,
81,Player 2,4027,Community Chest,13,877,
82,Player 1,3219,Liverpool Street,15,129,
82,Player 2,4047,Chance,13,897,
82,Player 2,4047,Income Tax,13,897,
83,Player 1,3419,Community Chest,15,329,
83,Player 2,3847,Jail,13,697,
84,Player 1,3352,Whitehall ,15,262,
84,Player 2,3857,Marlborough Street,13,707,
84,Player 2,3843,Leicester Square,13,693,
85,Player 1,3356,Vine Street,15,266,
85,Player 2,3843,Liverpool Street,13,693,
86,Player 1,3324,Fleet Street,15,234,
86,Player 2,5043,The Angel Islington,13,1893,
87,Player 1,3150,Go To Jail,15,60,
87,Player 1,3150,Jail,15,60,
87,Player 2,5037,Bow Street,13,1887,
88,Player 1,3150,Jail,15,60,
88,Player 2,5037,Trafalgar Square,13,1887,
89,Player 1,3100,Community Chest,15,10,
89,Player 2,5037,Leicester Square,13,1887,
89,Player 2,5037,Liverpool Street,13,1887,
90,Player 1,3180,Leicester Square,15,90,
90,Player 2,5187,Community Chest,13,2037,
91,Player 1,3180,Community Chest,15,90,
91,Player 2,5212,Northumberland Avenue,13,2062,
91,Player 2,5212,Free Parking,13,2062,
92,Player 1,3514,Income Tax,15,424,
92,Player 2,5212,Fleet Street,13,2062,
93,Player 1,3314,Electric Company ,15,224,
93,Player 2,5212,Community Chest,13,2062,
94,Player 1,3314,Vine Street,15,224,
94,Player 2,5262,Super Tax,13,2112,
95,Player 1,3314,Fenchurch St Station,15,224,
95,Player 2,5362,Income Tax,13,2212,
96,Player 1,3314,Liverpool Street,15,224,
96,Player 2,5162,Whitehall ,13,2012,
97,Player 1,3514,Kings Cross Station,15,424,
97,Player 1,3464,Marylebone Station,15,374,
97,Player 1,3414,Fenchurch St Station,15,324,
97,Player 2,5262,Marlborough Street,13,2112,
98,Player 1,3351,Community Chest,15,261,
98,Player 1,3351,Jail,15,261,
98,Player 2,5248,Fleet Street,13,2098,
99,Player 1,3351,Jail,15,261,
99,Player 2,5248,Piccadilly,13,2098,
100,Player 1,3301,Northumberland Avenue,15,211,
100,Player 1,3301,Fleet Street,15,211,
100,Player 2,6298,Park Lane,13,3148,
100,Player 2,6463,Whitechapel Road,13,3313,
101,Player 1,3156,Oxford Street,15,66,
101,Player 2,6489,Pall Mall,13,3339,
102,Player 1,3130,Park Lane,15,40,
102,Player 2,6489,Free Parking,13,3339,
103,Player 1,3330,Income Tax,15,240,
103,Player 2,6489,Go To Jail,13,3339,
103,Player 2,6489,Jail,13,3339,
104,Player 1,3130,Pentonville Road,15,40,
104,Player 2,6489,Jail,13,3339,
105,Player 1,3130,Bow Street,15,40,
105,Player 2,6453,Marlborough Street,13,3303,
106,Player 1,3130,Marlborough Street,15,40,
106,Player 1,3130,Leicester Square,15,40,
106,Player 2,6439,Trafalgar Square,13,3289,
107,Player 1,3130,Super Tax,15,40,
107,Player 1,3330,Kings Cross Station,15,240,
107,Player 2,6489,Coventry Street,13,3339,
108,Player 1,3280,Electric Company ,15,190,
108,Player 2,6489,Super Tax,13,3339,
109,Player 1,3280,Free Parking,15,190,
109,Player 2,6589,Euston Road,13,3439,
109,Player 2,6589,Northumberland Avenue,13,3439,
110,Player 1,3280,Fenchurch St Station,15,190,
110,Player 2,6589,Chance,13,3439,
110,Player 2,6689,Bond Street,13,3539,
110,Player 2,6889,Whitechapel Road,13,3739,
111,Player 1,2930,Bond Street,14,190,
111,Player 2,3739,Euston Road,14,239,
112,Player 1,2930,Mayfair,14,190,
112,Player 2,3789,Community Chest,14,289,
113,Player 1,3080,Euston Road,14,340,
113,Player 2,3745,The Strand,14,245,
113,Player 2,3745,Coventry Street,14,245,
114,Player 1,2931,Community Chest,14,191,
114,Player 2,3735,Community Chest,14,235,
114,Player 2,3735,Electric Company ,14,235,
115,Player 1,3001,Water Works,14,261,
115,Player 2,3675,Chance,14,175,
115,Player 2,3675,Mayfair,14,175,
116,Player 1,3001,Liverpool Street,14,261,
116,Player 2,3875,Chance,14,375,
116,Player 2,4025,Jail,14,525,
117,Player 1,3201,GO,14,461,
117,Player 2,4025,Free Parking,14,325,
118,Player 1,2949,Income Tax,14,209,
118,Player 1,2749,Pall Mall,14,9,
118,Player 2,4025,Leicester Square,14,325,
118,Player 2,4025,Go To Jail,14,325,
118,Player 2,4025,Jail,14,325,
119,Player 1,2749,Community Chest,14,9,
119,Player 1,2749,Old Kent Road,14,9,
119,Player 1,2854,Pentonville Road,14,114,
119,Player 2,4275,Jail,14,375,
120,Player 1,2854,Vine Street,14,114,
120,Player 2,4225,Marlborough Street,14,325,
121,Player 1,2868,Fleet Street,14,128,
121,Player 1,2778,Oxford Street,14,38,
121,Player 2,5287,Fenchurch St Station,14,387,
122,Player 1,2802,Liverpool Street,14,62,
122,Player 2,5237,Regent Street,14,337,
122,Player 2,5237,Community Chest,14,337,
122,Player 2,5337,Jail,14,437,
123,Player 1,3002,Community Chest,14,262,
123,Player 1,3002,GO,14,262,
123,Player 2,5337,Jail,14,237,
124,Player 1,2936,Pentonville Road,14,196,
124,Player 2,5287,Vine Street,14,187,
125,Player 1,2952,Free Parking,14,212,
125,Player 2,5271,Coventry Street,14,171,
126,Player 1,2952,Coventry Street,14,212,
126,Player 2,5271,Liverpool Street,14,171,
127,Player 1,2925,Park Lane,14,185,
127,Player 1,3095,Income Tax,14,355,
127,Player 2,5121,GO,14,1221,
128,Player 1,2895,Euston Road,14,155,
128,Player 1,2889,Electric Company ,14,149,
128,Player 1,2889,Vine Street,14,149,
128,Player 2,5127,The Angel Islington,14,1227,
129,Player 1,2889,Trafalgar Square,14,149,
129,Player 2,6227,Electric Company ,14,2327,
129,Player 2,6167,Marlborough Street,14,2267,
129,Player 2,6167,Fleet Street,14,2267,
130,Player 1,2809,Community Chest,14,69,
130,Player 2,6167,Piccadilly,14,2267,
130,Player 2,6167,Oxford Street,14,2267,
131,Player 1,3109,GO,14,369,
131,Player 2,6167,Super Tax,14,2267,
132,Player 1,2988,Income Tax,14,248,
132,Player 2,6267,Whitechapel Road,14,2367,
133,Player 1,2788,Euston Road,14,48,
133,Player 2,6273,Pentonville Road,14,2373,
134,Player 1,2790,Community Chest,14,50,
134,Player 2,6265,Northumberland Avenue,14,2365,
135,Player 1,2770,Trafalgar Square,14,30,
135,Player 2,7365,Fleet Street,14,3465,
136,Player 1,2780,Oxford Street,14,40,
136,Player 2,7391,Regent Street,14,3491,
137,Player 1,2954,GO,14,214,
137,Player 2,7391,Super Tax,14,3491,
138,Player 1,2899,Euston Road,14,159,
138,Player 1,2893,Northumberland Avenue,14,153,
138,Player 2,7497,Kings Cross Station,14,3597,
139,Player 1,2893,Marlborough Street,14,153,
139,Player 2,7497,Pentonville Road,14,3597,
139,Player 2,7497,Marylebone Station,14,3597,
140,Player 1,2893,Go To Jail,14,153,
140,Player 1,2893,Jail,14,153,
140,Player 2,7497,Vine Street,14,3597,
140,Player 2,7481,Regent Street,14,3581,
140,Player 2,7481,Jail,14,3581,
141,Player 1,2909,Jail,14,169,
141,Player 2,7481,Jail,14,3581,
142,Player 1,2859,Marlborough Street,14,119,
142,Player 2,7431,Marlborough Street,14,3531,
143,Player 1,2859,Chance,14,119,
143,Player 2,7431,The Strand,14,3531,
144,Player 1,2789,Oxford Street,14,49,
144,Player 2,7457,Coventry Street,14,3557,
145,Player 1,2763,Liverpool Street,14,23,
145,Player 2,7457,Regent Street,14,3557,
145,Player 2,7657,GO,14,3757,
146,Player 1,2963,Old Kent Road,14,223,
146,Player 2,7907,Jail,14,4007,
147,Player 1,2793,The Angel Islington,14,53,
147,Player 2,7907,Marylebone Station,14,4007,
148,Player 1,2793,Whitehall ,14,53,
148,Player 2,7917,Trafalgar Square,14,4017,
149,Player 1,2783,Vine Street,14,43,
149,Player 1,2783,Trafalgar Square,14,43,
149,Player 2,9017,Chance,14,5117,
149,Player 2,9267,Income Tax,14,5367,
150,Player 1,2793,Bond Street,14,53,
150,Player 1,2993,GO,14,253,
150,Player 1,2993,Euston Road,14,253,
150,Player 2,9073,Chance,14,5173,
150,Player 2,9073,Marylebone Station,14,5173,
151,Player 1,2932,Northumberland Avenue,14,192,
151,Player 2,9073,Chance,14,5173,
152,Player 1,2932,The Strand,14,192,
152,Player 2,10108,Water Works,14,6208,
153,Player 1,2812,Water Works,14,72,
153,Player 2,10048,Bond Street,14,6148,
153,Player 2,10248,Whitechapel Road,14,6348,
154,Player 1,2812,Park Lane,14,72,
154,Player 1,0,Park Lane,0,0,
1,Player 2,1500,Euston Road,0,1500,
1,Player 1,1500,Kings Cross Station,0,1500,
2,Player 2,1500,Electric Company ,1,1400,
2,Player 2,1500,The Strand,2,1250,
2,Player 1,1500,Northumberland Avenue,1,1300,
3,Player 2,1500,Coventry Street,3,1030,
3,Player 1,1500,The Strand,2,1140,
4,Player 2,1518,Chance,4,788,
4,Player 1,1482,Piccadilly,2,1122,
5,Player 2,1868,The Angel Islington,4,1138,
5,Player 1,1482,Mayfair,3,842,
6,Player 2,1868,Marylebone Station,5,1038,
6,Player 1,1682,Community Chest,4,642,
7,Player 2,1868,Community Chest,6,838,
7,Player 2,1868,GO,6,838,
7,Player 2,1868,Pall Mall,6,838,
7,Player 1,1562,Euston Road,4,522,
8,Player 2,1874,Community Chest,7,704,
8,Player 2,1874,Old Kent Road,7,704,
8,Player 1,1556,Northumberland Avenue,4,516,
8,Player 1,1556,The Strand,4,516,
9,Player 2,1892,Jail,8,662,
9,Player 1,1538,Piccadilly,4,498,
9,Player 1,1538,Chance,4,498,
10,Player 2,1892,Community Chest,8,662,
10,Player 1,1828,Income Tax,4,788,
11,Player 2,1902,Trafalgar Square,8,672,
11,Player 1,1646,Jail,4,606,
12,Player 2,1902,Go To Jail,9,432,
12,Player 2,1902,Jail,9,432,
12,Player 1,1646,Northumberland Avenue,4,606,
12,Player 1,1646,Free Parking,4,606,
13,Player 2,1902,Jail,9,432,
13,Player 1,1646,Go To Jail,4,606,
13,Player 1,1646,Jail,4,606,
14,Player 2,1852,Bow Street,9,382,
14,Player 1,1646,Jail,4,606,
15,Player 2,1852,Chance,10,202,
15,Player 2,1852,GO,10,202,
15,Player 2,1852,Kings Cross Station,10,202,
15,Player 1,1621,Community Chest,4,581,
16,Player 2,1827,Electric Company ,10,177,
16,Player 1,1646,Chance,4,606,
16,Player 1,1646,Jail,4,606,
17,Player 2,1827,Chance,10,177,
17,Player 1,1646,Jail,4,606,
18,Player 2,1677,Go To Jail,10,27,
18,Player 2,1677,Jail,10,27,
18,Player 1,1596,Marlborough Street,4,556,
19,Player 2,1677,Jail,10,27,
19,Player 1,1596,Coventry Street,5,376,
20,Player 2,1699,Jail,10,49,
20,Player 1,1574,Liverpool Street,5,354,
21,Player 2,1699,Jail,10,49,
21,Player 1,1744,Mayfair,6,324,
22,Player 2,1699,Jail,10,49,
22,Player 1,1944,The Angel Islington,6,524,
23,Player 2,1705,Marylebone Station,10,55,
23,Player 1,1938,Northumberland Avenue,6,518,
24,Player 2,1705,Trafalgar Square,10,55,
24,Player 1,1938,Vine Street,6,518,
25,Player 2,1705,Regent Street,10,55,
25,Player 1,2208,Fenchurch St Station,8,288,
25,Player 1,2378,Liverpool Street,9,258,
26,Player 2,1705,Chance,10,55,
26,Player 1,2378,Mayfair,9,258,
27,Player 2,1905,The Angel Islington,10,255,
27,Player 1,2578,Whitechapel Road,9,458,
28,Player 2,1905,Northumberland Avenue,10,255,
28,Player 1,2590,Kings Cross Station,10,410,
28,Player 1,2590,Electric Company ,10,410,
29,Player 2,1921,Marlborough Street,10,271,
29,Player 1,2576,Marlborough Street,10,396,
30,Player 2,1907,Leicester Square,10,257,
30,Player 1,2693,Coventry Street,11,253,
31,Player 2,1929,Water Works,10,279,
31,Player 2,1929,Super Tax,11,129,
31,Player 1,2671,Go To Jail,11,231,
31,Player 1,2671,Jail,11,231,
32,Player 2,2029,Pentonville Road,11,229,
32,Player 1,2671,Jail,11,231,
33,Player 2,2029,Bow Street,12,109,
33,Player 1,2621,Free Parking,11,181,
34,Player 2,2029,The Strand,12,109,
34,Player 1,2621,Fenchurch St Station,11,181,
35,Player 2,2029,Leicester Square,12,109,
35,Player 1,2643,Regent Street,11,203,
36,Player 2,2007,Liverpool Street,12,87,
36,Player 1,2943,Community Chest,11,503,
37,Player 2,1957,Mayfair,12,37,
37,Player 1,3013,Chance,11,573,
37,Player 1,3013,Mayfair,11,573,
38,Player 2,2157,Kings Cross Station,12,237,
38,Player 2,2057,Community Chest,12,137,
38,Player 2,2107,Free Parking,12,187,
38,Player 1,2773,The Angel Islington,12,273,
39,Player 2,2004,Trafalgar Square,11,144,
39,Player 2,2004,Community Chest,11,144,
39,Player 1,2761,Jail,12,261,
40,Player 2,1904,Liverpool Street,11,44,
40,Player 2,1929,Super Tax,11,69,
40,Player 1,2861,Community Chest,12,361,
41,Player 2,2129,Income Tax,11,269,
41,Player 1,2871,Fleet Street,12,371,
42,Player 2,1929,Pall Mall,11,69,
42,Player 1,3036,Piccadilly,13,316,
43,Player 2,1929,Marlborough Street,11,69,
43,Player 1,3250,Old Kent Road,13,530,
43,Player 1,3250,Electric Company ,13,530,
44,Player 2,2025,Trafalgar Square,11,165,
44,Player 2,2025,Go To Jail,11,165,
44,Player 2,2025,Jail,11,165,
44,Player 1,3140,Marlborough Street,13,70,
45,Player 2,2025,Jail,11,165,
45,Player 1,3140,Fenchurch St Station,13,70,
46,Player 2,1975,Bow Street,11,115,
46,Player 1,3140,Coventry Street,13,70,
46,Player 1,3118,Liverpool Street,13,48,
47,Player 2,1997,Fenchurch St Station,11,137,
47,Player 1,3418,Old Kent Road,13,298,
48,Player 2,1897,Community Chest,11,37,
48,Player 1,3218,Euston Road,13,248,
49,Player 2,2097,Whitechapel Road,11,237,
49,Player 1,3468,Jail,13,648,
49,Player 1,3468,Chance,13,648,
49,Player 1,3468,Marylebone Station,13,648,
49,Player 1,3443,Jail,13,623,
50,Player 2,1907,Euston Road,11,47,
50,Player 1,3443,Jail,13,623,
51,Player 2,1907,Vine Street,11,47,
51,Player 1,3409,Bow Street,13,589,
51,Player 1,3395,Fenchurch St Station,13,575,
52,Player 2,1905,Water Works,11,45,
52,Player 1,3395,Chance,13,575,
52,Player 1,3395,Kings Cross Station,13,575,
53,Player 2,1905,Park Lane,11,45,
53,Player 1,3710,Electric Company ,14,340,
54,Player 2,2175,Community Chest,11,315,
54,Player 1,3640,The Strand,14,270,
55,Player 2,2138,The Angel Islington,11,278,
55,Player 2,2138,Bow Street,11,278,
55,Player 2,2138,Fleet Street,11,278,
55,Player 1,3658,Regent Street,14,288,
56,Player 2,2120,Water Works,11,260,
56,Player 1,3858,Whitechapel Road,14,488,
56,Player 1,3858,Pentonville Road,14,488,
57,Player 2,2136,Liverpool Street,11,276,
57,Player 1,3942,The Strand,14,372,
57,Player 1,3942,Leicester Square,14,372,
58,Player 2,2236,Old Kent Road,11,376,
58,Player 1,4192,Chance,14,222,
59,Player 2,1986,Euston Road,11,126,
59,Player 1,4442,Income Tax,14,472,
60,Player 2,1986,Pall Mall,11,126,
60,Player 1,4242,Whitehall ,14,272,
61,Player 2,1986,The Strand,11,126,
61,Player 2,1986,Regent Street,11,126,
61,Player 1,4268,Marlborough Street,15,158,
62,Player 2,1960,Super Tax,11,100,
62,Player 1,4268,Coventry Street,15,158,
63,Player 2,2082,Whitechapel Road,11,222,
63,Player 1,4696,Regent Street,15,386,
64,Player 2,1867,Pall Mall,11,7,
64,Player 1,4696,Bond Street,15,386,
65,Player 2,1867,Free Parking,11,7,
65,Player 1,4984,Chance,16,354,
65,Player 1,4859,GO,16,229,
66,Player 2,1867,Water Works,11,7,
66,Player 2,1867,Bond Street,11,7,
66,Player 1,4887,Euston Road,16,257,
67,Player 2,1889,Mayfair,11,29,
67,Player 2,0,Mayfair,0,0,
1,Player 1,1500,Whitechapel Road,0,1500,
1,Player 2,1500,Pentonville Road,0,1500,
2,Player 1,1500,Pentonville Road,1,1440,
2,Player 2,1508,Community Chest,1,1388,
2,Player 2,1533,Coventry Street,1,1413,
3,Player 1,1492,Marylebone Station,1,1432,
3,Player 2,1533,Liverpool Street,2,1153,
4,Player 1,1492,Chance,2,1232,
4,Player 2,1733,Whitechapel Road,3,1153,
5,Player 1,1596,Community Chest,2,1336,
5,Player 2,1729,Northumberland Avenue,3,1149,
6,Player 1,1616,Mayfair,2,1356,
6,Player 2,1729,Vine Street,4,989,
7,Player 1,1816,Pentonville Road,3,1156,
7,Player 1,1808,Marylebone Station,3,1148,
7,Player 2,1737,Fenchurch St Station,5,797,
8,Player 1,1808,Free Parking,3,1148,
8,Player 2,1737,Oxford Street,6,597,
9,Player 1,1808,Water Works,4,848,
9,Player 2,1937,Community Chest,6,797,
9,Player 2,1987,Euston Road,6,847,
10,Player 1,1808,Mayfair,5,698,
10,Player 2,1987,Pall Mall,7,747,
11,Player 1,2008,Whitechapel Road,5,898,
11,Player 2,1987,Community Chest,8,607,
12,Player 1,2008,The Angel Islington,5,898,
12,Player 2,1887,Trafalgar Square,8,507,
13,Player 1,2008,Northumberland Avenue,6,798,
13,Player 2,1899,Coventry Street,9,279,
14,Player 1,1996,Leicester Square,6,786,
14,Player 1,1996,Liverpool Street,7,526,
14,Player 2,1949,Bond Street,9,329,
15,Player 1,2306,The Angel Islington,8,516,
15,Player 2,2149,Old Kent Road,9,529,
16,Player 1,2306,Bow Street,8,516,
16,Player 2,2149,Chance,10,469,
16,Player 2,2149,GO,10,469,
16,Player 2,2149,Pentonville Road,10,469,
17,Player 1,2306,Fenchurch St Station,9,336,
17,Player 2,2199,Community Chest,10,519,
18,Player 1,2256,Piccadilly,9,286,
18,Player 2,2307,The Strand,11,347,
19,Player 1,2256,Super Tax,9,286,
19,Player 2,2384,Coventry Street,12,204,
19,Player 2,2384,Chance,12,204,
19,Player 2,2384,Jail,12,204,
20,Player 1,2356,Chance,9,386,
20,Player 2,2384,Jail,12,204,
21,Player 1,2206,Vine Street,9,236,
21,Player 1,2190,Chance,9,220,
21,Player 2,2350,Northumberland Avenue,12,170,
22,Player 1,2190,Piccadilly,9,220,
22,Player 2,2372,Trafalgar Square,12,192,
23,Player 1,2168,Liverpool Street,9,198,
23,Player 2,2422,Piccadilly,12,242,
24,Player 1,2118,Mayfair,9,148,
24,Player 2,2622,GO,12,442,
25,Player 1,2318,Pentonville Road,9,348,
25,Player 1,2310,Marylebone Station,9,340,
25,Player 1,2310,Chance,9,340,
25,Player 1,2310,Mayfair,9,340,
25,Player 2,2630,Income Tax,12,450,
25,Player 2,2430,Northumberland Avenue,12,250,
26,Player 1,2510,Euston Road,9,540,
26,Player 2,2436,Trafalgar Square,12,256,
27,Player 1,2504,Electric Company ,9,534,
27,Player 2,2436,Liverpool Street,12,256,
28,Player 1,2504,Free Parking,10,384,
28,Player 2,2636,Old Kent Road,12,456,
29,Player 1,2504,Coventry Street,10,384,
29,Player 2,2658,Jail,12,478,
30,Player 1,2482,Community Chest,10,362,
30,Player 2,2658,Marylebone Station,12,478,
31,Player 1,2657,Kings Cross Station,10,537,
31,Player 1,2657,Marylebone Station,11,337,
31,Player 2,2633,Free Parking,12,453,
32,Player 1,2657,Fenchurch St Station,11,337,
32,Player 2,2683,Go To Jail,12,503,
32,Player 2,2683,Jail,12,503,
33,Player 1,2607,Community Chest,11,287,
33,Player 2,2683,Jail,12,503,
34,Player 1,2907,Community Chest,11,587,
34,Player 2,2573,Bow Street,11,453,
35,Player 1,2581,Pall Mall,12,201,
35,Player 2,2569,Vine Street,11,449,
36,Player 1,2571,Free Parking,12,191,
36,Player 2,2569,Go To Jail,11,449,
36,Player 2,2569,Jail,11,449,
37,Player 1,2571,Water Works,12,191,
37,Player 2,2569,Jail,11,449,
38,Player 1,2571,Community Chest,12,191,
38,Player 1,2571,Electric Company ,12,191,
38,Player 2,2519,Marlborough Street,11,399,
39,Player 1,2571,Fleet Street,12,191,
39,Player 2,2640,Chance,13,120,
39,Player 2,2640,Marylebone Station,13,120,
40,Player 1,2621,Oxford Street,12,241,
40,Player 2,2590,Chance,13,70,
40,Player 2,2590,Fenchurch St Station,13,70,
41,Player 1,2621,Chance,12,241,
41,Player 1,2871,Community Chest,12,491,
41,Player 1,2871,Jail,12,491,
41,Player 2,2590,Oxford Street,13,70,
42,Player 1,2897,Jail,12,117,
42,Player 2,2764,Old Kent Road,13,244,
43,Player 1,3007,Marylebone Station,12,227,
43,Player 2,2604,Chance,13,84,
43,Player 2,2604,Jail,13,84,
44,Player 1,3007,Free Parking,12,227,
44,Player 2,2604,Bow Street,13,84,
44,Player 2,2590,Fenchurch St Station,13,70,
45,Player 1,3021,Leicester Square,12,241,
45,Player 2,2590,Regent Street,13,70,
46,Player 1,3291,Liverpool Street,13,211,
46,Player 2,2640,Community Chest,13,120,
46,Player 2,2790,Community Chest,13,270,
47,Player 1,3241,Park Lane,13,161,
47,Player 1,3441,Kings Cross Station,13,361,
47,Player 1,3441,Jail,13,361,
47,Player 2,3120,Income Tax,14,100,
47,Player 2,3120,Electric Company ,14,100,
47,Player 2,3040,Community Chest,14,20,
47,Player 2,3040,GO,14,20,
48,Player 1,3521,Jail,13,241,
48,Player 2,3040,Euston Road,14,20,
49,Player 1,3471,Bow Street,13,191,
49,Player 2,3040,Northumberland Avenue,14,20,
49,Player 2,3040,The Strand,14,20,
50,Player 1,3471,Free Parking,13,191,
50,Player 1,3471,Water Works,13,191,
50,Player 1,3471,Bond Street,13,191,
50,Player 2,3040,Leicester Square,14,20,
51,Player 1,3493,Mayfair,13,213,
51,Player 2,3078,Community Chest,14,58,
51,Player 2,3078,Old Kent Road,14,58,
52,Player 1,3853,Whitechapel Road,13,573,
52,Player 1,3853,Electric Company ,13,573,
52,Player 2,3108,Jail,14,88,
53,Player 1,3853,Marlborough Street,13,373,
53,Player 2,3122,Chance,14,102,
53,Player 2,3102,Piccadilly,14,82,
54,Player 1,3839,Water Works,13,359,
54,Player 2,3302,GO,14,282,
55,Player 1,3839,Liverpool Street,13,359,
55,Player 2,3286,Pentonville Road,14,266,
56,Player 1,3989,GO,13,509,
56,Player 2,3286,Marlborough Street,14,266,
57,Player 1,3589,Pentonville Road,13,209,
57,Player 2,3294,Water Works,14,274,
58,Player 1,3681,Electric Company ,13,301,
58,Player 2,3194,Oxford Street,14,174,
59,Player 1,3811,Community Chest,13,231,
59,Player 2,3054,Park Lane,14,34,
60,Player 1,3821,Trafalgar Square,13,241,
60,Player 2,3154,Mayfair,14,134,
60,Player 2,3304,Income Tax,14,284,
61,Player 1,3771,Oxford Street,13,191,
61,Player 2,3104,Pall Mall,14,84,
62,Player 1,3771,Chance,13,191,
62,Player 1,3771,Community Chest,13,191,
62,Player 2,3104,Bow Street,14,84,
63,Player 1,3810,Chance,13,230,
63,Player 2,3090,Free Parking,14,70,
64,Player 1,3995,Whitechapel Road,13,415,
64,Player 2,3090,Coventry Street,14,70,
65,Player 1,3995,The Angel Islington,13,215,
65,Player 2,3090,Chance,14,70,
65,Player 2,3090,Pall Mall,14,70,
66,Player 1,3995,Pentonville Road,13,215,
66,Player 2,3098,Bow Street,14,78,
67,Player 1,4001,Marylebone Station,13,221,
67,Player 2,3084,Trafalgar Square,14,64,
68,Player 1,4001,The Strand,13,221,
68,Player 2,3120,Chance,14,100,
68,Player 2,3470,Whitechapel Road,14,450,
69,Player 1,4415,Piccadilly,13,235,
69,Player 1,4393,Regent Street,13,213,
69,Player 1,4393,Super Tax,13,213,
69,Player 2,3042,Whitehall ,14,22,
70,Player 1,4619,Income Tax,14,299,
70,Player 2,3042,The Strand,14,22,
71,Player 1,4419,Pall Mall,14,99,
71,Player 2,3052,Regent Street,14,32,
72,Player 1,4799,Marlborough Street,14,279,
72,Player 2,3046,Super Tax,14,26,
73,Player 1,4785,Fenchurch St Station,14,265,
73,Player 2,3296,The Angel Islington,14,276,
74,Player 1,4741,Oxford Street,14,221,
74,Player 2,3224,Pall Mall,14,204,
75,Player 1,4741,Mayfair,14,221,
75,Player 2,3224,Northumberland Avenue,14,204,
76,Player 1,4941,The Angel Islington,14,421,
76,Player 2,3224,The Strand,14,204,
77,Player 1,4941,Community Chest,14,221,
77,Player 2,3224,Trafalgar Square,14,204,
78,Player 1,4961,Fenchurch St Station,14,241,
78,Player 2,3274,Water Works,14,254,
78,Player 2,3234,Go To Jail,14,214,
78,Player 2,3234,Jail,14,214,
79,Player 1,4951,Community Chest,14,231,
79,Player 2,3234,Jail,14,214,
80,Player 1,5001,Super Tax,14,281,
80,Player 2,3184,Community Chest,14,164,
81,Player 1,5101,Income Tax,14,381,
81,Player 1,4901,Electric Company ,14,181,
81,Player 2,3084,The Strand,14,64,
82,Player 1,4901,Free Parking,14,181,
82,Player 2,3084,Water Works,14,64,
83,Player 1,4971,Trafalgar Square,14,251,
83,Player 2,3174,Mayfair,14,154,
84,Player 1,4921,Piccadilly,14,201,
84,Player 2,3346,The Angel Islington,14,326,
85,Player 1,4905,Community Chest,14,185,
85,Player 2,3274,Whitehall ,14,254,
86,Player 1,5125,Community Chest,14,405,
86,Player 2,3264,Vine Street,14,244,
87,Player 1,5075,Kings Cross Station,14,355,
87,Player 2,3264,Fenchurch St Station,14,244,
88,Player 1,5075,Euston Road,14,355,
88,Player 2,3270,Oxford Street,14,250,
89,Player 1,4369,Bow Street,14,249,
89,Player 2,3060,Bond Street,14,40,
89,Player 2,3100,GO,14,230,
90,Player 1,4969,Fleet Street,14,1449,
90,Player 2,3045,Electric Company ,14,175,
90,Player 2,2925,Community Chest,14,55,
91,Player 1,5089,Piccadilly,14,1569,
91,Player 2,3025,Free Parking,14,155,
92,Player 1,5089,Park Lane,14,1569,
92,Player 2,3025,Piccadilly,14,155,
93,Player 1,5289,GO,14,1769,
93,Player 2,3025,Bond Street,14,155,
94,Player 1,6689,Kings Cross Station,14,3169,
94,Player 2,3085,Income Tax,14,215,
95,Player 1,6689,Whitehall ,14,3169,
95,Player 1,6689,Free Parking,14,3169,
95,Player 2,2885,Jail,14,15,
96,Player 1,6689,Piccadilly,14,3169,
96,Player 2,2885,Northumberland Avenue,14,15,
97,Player 1,6689,Mayfair,14,3169,
97,Player 2,2885,Fenchurch St Station,14,15,
98,Player 1,6889,Kings Cross Station,14,3369,
98,Player 2,2885,Community Chest,14,15,
98,Player 2,3085,Super Tax,14,215,
99,Player 1,6889,Jail,14,3369,
99,Player 2,3185,The Angel Islington,14,315,
100,Player 1,6895,Marlborough Street,14,3375,
100,Player 2,3058,Euston Road,14,188,
100,Player 2,3058,Marylebone Station,14,188,
101,Player 1,6945,Leicester Square,14,3425,
101,Player 1,6945,Community Chest,14,3425,
101,Player 1,6945,Electric Company ,14,3425,
101,Player 2,3008,Leicester Square,14,138,
102,Player 1,6967,The Strand,14,3447,
102,Player 2,2986,Community Chest,14,116,
102,Player 2,2986,Jail,14,116,
103,Player 1,6967,Trafalgar Square,14,3447,
103,Player 2,2986,Jail,14,116,
104,Player 1,6967,Piccadilly,14,3447,
104,Player 2,2936,Vine Street,14,66,
105,Player 1,6967,Park Lane,14,3447,
105,Player 2,2936,Fleet Street,14,66,
106,Player 1,7167,GO,14,3647,
106,Player 2,2586,Oxford Street,13,66,
107,Player 1,5100,Chance,15,230,
107,Player 2,2771,Community Chest,13,251,
108,Player 1,5200,Whitehall ,15,330,
108,Player 1,5200,The Strand,15,330,
108,Player 2,2666,Pall Mall,13,146,
109,Player 1,5200,Piccadilly,15,330,
109,Player 1,5200,Park Lane,15,330,
109,Player 2,2666,Community Chest,13,146,
110,Player 1,5400,GO,15,530,
110,Player 2,2700,Free Parking,13,180,
111,Player 1,5400,Whitechapel Road,15,330,
111,Player 2,2700,Fleet Street,13,180,
112,Player 1,5400,Electric Company ,15,330,
112,Player 2,2700,Piccadilly,13,180,
112,Player 2,2700,Chance,13,180,
112,Player 2,2700,GO,13,180,
113,Player 1,5400,Chance,15,330,
113,Player 1,5400,Jail,15,330,
113,Player 2,2700,Pall Mall,13,180,
114,Player 1,5400,Jail,15,330,
114,Player 2,2700,Marlborough Street,13,180,
115,Player 1,5350,Chance,15,280,
115,Player 1,5200,Bond Street,15,130,
115,Player 1,5200,Jail,15,130,
115,Player 2,2700,Trafalgar Square,13,180,
116,Player 1,5200,Jail,15,130,
116,Player 2,2700,Go To Jail,13,180,
116,Player 2,2700,Jail,13,180,
116,Player 2,2700,Northumberland Avenue,13,180,
117,Player 1,5150,Community Chest,15,80,
117,Player 1,5150,GO,15,80,
117,Player 2,2700,Northumberland Avenue,13,180,
118,Player 1,5150,The Angel Islington,15,80,
118,Player 2,2650,The Strand,13,130,
119,Player 1,5150,Bow Street,15,80,
119,Player 1,5150,Free Parking,15,80,
119,Player 2,2650,Trafalgar Square,13,130,
120,Player 1,5150,Water Works,15,80,
120,Player 2,2650,Chance,13,130,
120,Player 2,2850,Whitechapel Road,13,330,
121,Player 1,5600,Bond Street,15,330,
121,Player 1,5800,Old Kent Road,15,530,
121,Player 2,2590,Chance,13,70,
121,Player 2,2590,Mayfair,13,70,
121,Player 2,0,Mayfair,0,0,
1,Player 2,1500,Chance,0,1500,
1,Player 2,1500,GO,0,1500,
1,Player 1,1500,Pentonville Road,0,1500,
2,Player 2,1500,Kings Cross Station,0,1500,
2,Player 1,1500,The Strand,1,1380,
2,Player 1,1500,Leicester Square,2,1160,
3,Player 2,1500,Bow Street,1,1300,
3,Player 1,1500,Oxford Street,3,900,
4,Player 2,1500,The Strand,2,1120,
4,Player 1,1518,Super Tax,4,618,
5,Player 2,1482,Water Works,2,1102,
5,Player 1,1618,Euston Road,4,718,
6,Player 2,1482,Super Tax,3,952,
6,Player 2,1582,Whitechapel Road,3,1052,
6,Player 1,1618,Community Chest,5,618,
7,Player 2,1582,Pentonville Road,4,992,
7,Player 2,1574,Marlborough Street,4,984,
7,Player 1,1526,Fleet Street,5,526,
7,Player 1,1526,Water Works,6,306,
8,Player 2,1594,Trafalgar Square,5,824,
8,Player 1,1506,Park Lane,6,286,
9,Player 2,1773,Community Chest,7,413,
9,Player 2,1773,Jail,7,413,
9,Player 1,1706,Income Tax,6,486,
10,Player 2,1773,Jail,7,413,
10,Player 1,1536,Jail,6,316,
11,Player 2,1723,Marlborough Street,7,363,
11,Player 1,1536,Northumberland Avenue,6,316,
12,Player 2,1723,Water Works,8,203,
12,Player 1,1536,Free Parking,6,316,
13,Player 2,1723,Chance,8,203,
13,Player 2,1723,Pall Mall,8,203,
13,Player 2,1723,Marlborough Street,8,203,
13,Player 1,1557,Leicester Square,7,197,
14,Player 2,1723,Fleet Street,8,203,
14,Player 1,1575,Oxford Street,7,215,
15,Player 2,1705,Leicester Square,8,185,
15,Player 1,1797,Old Kent Road,7,437,
16,Player 2,1683,Bond Street,8,163,
16,Player 1,2037,Pall Mall,9,297,
17,Player 2,1683,Super Tax,8,163,
17,Player 1,2037,Marylebone Station,9,297,
18,Player 2,1783,Income Tax,8,263,
18,Player 1,2207,Fleet Street,10,267,
19,Player 2,1605,Marylebone Station,8,85,
19,Player 1,2232,Go To Jail,10,292,
19,Player 1,2232,Jail,10,292,
20,Player 2,1580,Fleet Street,8,60,
20,Player 1,2250,Jail,10,310,
21,Player 2,1562,Piccadilly,8,42,
21,Player 2,1562,Bond Street,8,42,
21,Player 1,2480,Community Chest,11,260,
22,Player 2,1734,Income Tax,8,214,
22,Player 2,1561,The Angel Islington,8,41,
22,Player 2,1561,Jail,8,41,
22,Player 1,2575,Leicester Square,12,255,
23,Player 2,1561,Jail,8,41,
23,Player 1,2575,Water Works,12,255,
23,Player 1,2567,Chance,12,247,
24,Player 2,1569,Jail,8,49,
24,Player 1,2747,Chance,12,427,
25,Player 2,1569,Jail,8,49,
25,Player 1,2597,Northumberland Avenue,12,277,
26,Player 2,1581,Jail,8,61,
26,Player 1,2585,Fleet Street,12,265,
27,Player 2,1581,The Strand,8,61,
27,Player 1,2603,Go To Jail,12,283,
27,Player 1,2603,Jail,12,283,
28,Player 2,1563,Trafalgar Square,8,43,
28,Player 1,2603,Jail,12,283,
29,Player 2,1563,Water Works,8,43,
29,Player 1,2553,Chance,12,233,
29,Player 1,2553,Fenchurch St Station,12,233,
29,Player 1,2723,Oxford Street,13,203,
30,Player 2,1563,Liverpool Street,8,43,
30,Player 1,3093,Old Kent Road,14,373,
31,Player 2,1763,Whitechapel Road,8,243,
31,Player 2,1763,Marylebone Station,8,243,
31,Player 2,1663,Jail,8,143,
31,Player 1,3193,Euston Road,14,73,
32,Player 2,1663,Jail,8,143,
32,Player 1,3193,Whitehall ,14,73,
33,Player 2,1711,Marlborough Street,9,51,
33,Player 1,3193,The Strand,14,73,
34,Player 2,1711,Fenchurch St Station,9,51,
34,Player 1,3293,Go To Jail,14,123,
34,Player 1,3293,Jail,14,123,
35,Player 2,1711,Regent Street,9,51,
35,Player 1,3563,Jail,15,43,
36,Player 2,1711,Park Lane,9,51,
36,Player 1,3563,Jail,15,43,
37,Player 2,1911,Kings Cross Station,9,251,
37,Player 1,3563,Jail,15,43,
38,Player 2,1911,Marylebone Station,9,251,
38,Player 1,3663,Jail,15,93,
39,Player 2,1811,Leicester Square,9,151,
39,Player 1,3685,Bow Street,15,65,
39,Player 1,3671,Fleet Street,15,51,
40,Player 2,1803,Super Tax,9,143,
40,Player 2,1903,Income Tax,9,243,
40,Player 1,3671,Regent Street,15,51,
41,Player 2,1713,Jail,9,53,
41,Player 1,3671,Mayfair,15,51,
42,Player 2,1713,Vine Street,9,53,
42,Player 1,3871,Community Chest,15,251,
42,Player 1,3871,GO,15,251,
43,Player 2,1893,Piccadilly,10,33,
43,Player 2,1871,Mayfair,10,11,
43,Player 1,3653,Income Tax,16,83,
44,Player 2,2071,Pentonville Road,10,211,
44,Player 2,1976,Free Parking,10,116,
44,Player 1,4253,Pall Mall,16,283,
45,Player 2,1943,Fenchurch St Station,10,83,
45,Player 1,4353,Bow Street,16,383,
46,Player 2,1943,Coventry Street,10,83,
46,Player 2,1943,Oxford Street,10,83,
46,Player 1,4626,Marlborough Street,17,396,
46,Player 1,4626,Fleet Street,17,396,
47,Player 2,1891,Mayfair,10,31,
47,Player 1,4676,Water Works,17,246,
48,Player 2,2161,Chance,10,301,
48,Player 2,2146,Northumberland Avenue,10,286,
48,Player 1,4656,Go To Jail,17,226,
48,Player 1,4656,Jail,17,226,
49,Player 2,2064,Marlborough Street,10,204,
49,Player 2,2064,Chance,10,204,
49,Player 2,2064,Marylebone Station,10,204,
49,Player 2,1964,Chance,10,104,
49,Player 1,4756,Jail,17,326,
50,Player 2,2014,Trafalgar Square,10,154,
50,Player 2,2014,Community Chest,10,154,
50,Player 1,4706,Marlborough Street,17,276,
51,Player 2,2314,GO,10,454,
51,Player 1,4706,Fenchurch St Station,17,276,
52,Player 2,2116,Pentonville Road,10,256,
52,Player 1,4766,Bond Street,18,276,
53,Player 2,1841,Vine Street,9,41,
53,Player 1,4733,Mayfair,18,243,
54,Player 2,1841,Coventry Street,9,41,
54,Player 1,4977,Jail,18,487,
55,Player 2,1897,Piccadilly,9,97,
55,Player 2,1853,Park Lane,9,53,
55,Player 1,5021,Vine Street,18,331,
56,Player 2,2085,Kings Cross Station,9,285,
56,Player 1,4989,Fenchurch St Station,18,299,
56,Player 1,4989,Community Chest,18,299,
56,Player 1,4989,Electric Company ,18,299,
57,Player 2,2003,Northumberland Avenue,9,203,
57,Player 1,4989,Vine Street,19,149,
58,Player 2,2035,The Strand,9,235,
58,Player 1,4975,Fenchurch St Station,19,135,
59,Player 2,2017,Oxford Street,9,217,
59,Player 1,5105,Go To Jail,19,265,
59,Player 1,5105,Jail,19,265,
60,Player 2,2087,Old Kent Road,9,287,
60,Player 1,5107,Jail,19,267,
61,Player 2,2085,Pall Mall,9,285,
61,Player 2,2075,Marlborough Street,9,275,
61,Player 1,5067,Vine Street,19,227,
62,Player 2,2107,Leicester Square,9,307,
62,Player 1,5079,Fleet Street,19,239,
63,Player 2,2063,Liverpool Street,9,263,
63,Player 1,5179,Water Works,19,339,
64,Player 2,2183,GO,9,383,
64,Player 1,5159,Liverpool Street,19,319,
65,Player 2,2084,Chance,9,284,
65,Player 1,5359,Kings Cross Station,19,519,
65,Player 1,5334,Whitehall ,19,494,
66,Player 2,2119,Northumberland Avenue,9,319,
66,Player 1,5324,The Strand,19,284,
67,Player 2,2119,Vine Street,9,319,
67,Player 1,5324,Piccadilly,19,284,
67,Player 1,5324,Oxford Street,19,284,
68,Player 2,2119,Regent Street,9,319,
68,Player 2,1829,Liverpool Street,9,29,
68,Player 1,5814,Super Tax,19,274,
69,Player 2,2029,Old Kent Road,9,229,
69,Player 1,5916,Kings Cross Station,19,376,
70,Player 2,2052,Euston Road,9,252,
70,Player 1,6441,Pentonville Road,19,301,
71,Player 2,1857,Marylebone Station,9,57,
71,Player 1,6541,Electric Company ,19,201,
72,Player 2,1857,The Strand,9,57,
72,Player 2,1839,Piccadilly,9,39,
72,Player 1,6679,Community Chest,19,339,
73,Player 2,1819,Super Tax,9,19,
73,Player 1,6699,Fenchurch St Station,19,359,
73,Player 1,6699,Regent Street,19,359,
74,Player 2,2019,Income Tax,9,219,
74,Player 2,1819,Jail,9,19,
74,Player 2,1819,Marylebone Station,9,19,
74,Player 1,6999,GO,19,459,
75,Player 2,1819,The Strand,9,19,
75,Player 1,7017,Whitechapel Road,19,277,
76,Player 2,1801,Go To Jail,9,1,
76,Player 2,1801,Jail,9,1,
76,Player 1,7017,Pentonville Road,19,277,
77,Player 2,1801,Jail,9,1,
77,Player 1,7017,Electric Company ,19,277,
78,Player 2,1801,Jail,9,1,
78,Player 1,7017,Community Chest,19,277,
79,Player 2,1801,Jail,9,1,
79,Player 1,7042,Piccadilly,19,302,
79,Player 1,7242,GO,19,502,
80,Player 2,1801,Jail,9,1,
80,Player 1,6442,Euston Road,19,302,
80,Player 1,6442,Vine Street,19,302,
81,Player 2,1833,Northumberland Avenue,9,33,
81,Player 1,6410,Fleet Street,19,270,
82,Player 2,1833,Free Parking,9,33,
82,Player 2,1833,Water Works,9,33,
82,Player 1,6410,Coventry Street,19,270,
83,Player 2,1833,Chance,9,33,
83,Player 1,6410,Liverpool Street,19,270,
83,Player 1,6610,Old Kent Road,19,470,
84,Player 2,2033,Community Chest,9,233,
84,Player 2,2033,Old Kent Road,9,233,
84,Player 1,5812,Electric Company ,19,272,
85,Player 2,2031,Jail,9,231,
85,Player 1,5812,Marlborough Street,19,272,
86,Player 2,2031,Marlborough Street,9,231,
86,Player 1,5812,Coventry Street,19,272,
87,Player 2,2031,Fleet Street,9,231,
87,Player 1,5830,Park Lane,19,290,
88,Player 2,2048,Piccadilly,9,248,
88,Player 1,6115,Income Tax,19,575,
89,Player 2,1928,Chance,9,128,
89,Player 2,1928,Mayfair,9,128,
89,Player 1,5165,Jail,19,225,
90,Player 2,2078,Whitechapel Road,9,278,
90,Player 2,2074,Pentonville Road,9,274,
90,Player 2,1829,Northumberland Avenue,9,29,
90,Player 1,5569,Marylebone Station,19,79,
91,Player 2,1829,The Strand,9,29,
91,Player 1,5587,Chance,19,97,
91,Player 1,5587,Vine Street,19,97,
92,Player 2,1843,Water Works,9,43,
92,Player 1,5555,Fenchurch St Station,19,65,
93,Player 2,1843,Super Tax,9,43,
93,Player 1,5555,Bond Street,19,65,
94,Player 2,2043,Kings Cross Station,9,243,
94,Player 1,5755,The Angel Islington,19,265,
94,Player 1,5755,Whitehall ,19,265,
95,Player 2,2053,Euston Road,9,253,
95,Player 1,6095,Community Chest,19,155,
96,Player 2,1848,Pall Mall,9,48,
96,Player 1,6115,Fleet Street,19,175,
97,Player 2,1838,Northumberland Avenue,9,38,
97,Player 1,6115,Go To Jail,19,175,
97,Player 1,6115,Jail,19,175,
98,Player 2,1838,Free Parking,9,38,
98,Player 1,6115,Jail,19,175,
99,Player 2,1838,Leicester Square,9,38,
99,Player 1,6395,The Strand,19,305,
100,Player 2,1863,Oxford Street,9,63,
100,Player 2,0,Oxford Street,0,0,
1,Player 2,1500,The Angel Islington,0,1500,
1,Player 1,1500,Euston Road,0,1500,
1,Player 1,1500,Bow Street,1,1400,
2,Player 2,1500,Whitehall ,1,1400,
2,Player 1,1500,Leicester Square,2,1220,
3,Player 2,1500,The Strand,2,1260,
3,Player 2,1500,Leicester Square,3,1040,
3,Player 1,1522,Community Chest,3,982,
4,Player 2,1478,Liverpool Street,3,1018,
4,Player 1,1472,Super Tax,3,932,
5,Player 2,1678,Whitechapel Road,4,1018,
5,Player 2,1678,Pentonville Road,5,958,
5,Player 2,1678,Northumberland Avenue,6,838,
5,Player 1,1572,Community Chest,3,1032,
5,Player 1,1672,Euston Road,3,1132,
5,Player 1,1672,Electric Company ,3,1132,
6,Player 2,1678,Vine Street,7,678,
6,Player 1,1672,Northumberland Avenue,4,982,
6,Player 1,1660,Trafalgar Square,4,970,
7,Player 2,1690,Chance,8,490,
7,Player 2,1690,Marylebone Station,8,490,
7,Player 1,1660,Regent Street,5,730,
8,Player 2,1690,Marlborough Street,9,290,
8,Player 1,1669,Bond Street,7,259,
9,Player 2,1690,Fenchurch St Station,9,290,
9,Player 1,2045,Whitechapel Road,8,315,
10,Player 2,1834,Regent Street,10,234,
10,Player 1,2067,Euston Road,8,337,
11,Player 2,1808,Community Chest,10,208,
11,Player 2,2058,Whitechapel Road,10,458,
11,Player 1,2067,Northumberland Avenue,8,337,
12,Player 2,2070,Northumberland Avenue,10,470,
12,Player 1,2055,Free Parking,8,325,
12,Player 1,2055,Piccadilly,8,325,
13,Player 2,2154,Community Chest,11,274,
13,Player 1,2055,Bond Street,8,325,
14,Player 2,2104,Piccadilly,11,224,
14,Player 2,2104,Chance,11,224,
14,Player 1,2255,GO,8,525,
15,Player 2,2354,Kings Cross Station,11,474,
15,Player 1,2255,Chance,8,525,
16,Player 2,2354,Marylebone Station,12,274,
16,Player 1,2255,Community Chest,8,525,
17,Player 2,2354,The Strand,12,274,
17,Player 2,2354,Water Works,12,274,
17,Player 1,2155,Fenchurch St Station,8,425,
18,Player 2,2554,Super Tax,13,324,
18,Player 2,2654,Whitechapel Road,13,424,
18,Player 1,1955,Chance,8,225,
19,Player 2,2654,Pentonville Road,13,424,
19,Player 2,2654,Electric Company ,13,424,
19,Player 1,2167,GO,8,437,
20,Player 2,2642,Bow Street,13,412,
20,Player 1,2181,Whitechapel Road,8,451,
21,Player 2,2632,Trafalgar Square,13,402,
21,Player 1,2197,Pentonville Road,8,467,
22,Player 2,2620,Oxford Street,13,390,
22,Player 1,2294,Whitehall ,9,264,
22,Player 1,2284,The Strand,9,254,
23,Player 2,2848,Community Chest,13,618,
23,Player 2,2848,Jail,13,618,
23,Player 1,2266,Piccadilly,9,236,
24,Player 2,2870,Jail,13,640,
24,Player 1,2244,Super Tax,9,214,
25,Player 2,2820,Free Parking,13,590,
25,Player 1,2344,Whitechapel Road,9,314,
26,Player 2,2824,Piccadilly,13,594,
26,Player 1,2340,Pall Mall,9,310,
27,Player 2,2824,Chance,13,594,
27,Player 2,2824,Mayfair,13,594,
27,Player 1,2340,Vine Street,10,170,
28,Player 2,3320,Kings Cross Station,14,690,
28,Player 1,2324,Chance,10,154,
28,Player 1,2324,Vine Street,10,154,
29,Player 2,3336,Jail,14,706,
29,Player 1,2308,Coventry Street,10,138,
30,Player 2,3518,Vine Street,15,628,
30,Player 1,2308,Piccadilly,10,138,
30,Player 1,2286,Bond Street,10,116,
31,Player 2,3540,Coventry Street,15,650,
31,Player 1,2286,Super Tax,10,116,
31,Player 1,2386,Income Tax,10,216,
31,Player 1,2186,Whitehall ,10,16,
32,Player 2,3550,Liverpool Street,15,660,
32,Player 1,2176,The Strand,10,6,
33,Player 2,3568,Super Tax,15,678,
33,Player 1,2208,Coventry Street,10,38,
34,Player 2,3690,Income Tax,15,800,
34,Player 1,2186,Bond Street,10,16,
35,Player 2,3490,Marylebone Station,15,600,
35,Player 1,2386,Old Kent Road,10,216,
36,Player 2,3490,Fenchurch St Station,15,600,
36,Player 1,2386,Kings Cross Station,11,156,
36,Player 1,2236,Electric Company ,11,6,
37,Player 2,3150,Community Chest,16,200,
37,Player 1,2176,Marlborough Street,10,6,
38,Player 2,3360,Old Kent Road,16,410,
38,Player 1,2176,Piccadilly,10,6,
39,Player 2,3382,Jail,16,82,
39,Player 1,2204,Liverpool Street,10,34,
40,Player 2,3582,Community Chest,16,282,
40,Player 2,3582,GO,16,282,
40,Player 1,2474,Kings Cross Station,10,304,
41,Player 2,3582,The Angel Islington,16,382,
41,Player 1,2274,Pentonville Road,10,104,
42,Player 2,3390,Marylebone Station,16,340,
42,Player 1,2266,Bow Street,10,96,
43,Player 2,3390,Chance,16,340,
43,Player 1,2266,Trafalgar Square,10,96,
44,Player 2,3540,Coventry Street,16,490,
44,Player 1,2266,Regent Street,10,96,
45,Player 2,3540,Oxford Street,16,490,
45,Player 1,2518,Whitechapel Road,10,348,
45,Player 1,2208,Chance,10,38,
46,Player 2,3938,Super Tax,16,888,
46,Player 1,2308,Bow Street,10,138,
47,Player 2,4038,Pentonville Road,16,988,
47,Player 1,2308,Coventry Street,10,138,
48,Player 2,3160,Marylebone Station,17,10,
48,Player 1,2186,Park Lane,9,116,
49,Player 2,3160,Chance,17,10,
49,Player 2,3160,Jail,17,10,
49,Player 1,2701,Community Chest,10,281,
50,Player 2,3160,Jail,17,10,
50,Player 1,2702,Euston Road,10,282,
51,Player 2,3160,Jail,17,10,
51,Player 2,3160,Free Parking,17,10,
51,Player 1,2702,Marylebone Station,10,282,
52,Player 2,3305,Regent Street,17,155,
52,Player 1,2554,Fleet Street,10,134,
53,Player 2,3453,Old Kent Road,17,303,
53,Player 1,2719,Go To Jail,11,79,
53,Player 1,2719,Jail,11,79,
54,Player 2,3453,Pall Mall,17,303,
54,Player 2,3443,Community Chest,17,293,
54,Player 2,3443,Water Works,17,293,
54,Player 1,2729,Jail,11,89,
55,Player 2,3443,Community Chest,17,293,
55,Player 1,2679,Whitehall ,11,39,
56,Player 2,3673,Community Chest,17,523,
56,Player 1,2669,Marlborough Street,11,29,
57,Player 2,3698,Pentonville Road,17,98,
57,Player 1,2669,Coventry Street,11,29,
58,Player 2,3720,Marylebone Station,17,70,
58,Player 1,2647,Mayfair,11,7,
58,Player 1,2887,Whitechapel Road,11,247,
59,Player 2,3820,Chance,17,370,
59,Player 2,3820,GO,17,370,
59,Player 1,2657,Northumberland Avenue,11,17,
60,Player 2,3632,Kings Cross Station,17,332,
60,Player 1,2645,Fleet Street,11,5,
61,Player 2,3632,Electric Company ,17,332,
61,Player 1,2673,Regent Street,11,33,
62,Player 2,3604,Free Parking,17,304,
62,Player 1,2673,Park Lane,11,33,
63,Player 2,3604,Trafalgar Square,17,304,
63,Player 1,2893,Community Chest,11,253,
63,Player 1,2893,Old Kent Road,11,253,
64,Player 2,3834,Water Works,17,534,
64,Player 1,2643,Jail,11,3,
65,Player 2,3834,Chance,17,534,
65,Player 2,3834,Pall Mall,17,534,
65,Player 1,2653,Free Parking,11,13,
66,Player 2,3824,Community Chest,17,524,
66,Player 1,2643,Piccadilly,11,3,
67,Player 2,3856,Fenchurch St Station,17,556,
67,Player 1,2711,Park Lane,11,71,
67,Player 1,2911,Income Tax,11,271,
68,Player 2,3856,Go To Jail,17,556,
68,Player 2,3856,Jail,17,556,
68,Player 1,2711,Jail,11,71,
69,Player 2,3856,Jail,17,556,
69,Player 1,2711,Marlborough Street,11,71,
69,Player 1,2711,Trafalgar Square,11,71,
70,Player 2,3806,Marlborough Street,17,506,
70,Player 1,2725,Chance,11,85,
70,Player 1,2905,GO,11,265,
71,Player 2,3792,Fenchurch St Station,17,492,
71,Player 1,2905,Chance,11,265,
72,Player 2,3792,Water Works,17,492,
72,Player 1,2755,Whitehall ,11,115,
73,Player 2,3802,Liverpool Street,17,502,
73,Player 1,2745,Fleet Street,11,105,
73,Player 1,2745,Go To Jail,11,105,
73,Player 1,2745,Jail,11,105,
74,Player 2,4002,Whitechapel Road,17,702,
74,Player 1,2745,Jail,11,105,
75,Player 2,4002,Whitehall ,17,702,
75,Player 1,2695,Bow Street,11,55,
76,Player 2,4002,Trafalgar Square,17,702,
76,Player 1,2715,Chance,11,75,
76,Player 1,2715,Fenchurch St Station,11,75,
76,Player 1,2735,Go To Jail,11,95,
76,Player 1,2735,Jail,11,95,
77,Player 2,4182,Regent Street,17,882,
77,Player 1,2787,Jail,11,147,
78,Player 2,4330,Old Kent Road,17,1030,
78,Player 1,2737,Marylebone Station,11,97,
79,Player 2,4530,Jail,17,1230,
79,Player 1,2757,Fleet Street,11,117,
80,Player 2,4530,Whitehall ,17,1230,
80,Player 1,2757,Go To Jail,11,117,
80,Player 1,2757,Jail,11,117,
81,Player 2,4530,Vine Street,17,1230,
81,Player 1,2757,Jail,11,117,
82,Player 2,4530,Coventry Street,17,1230,
82,Player 1,2707,Vine Street,11,67,
83,Player 2,4546,Community Chest,17,1246,
83,Player 1,2551,Coventry Street,10,51,
84,Player 2,3708,Community Chest,18,268,
84,Player 1,2529,Chance,10,29,
85,Player 2,3658,The Angel Islington,18,218,
85,Player 1,2714,Community Chest,10,214,
86,Player 2,3658,Northumberland Avenue,18,218,
86,Player 1,2814,Whitehall ,10,314,
87,Player 2,3678,The Strand,18,238,
87,Player 1,2794,Chance,10,294,
87,Player 1,2794,Marylebone Station,10,294,
88,Player 2,3878,Leicester Square,18,138,
88,Player 1,2594,Community Chest,10,94,
88,Player 1,2644,Leicester Square,10,144,
89,Player 2,3878,Oxford Street,18,138,
89,Player 2,3826,Mayfair,18,86,
89,Player 1,2696,Oxford Street,10,196,
90,Player 2,4026,Whitechapel Road,18,286,
90,Player 1,2696,Liverpool Street,10,196,
91,Player 2,4226,Jail,18,186,
91,Player 1,2786,Community Chest,10,286,
92,Player 2,4226,Community Chest,18,186,
92,Player 1,2736,Chance,10,236,
93,Player 2,4126,Leicester Square,18,86,
93,Player 1,2786,Pall Mall,10,286,
94,Player 2,4276,Community Chest,18,136,
94,Player 2,4276,Jail,18,136,
94,Player 1,2636,The Strand,10,136,
95,Player 2,4294,Jail,18,154,
95,Player 1,2618,Water Works,10,118,
96,Player 2,4272,Bow Street,18,132,
96,Player 2,4272,The Strand,18,132,
96,Player 1,2590,Go To Jail,10,90,
96,Player 1,2590,Jail,10,90,
97,Player 2,4272,Regent Street,18,132,
97,Player 1,2642,Jail,10,142,
98,Player 2,4420,Old Kent Road,18,280,
98,Player 1,2592,Marylebone Station,10,92,
99,Player 2,4620,The Angel Islington,18,280,
99,Player 1,2612,Fenchurch St Station,10,112,
100,Player 2,4820,Jail,18,180,
100,Player 2,4820,Free Parking,18,180,
100,Player 1,2502,Community Chest,10,2,
101,Player 2,4820,Coventry Street,18,180,
101,Player 1,2712,GO,10,212,
102,Player 2,4820,Chance,18,180,
102,Player 1,2712,Chance,10,212,
103,Player 2,5155,Old Kent Road,18,265,
103,Player 1,2712,Pall Mall,10,212,
104,Player 2,4929,Whitechapel Road,18,139,
104,Player 2,4929,Euston Road,18,139,
104,Player 1,2502,The Strand,10,2,
105,Player 2,4947,Marlborough Street,18,157,
105,Player 1,2588,Piccadilly,10,88,
105,Player 1,2566,Oxford Street,10,66,
106,Player 2,4955,The Strand,18,165,
106,Player 1,2566,Mayfair,10,66,
107,Player 2,4605,Water Works,18,115,
107,Player 1,2716,Income Tax,10,216,
108,Player 2,4605,Bond Street,18,115,
108,Player 1,2572,Jail,10,72,
109,Player 2,4749,GO,18,259,
109,Player 1,2572,Free Parking,10,72,
110,Player 2,4349,Community Chest,18,159,
110,Player 2,4349,GO,18,159,
110,Player 2,4349,Chance,18,159,
110,Player 2,4349,Mayfair,18,159,
110,Player 1,2572,Piccadilly,10,72,
111,Player 2,4571,Kings Cross Station,18,381,
111,Player 1,2550,Park Lane,10,50,
111,Player 1,2750,The Angel Islington,10,250,
112,Player 2,4411,Pall Mall,18,671,
112,Player 2,4411,Marlborough Street,18,671,
112,Player 1,2629,Pall Mall,10,129,
113,Player 2,5147,Piccadilly,18,1407,
113,Player 1,2534,Bow Street,10,34,
114,Player 2,5147,Chance,18,1407,
114,Player 2,5147,Community Chest,18,1407,
114,Player 1,2534,Vine Street,10,34,
115,Player 2,3913,Park Lane,19,23,
115,Player 2,4253,Old Kent Road,19,213,
115,Player 1,2403,Fleet Street,9,53,
116,Player 2,4053,Kings Cross Station,19,163,
116,Player 2,4053,Pall Mall,19,163,
116,Player 1,2403,Coventry Street,9,53,
116,Player 1,2381,Liverpool Street,9,31,
117,Player 2,4193,Community Chest,19,303,
117,Player 2,4193,Water Works,19,303,
117,Player 1,2401,Mayfair,9,51,
117,Player 1,2551,The Angel Islington,9,201,
118,Player 2,4793,Mayfair,19,903,
118,Player 1,2491,Northumberland Avenue,9,141,
119,Player 2,5893,Income Tax,19,2003,
119,Player 1,2481,Vine Street,9,131,
120,Player 2,5709,Bow Street,19,1819,
120,Player 2,5709,Fleet Street,19,1819,
120,Player 1,2483,Leicester Square,9,133,
121,Player 2,5691,Bond Street,19,1801,
121,Player 1,2483,Regent Street,9,133,
122,Player 2,5691,Super Tax,19,1801,
122,Player 1,2483,Chance,9,133,
123,Player 2,5791,Old Kent Road,19,1901,
123,Player 1,2833,Whitechapel Road,9,483,
124,Player 2,6241,Kings Cross Station,19,2351,
124,Player 2,6241,Pentonville Road,19,2351,
124,Player 1,2383,Electric Company ,9,33,
125,Player 2,6331,Marylebone Station,19,2441,
125,Player 1,2383,Chance,9,33,
126,Player 2,6331,Trafalgar Square,19,2441,
126,Player 1,2483,Piccadilly,9,133,
127,Player 2,6353,Community Chest,19,2463,
127,Player 1,2461,Liverpool Street,9,111,
127,Player 1,2551,Income Tax,9,201,
128,Player 2,4433,GO,20,283,
128,Player 1,2091,Euston Road,8,1,
128,Player 1,2151,Jail,8,61,
128,Player 1,2151,Jail,8,61,
129,Player 2,4840,The Angel Islington,20,240,
129,Player 1,2151,Jail,8,61,
130,Player 2,4840,Whitehall ,20,240,
130,Player 1,2101,Whitehall ,8,11,
131,Player 2,5590,The Strand,20,240,
131,Player 1,2111,Vine Street,8,21,
132,Player 2,5606,Trafalgar Square,20,256,
132,Player 1,2095,Fenchurch St Station,8,5,
133,Player 2,5806,Community Chest,20,306,
133,Player 1,2105,Regent Street,8,15,
134,Player 2,6031,Whitechapel Road,20,381,
134,Player 1,2105,Super Tax,8,15,
135,Player 2,6031,Pall Mall,20,231,
135,Player 1,2305,Old Kent Road,8,215,
136,Player 2,6281,Whitehall ,20,331,
136,Player 2,6281,Chance,20,331,
136,Player 2,6281,Jail,20,331,
136,Player 1,2145,Euston Road,8,55,
137,Player 2,5031,Jail,20,431,
137,Player 1,2205,Community Chest,8,115,
137,Player 1,2205,Old Kent Road,8,115,
138,Player 2,5231,Vine Street,20,631,
138,Player 1,2165,The Angel Islington,8,75,
139,Player 2,5781,Water Works,20,1181,
139,Player 1,2225,Marylebone Station,8,135,
140,Player 2,5981,Liverpool Street,20,1381,
140,Player 1,2115,Trafalgar Square,8,25,
141,Player 2,6181,Whitechapel Road,20,1581,
141,Player 2,6181,Electric Company ,20,1581,
141,Player 1,2115,Go To Jail,8,25,
141,Player 1,2115,Jail,8,25,
142,Player 2,6181,The Strand,20,1581,
142,Player 1,2115,Jail,8,25,
143,Player 2,6181,Trafalgar Square,20,1581,
143,Player 1,2115,Jail,8,25,
144,Player 2,6181,Go To Jail,20,1581,
144,Player 2,6181,Jail,20,1581,
144,Player 1,2115,Jail,8,25,
145,Player 2,6181,Jail,20,1581,
145,Player 1,2115,Jail,8,25,
146,Player 2,6131,Community Chest,20,1531,
146,Player 1,2105,Bow Street,8,15,
147,Player 2,6141,Fenchurch St Station,20,1541,
147,Player 1,2105,Leicester Square,8,15,
147,Player 1,0,Leicester Square,0,0,
1,Player 2,1500,The Angel Islington,0,1500,
1,Player 1,1500,Jail,0,1500,
2,Player 2,1500,Northumberland Avenue,1,1400,
2,Player 1,1500,Marlborough Street,0,1500,
2,Player 1,1500,Leicester Square,1,1320,
3,Player 2,1500,Chance,2,1240,
3,Player 2,1500,Marylebone Station,2,1240,
3,Player 1,1500,Community Chest,2,1060,
4,Player 2,1490,Leicester Square,3,1030,
4,Player 1,1732,Community Chest,2,1292,
5,Player 2,1468,Go To Jail,3,1008,
5,Player 2,1468,Jail,3,1008,
5,Player 1,1742,Pentonville Road,2,1302,
6,Player 2,1468,Jail,3,1008,
6,Player 1,1742,Bow Street,3,1182,
7,Player 2,1418,Whitehall ,3,958,
7,Player 1,1742,Vine Street,4,1002,
8,Player 2,1418,The Strand,4,818,
8,Player 2,1418,Coventry Street,5,598,
8,Player 2,1418,Jail,6,338,
8,Player 1,1742,Water Works,5,102,
9,Player 2,1511,Jail,7,281,
9,Player 1,1742,Chance,5,102,
10,Player 2,1461,Chance,7,231,
10,Player 2,1461,Bond Street,7,231,
10,Player 2,1949,Whitechapel Road,8,399,
10,Player 1,1922,Income Tax,5,282,
10,Player 1,1730,Whitehall ,5,90,
11,Player 2,1959,The Angel Islington,9,349,
11,Player 1,1720,Free Parking,5,80,
12,Player 2,1959,Bow Street,9,349,
12,Player 2,1759,Fleet Street,9,149,
12,Player 1,2041,Coventry Street,6,181,
13,Player 2,1781,Go To Jail,9,171,
13,Player 2,1781,Jail,9,171,
13,Player 1,2019,Liverpool Street,6,159,
14,Player 2,1901,Jail,10,91,
14,Player 1,2219,GO,6,359,
15,Player 2,1851,Marlborough Street,10,41,
15,Player 1,1569,Kings Cross Station,6,109,
16,Player 2,1841,Trafalgar Square,10,31,
16,Player 1,1965,Euston Road,8,65,
17,Player 2,1841,Piccadilly,10,31,
17,Player 1,2302,Marylebone Station,10,22,
18,Player 2,2091,Old Kent Road,10,281,
18,Player 2,2091,Euston Road,11,221,
18,Player 1,2608,Coventry Street,10,28,
18,Player 1,2608,Go To Jail,10,28,
18,Player 1,2608,Jail,10,28,
19,Player 2,2030,Bow Street,11,160,
19,Player 1,3158,Jail,10,878,
20,Player 2,1885,Fleet Street,11,15,
20,Player 1,3126,Free Parking,10,846,
20,Player 1,3126,Leicester Square,10,846,
21,Player 2,1917,Piccadilly,11,47,
21,Player 1,3148,Oxford Street,10,868,
22,Player 2,1895,Park Lane,11,25,
22,Player 1,3663,Community Chest,12,733,
23,Player 2,2095,Kings Cross Station,11,225,
23,Player 1,3708,Pentonville Road,12,778,
24,Player 2,2037,Jail,11,167,
24,Player 1,3708,Community Chest,12,778,
25,Player 2,2037,Bow Street,11,167,
25,Player 1,3708,Trafalgar Square,13,78,
26,Player 2,1792,Chance,10,22,
26,Player 2,1792,GO,10,22,
26,Player 1,3708,Bond Street,13,78,
27,Player 2,1792,Jail,10,22,
27,Player 1,3908,Community Chest,13,278,
27,Player 1,3908,Electric Company ,13,278,
28,Player 2,1792,Whitehall ,10,22,
28,Player 1,3908,Vine Street,14,128,
29,Player 2,1792,The Strand,10,22,
29,Player 1,3908,Piccadilly,14,128,
30,Player 2,1792,Fleet Street,10,22,
30,Player 2,1774,Oxford Street,10,4,
30,Player 1,3952,Park Lane,14,172,
30,Player 1,4152,Income Tax,14,372,
31,Player 2,1828,Super Tax,10,58,
31,Player 1,3952,Chance,14,172,
31,Player 1,3952,Marylebone Station,14,172,
32,Player 2,2078,Whitechapel Road,10,308,
32,Player 1,3902,Free Parking,14,122,
33,Player 2,1968,Electric Company ,10,198,
33,Player 1,3938,Water Works,14,158,
33,Player 1,3906,Mayfair,14,126,
34,Player 2,2284,Community Chest,11,114,
34,Player 1,4106,Whitechapel Road,14,326,
34,Player 1,4102,Euston Road,14,322,
35,Player 2,2188,Trafalgar Square,11,18,
35,Player 1,3467,Pall Mall,14,137,
36,Player 2,2248,Go To Jail,11,78,
36,Player 2,2248,Jail,11,78,
36,Player 1,3558,Bow Street,15,88,
37,Player 2,2248,Jail,11,78,
37,Player 1,3558,Free Parking,15,88,
37,Player 1,3558,Water Works,15,88,
38,Player 2,2230,Marylebone Station,11,60,
38,Player 1,3726,GO,15,256,
38,Player 1,3726,The Angel Islington,15,256,
38,Player 1,3726,Bow Street,15,256,
39,Player 2,2230,The Strand,11,60,
39,Player 1,3726,Free Parking,15,256,
40,Player 2,2230,Oxford Street,11,60,
40,Player 1,3752,Trafalgar Square,15,282,
41,Player 2,2204,Chance,11,34,
41,Player 2,2204,Community Chest,11,34,
41,Player 2,2454,Old Kent Road,11,284,
41,Player 1,3752,Go To Jail,15,282,
41,Player 1,3752,Jail,15,282,
42,Player 2,2372,Pentonville Road,11,202,
42,Player 1,4352,Jail,15,882,
43,Player 2,2262,Marylebone Station,11,92,
43,Player 2,2262,Community Chest,11,92,
43,Player 2,2362,Jail,11,192,
43,Player 1,4302,Marylebone Station,15,832,
44,Player 2,2412,Jail,11,242,
44,Player 1,4252,Chance,15,782,
45,Player 2,2362,Northumberland Avenue,11,192,
45,Player 1,4237,Piccadilly,15,767,
46,Player 2,2362,Chance,11,192,
46,Player 2,2362,Pall Mall,11,192,
46,Player 1,4247,Park Lane,15,777,
47,Player 2,2352,Community Chest,11,182,
47,Player 1,4447,Euston Road,15,977,
48,Player 2,2375,Vine Street,11,205,
48,Player 2,2230,Leicester Square,11,60,
48,Player 1,5469,Marylebone Station,15,1999,
49,Player 2,2108,Bond Street,10,88,
49,Player 2,2108,Mayfair,10,88,
49,Player 1,3987,Trafalgar Square,16,367,
50,Player 2,2308,The Angel Islington,10,288,
50,Player 1,4537,Bond Street,16,917,
51,Player 2,2118,Pall Mall,10,98,
51,Player 1,4747,Old Kent Road,16,1127,
52,Player 2,2110,Northumberland Avenue,10,90,
52,Player 1,4745,Income Tax,16,1125,
53,Player 2,2110,Free Parking,10,90,
53,Player 1,4545,Pentonville Road,16,925,
54,Player 2,2110,Fleet Street,10,90,
54,Player 1,4563,Whitehall ,16,943,
55,Player 2,2092,Community Chest,10,72,
55,Player 2,2092,Jail,10,72,
55,Player 1,4563,Free Parking,16,943,
56,Player 2,2092,Jail,10,72,
56,Player 1,4563,Leicester Square,16,943,
56,Player 1,4563,Piccadilly,16,943,
57,Player 2,2042,Vine Street,10,22,
57,Player 1,5563,Park Lane,16,1943,
57,Player 1,5763,Kings Cross Station,16,2143,
58,Player 2,2052,Trafalgar Square,10,32,
58,Player 1,5783,Northumberland Avenue,16,2163,
59,Player 2,2032,Regent Street,10,12,
59,Player 1,6053,Fleet Street,17,2133,
60,Player 2,2232,Whitechapel Road,10,212,
60,Player 2,2232,Jail,10,212,
60,Player 1,6053,Community Chest,17,2133,
61,Player 2,2166,Chance,10,146,
61,Player 2,2166,Water Works,10,146,
61,Player 1,6263,Community Chest,17,2343,
61,Player 1,6263,Old Kent Road,17,2343,
62,Player 2,1888,Park Lane,9,88,
62,Player 1,4316,Income Tax,18,176,
63,Player 2,2053,Pentonville Road,9,253,
63,Player 2,1833,Community Chest,9,33,
63,Player 1,4795,Marylebone Station,18,205,
64,Player 2,2006,Trafalgar Square,9,206,
64,Player 1,4845,Trafalgar Square,18,255,
65,Player 2,1906,Water Works,9,106,
65,Player 1,4885,Piccadilly,18,295,
66,Player 2,1866,Regent Street,9,66,
66,Player 1,4911,Bond Street,18,171,
67,Player 2,1840,Super Tax,9,40,
67,Player 1,5111,GO,18,371,
68,Player 2,2040,Income Tax,9,240,
68,Player 1,5111,Income Tax,18,221,
68,Player 1,4911,Jail,18,21,
69,Player 2,1840,Pall Mall,9,40,
69,Player 1,4921,Community Chest,18,31,
70,Player 2,1830,Community Chest,9,30,
70,Player 2,1830,GO,9,30,
70,Player 1,4946,Fenchurch St Station,18,56,
71,Player 2,1830,Chance,9,30,
71,Player 1,5126,Oxford Street,19,36,
72,Player 2,1860,Northumberland Avenue,9,60,
72,Player 1,5326,GO,19,236,
72,Player 1,5326,Income Tax,19,236,
73,Player 2,1860,Vine Street,9,60,
73,Player 2,0,Vine Street,0,0,
1,Player 1,1500,Pentonville Road,0,1500,
1,Player 3,1500,Income Tax,0,1500,
1,Player 3,1350,Northumberland Avenue,0,1350,
1,Player 2,1500,Kings Cross Station,0,1500,
2,Player 1,1500,Community Chest,1,1380,
2,Player 3,1350,Vine Street,1,1190,
2,Player 2,1390,Marylebone Station,1,1190,
3,Player 1,1400,Chance,1,1280,
3,Player 1,1400,Mayfair,1,1280,
3,Player 3,1350,Piccadilly,2,990,
3,Player 3,1350,Liverpool Street,3,710,
3,Player 2,1390,Chance,2,990,
4,Player 1,1600,Euston Road,2,1080,
4,Player 3,1550,GO,4,710,
4,Player 2,1440,Fenchurch St Station,2,1040,
5,Player 1,1600,Pall Mall,3,980,
5,Player 3,1550,Jail,4,710,
5,Player 2,1440,Regent Street,3,840,
6,Player 1,1600,The Strand,4,840,
6,Player 3,1550,Marlborough Street,4,710,
6,Player 2,1440,Park Lane,4,540,
7,Player 1,1626,Fleet Street,6,296,
7,Player 1,1626,Go To Jail,6,296,
7,Player 1,1626,Jail,6,296,
7,Player 3,1550,Fleet Street,5,530,
7,Player 2,1614,Income Tax,5,494,
8,Player 1,1626,Jail,6,296,
8,Player 3,1532,Piccadilly,5,512,
8,Player 3,1532,Park Lane,5,512,
8,Player 2,1453,Electric Company ,5,333,
9,Player 1,1611,Free Parking,6,281,
9,Player 3,1697,Old Kent Road,5,677,
9,Player 2,1453,Chance,6,183,
9,Player 2,1453,Marylebone Station,6,183,
10,Player 1,1611,Water Works,6,281,
10,Player 3,1697,Pall Mall,6,617,
10,Player 2,1453,Fleet Street,6,183,
11,Player 1,1621,Park Lane,7,141,
11,Player 3,1687,Marlborough Street,6,607,
11,Player 2,1453,Go To Jail,6,183,
11,Player 2,1453,Jail,6,183,
12,Player 1,1821,The Angel Islington,7,341,
12,Player 3,1687,Fleet Street,6,607,
12,Player 2,1471,Jail,6,201,
13,Player 1,1821,Whitehall ,8,241,
13,Player 3,1669,Coventry Street,6,589,
13,Player 3,1669,Community Chest,7,329,
13,Player 2,1421,Vine Street,6,151,
14,Player 1,1821,Marlborough Street,9,101,
14,Player 3,1949,Income Tax,7,609,
14,Player 2,1405,Coventry Street,6,135,
15,Player 1,1807,Fenchurch St Station,9,87,
15,Player 3,1777,Whitehall ,7,437,
15,Player 2,1483,Super Tax,6,213,
16,Player 1,1777,Community Chest,9,57,
16,Player 1,1877,Super Tax,9,157,
16,Player 3,1767,Marlborough Street,7,427,
16,Player 2,1583,Euston Road,6,313,
17,Player 1,1989,Pentonville Road,9,269,
17,Player 3,1767,Piccadilly,7,427,
17,Player 2,1571,Northumberland Avenue,6,301,
18,Player 1,1923,Bow Street,9,203,
18,Player 3,1815,Chance,8,295,
18,Player 2,1559,Vine Street,6,289,
19,Player 1,1923,Chance,9,203,
19,Player 1,1923,Leicester Square,9,203,
19,Player 3,1827,Mayfair,8,107,
19,Player 2,1683,Fenchurch St Station,7,153,
20,Player 1,1973,Community Chest,9,253,
20,Player 3,1977,Chance,8,257,
20,Player 3,1977,GO,8,257,
20,Player 3,1977,Community Chest,8,257,
20,Player 3,1977,Jail,8,257,
20,Player 2,1683,Community Chest,7,153,
20,Player 2,1833,Whitechapel Road,7,303,
21,Player 1,2273,Whitechapel Road,9,553,
21,Player 3,1977,Jail,8,257,
21,Player 2,1837,Pentonville Road,8,247,
22,Player 1,2285,Electric Company ,9,365,
22,Player 3,1927,Marylebone Station,8,207,
22,Player 2,1957,Community Chest,8,367,
22,Player 2,1957,Old Kent Road,8,367,
22,Player 2,1955,The Angel Islington,8,365,
23,Player 1,2261,Free Parking,9,341,
23,Player 1,2261,Go To Jail,9,341,
23,Player 1,2261,Jail,9,341,
23,Player 3,1829,Chance,8,109,
23,Player 3,1829,Fenchurch St Station,8,109,
23,Player 2,2043,Northumberland Avenue,8,453,
24,Player 1,2261,Jail,9,341,
24,Player 3,1741,Oxford Street,8,21,
24,Player 2,2196,Fenchurch St Station,9,306,
25,Player 1,2211,Community Chest,9,291,
25,Player 3,1941,Old Kent Road,8,221,
25,Player 2,2196,Regent Street,9,306,
26,Player 1,2411,Chance,9,291,
26,Player 1,2411,Vine Street,9,291,
26,Player 3,2021,Chance,8,101,
26,Player 3,2006,Marlborough Street,8,86,
26,Player 2,2196,Mayfair,9,306,
26,Player 2,2196,Kings Cross Station,9,306,
26,Player 2,2196,Jail,9,306,
27,Player 1,2531,Coventry Street,9,211,
27,Player 3,2028,Trafalgar Square,8,108,
27,Player 2,2316,Jail,10,186,
28,Player 1,2509,Regent Street,9,189,
28,Player 3,2028,Go To Jail,8,108,
28,Player 3,2028,Jail,8,108,
28,Player 2,2266,The Strand,10,136,
29,Player 1,2527,Liverpool Street,9,207,
29,Player 3,2053,Jail,8,133,
29,Player 2,2248,Go To Jail,10,118,
29,Player 2,2248,Jail,10,118,
30,Player 1,2702,Kings Cross Station,9,382,
30,Player 3,2003,Free Parking,8,83,
30,Player 2,2348,Jail,10,218,
31,Player 1,2602,Pentonville Road,9,282,
31,Player 1,2602,Pall Mall,9,282,
31,Player 1,2602,Chance,9,282,
31,Player 1,2602,Pall Mall,9,282,
31,Player 3,2003,Fenchurch St Station,8,83,
31,Player 2,2398,Free Parking,10,268,
32,Player 1,2602,Community Chest,9,282,
32,Player 3,1983,Bond Street,8,63,
32,Player 2,2574,Water Works,11,124,
32,Player 2,2542,Chance,11,92,
33,Player 1,2659,Fleet Street,9,339,
33,Player 3,2183,Community Chest,8,263,
33,Player 3,2183,GO,8,263,
33,Player 3,2183,Chance,8,263,
33,Player 2,2760,Income Tax,11,310,
34,Player 1,2641,Go To Jail,9,321,
34,Player 1,2641,Jail,9,321,
34,Player 3,2033,Northumberland Avenue,8,113,
34,Player 2,2560,Jail,11,110,
35,Player 1,2641,Jail,9,321,
35,Player 3,2033,The Strand,8,113,
35,Player 2,2560,Community Chest,11,110,
36,Player 1,2599,Marylebone Station,9,279,
36,Player 3,2005,Fleet Street,8,85,
36,Player 3,1987,Piccadilly,8,67,
36,Player 2,2698,The Strand,11,248,
37,Player 1,2517,Chance,9,197,
37,Player 3,1987,Park Lane,8,67,
37,Player 2,2680,Go To Jail,11,230,
37,Player 2,2680,Jail,11,230,
38,Player 1,2842,Coventry Street,9,172,
38,Player 3,2064,Community Chest,8,244,
38,Player 2,2680,Jail,11,230,
39,Player 1,2820,Liverpool Street,9,150,
39,Player 3,2099,Jail,8,279,
39,Player 2,2630,Community Chest,11,180,
40,Player 1,2995,Community Chest,9,325,
40,Player 3,2099,Marylebone Station,8,279,
40,Player 2,2750,Leicester Square,11,300,
41,Player 1,2945,The Angel Islington,9,275,
41,Player 1,2945,Whitehall ,9,275,
41,Player 3,1999,Community Chest,8,179,
41,Player 3,1999,Water Works,8,179,
41,Player 3,1991,Community Chest,8,171,
41,Player 2,2750,Bond Street,11,300,
42,Player 1,2953,Marlborough Street,9,283,
42,Player 3,2291,Community Chest,8,471,
42,Player 2,2950,Community Chest,11,500,
43,Player 1,2753,The Strand,9,83,
43,Player 3,2253,Chance,8,433,
43,Player 3,2253,Jail,8,433,
43,Player 2,2885,Chance,11,235,
44,Player 1,2753,Trafalgar Square,9,83,
44,Player 3,2253,Jail,8,433,
44,Player 2,3005,Marylebone Station,11,355,
44,Player 2,3005,Trafalgar Square,11,355,
45,Player 1,2733,Regent Street,9,63,
45,Player 3,2203,Free Parking,8,383,
45,Player 2,3057,Coventry Street,11,207,
46,Player 1,2681,Super Tax,9,11,
46,Player 3,2225,Piccadilly,8,405,
46,Player 2,3035,Park Lane,11,185,
47,Player 1,3381,Whitechapel Road,9,511,
47,Player 3,2225,Mayfair,8,405,
47,Player 3,0,Mayfair,0,0,
48,Player 1,5602,Whitehall ,17,362,
48,Player 2,3189,The Angel Islington,11,339,
49,Player 1,5692,The Strand,17,102,
49,Player 2,3099,Bow Street,11,249,
50,Player 1,5762,Trafalgar Square,17,172,
50,Player 2,3049,Fleet Street,11,199,
51,Player 1,5742,Oxford Street,17,152,
51,Player 2,3179,Water Works,11,329,
52,Player 1,5632,Super Tax,17,42,
52,Player 2,3159,Community Chest,11,309,
53,Player 1,5832,Euston Road,17,242,
53,Player 2,3149,Park Lane,11,299,
53,Player 2,2864,Whitechapel Road,11,214,
54,Player 1,5782,Electric Company ,18,42,
54,Player 2,2681,The Angel Islington,10,181,
55,Player 1,5970,The Strand,18,230,
55,Player 2,2511,Pall Mall,10,11,
56,Player 1,5990,Go To Jail,18,250,
56,Player 1,5990,Jail,18,250,
56,Player 2,2591,Marlborough Street,10,91,
57,Player 1,5390,Jail,18,250,
57,Player 2,2591,Leicester Square,10,91,
57,Player 2,2591,Bond Street,10,91,
58,Player 1,5340,Vine Street,18,200,
58,Player 2,2791,Old Kent Road,10,291,
59,Player 1,5342,Piccadilly,18,202,
59,Player 2,2789,Kings Cross Station,10,289,
59,Player 2,2789,Chance,10,289,
59,Player 2,2789,Mayfair,10,289,
59,Player 2,0,Mayfair,0,0,
59,Player 2,200,Kings Cross Station,0,200,
