1,Player 2,1500,Pall Mall,0,1500,
1,Player 1,1500,The Angel Islington,0,1500,
1,Player 1,1500,Whitehall ,1,1400,
2,Player 2,1500,Community Chest,1,1360,
2,Player 1,1500,The Strand,2,1260,
3,Player 2,1500,Piccadilly,1,1360,
3,Player 2,1700,GO,2,1280,
3,Player 1,1500,Fenchurch St Station,3,1040,
3,Player 1,1500,Regent Street,4,840,
4,Player 2,1546,Chance,2,1126,
4,Player 2,1546,Marylebone Station,2,1126,
4,Player 1,1700,GO,5,740,
5,Player 2,1546,Free Parking,3,926,
5,Player 1,1535,Kings Cross Station,5,575,
6,Player 2,1546,Leicester Square,3,926,
6,Player 1,1535,Pentonville Road,6,375,
7,Player 2,1403,Oxford Street,4,523,
7,Player 1,1535,Vine Street,7,255,
8,Player 2,1833,Old Kent Road,6,453,
8,Player 1,1535,Go To Jail,7,255,
8,Player 1,1535,Jail,7,255,
9,Player 2,1723,Chance,7,283,
9,Player 2,1723,Marylebone Station,7,283,
9,Player 1,1535,Jail,7,255,
10,Player 2,1723,Trafalgar Square,7,283,
10,Player 1,1485,Bow Street,7,205,
10,Player 1,1566,The Strand,8,106,
11,Player 2,1843,Go To Jail,8,163,
11,Player 2,1843,Jail,8,163,
11,Player 1,1566,Trafalgar Square,8,106,
12,Player 2,1863,Jail,8,183,
12,Player 1,1546,Go To Jail,8,86,
12,Player 1,1546,Jail,8,86,
13,Player 2,1863,Community Chest,8,183,
13,Player 1,1546,Jail,8,86,
14,Player 2,1963,Fleet Street,8,283,
14,Player 2,2161,Water Works,9,261,
14,Player 1,1496,Electric Company ,8,36,
14,Player 1,1496,Marylebone Station,8,36,
15,Player 2,2321,Super Tax,11,121,
15,Player 1,1471,The Strand,8,11,
15,Player 1,1471,Leicester Square,8,11,
16,Player 2,2443,Income Tax,11,243,
16,Player 1,1499,Oxford Street,8,39,
17,Player 2,2243,Northumberland Avenue,11,43,
17,Player 1,1499,Super Tax,8,39,
17,Player 1,1699,Pentonville Road,8,239,
18,Player 2,2387,Fleet Street,12,27,
18,Player 1,1644,Marlborough Street,8,184,
19,Player 2,2387,Oxford Street,12,27,
19,Player 1,1806,Fleet Street,9,166,
20,Player 2,2405,Bond Street,12,45,
20,Player 2,2405,Park Lane,12,45,
20,Player 1,2391,Go To Jail,11,81,
20,Player 1,2391,Jail,11,81,
21,Player 2,2605,Whitechapel Road,12,245,
21,Player 2,2605,Pentonville Road,13,185,
21,Player 1,2399,Jail,11,89,
22,Player 2,2597,Community Chest,13,177,
22,Player 2,2597,GO,13,177,
22,Player 1,2349,Marlborough Street,11,39,
23,Player 2,2597,Euston Road,13,177,
23,Player 2,2667,Pall Mall,14,147,
23,Player 1,2349,Chance,11,39,
23,Player 1,2399,Coventry Street,11,89,
24,Player 2,2875,Marylebone Station,15,95,
24,Player 2,2875,Trafalgar Square,15,95,
24,Player 1,2399,Chance,11,89,
24,Player 1,2399,GO,11,89,
25,Player 2,2875,Bond Street,15,95,
25,Player 1,2399,Euston Road,11,89,
25,Player 1,2393,Community Chest,11,83,
26,Player 2,3081,GO,15,301,
26,Player 1,2343,Fleet Street,11,33,
27,Player 2,3099,Kings Cross Station,15,319,
27,Player 1,2375,Regent Street,11,65,
27,Player 1,2375,Mayfair,11,65,
28,Player 2,3409,Jail,16,229,
28,Player 1,2575,Kings Cross Station,11,265,
29,Player 2,3409,Vine Street,16,229,
29,Player 1,2575,Pall Mall,11,265,
30,Player 2,3419,Leicester Square,16,239,
30,Player 1,2565,Marylebone Station,11,255,
30,Player 1,2540,Community Chest,11,230,
30,Player 1,2440,The Strand,11,130,
31,Player 2,3444,Oxford Street,16,264,
31,Player 1,2440,Piccadilly,11,130,
32,Player 2,3488,Chance,16,308,
32,Player 2,3488,Community Chest,16,308,
32,Player 2,3713,GO,16,533,
32,Player 1,2396,Oxford Street,11,86,
33,Player 2,3713,Kings Cross Station,16,233,
33,Player 1,2646,Community Chest,11,336,
34,Player 2,3663,Electric Company ,16,183,
34,Player 1,2647,Whitehall ,11,337,
35,Player 2,3663,Chance,16,183,
35,Player 1,2647,Community Chest,11,337,
35,Player 1,2647,Water Works,11,337,
35,Player 1,2607,Mayfair,11,297,
36,Player 2,3623,Go To Jail,16,143,
36,Player 2,3623,Jail,16,143,
36,Player 1,2807,Jail,11,497,
37,Player 2,3623,Jail,16,143,
37,Player 1,2807,Northumberland Avenue,11,497,
37,Player 1,2795,The Strand,11,485,
38,Player 2,3585,The Strand,16,105,
38,Player 1,2813,Coventry Street,11,503,
39,Player 2,3677,Fenchurch St Station,16,197,
39,Player 1,2753,Community Chest,11,443,
40,Player 2,3627,Bond Street,16,147,
40,Player 1,3005,Old Kent Road,11,695,
41,Player 2,3801,The Angel Islington,16,321,
41,Player 2,3795,Bow Street,16,315,
41,Player 2,3781,Trafalgar Square,16,301,
41,Player 1,2831,The Angel Islington,11,521,
42,Player 2,3781,Oxford Street,16,301,
42,Player 1,2831,Bow Street,11,521,
43,Player 2,3781,Bond Street,16,301,
43,Player 2,3953,Kings Cross Station,16,473,
43,Player 1,2909,Free Parking,11,599,
43,Player 1,2909,Coventry Street,11,599,
44,Player 2,4013,Jail,16,233,
44,Player 1,2799,Community Chest,11,489,
45,Player 2,4013,Marylebone Station,16,233,
45,Player 1,3049,Old Kent Road,11,739,
46,Player 2,4015,Vine Street,16,235,
46,Player 2,4015,Leicester Square,16,235,
46,Player 1,3047,Pentonville Road,11,737,
47,Player 2,4015,Oxford Street,16,235,
47,Player 1,3047,Community Chest,11,737,
47,Player 1,3057,The Strand,11,747,
48,Player 2,4215,Community Chest,16,435,
48,Player 1,3057,Water Works,11,747,
49,Player 2,4305,Northumberland Avenue,16,225,
49,Player 2,4305,Leicester Square,16,225,
49,Player 2,4305,Jail,16,225,
49,Player 1,2987,Oxford Street,11,677,
50,Player 2,4305,Jail,16,225,
50,Player 1,3187,GO,11,877,
51,Player 2,4255,Free Parking,16,175,
51,Player 2,4255,Coventry Street,16,175,
51,Player 1,3187,Pentonville Road,11,877,
52,Player 2,4255,Regent Street,16,175,
52,Player 1,3213,Bow Street,11,903,
53,Player 2,4229,Super Tax,16,149,
53,Player 1,3213,Fleet Street,11,903,
54,Player 2,4347,Euston Road,16,267,
54,Player 1,3195,Leicester Square,11,885,
55,Player 2,4512,Electric Company ,16,282,
55,Player 1,2865,Liverpool Street,11,555,
56,Player 2,4512,Marlborough Street,16,282,
56,Player 2,4498,Fenchurch St Station,16,268,
56,Player 1,2979,Super Tax,12,469,
57,Player 2,4398,Community Chest,16,168,
57,Player 1,3069,Chance,12,559,
57,Player 1,3069,Pall Mall,12,559,
58,Player 2,4418,Chance,16,188,
58,Player 1,3059,Vine Street,12,549,
59,Player 2,4614,Community Chest,16,384,
59,Player 1,3043,Go To Jail,12,533,
59,Player 1,3043,Jail,12,533,
60,Player 2,4564,Pentonville Road,16,184,
60,Player 1,3051,Jail,12,541,
61,Player 2,4556,Community Chest,16,176,
61,Player 2,4556,Old Kent Road,16,176,
61,Player 1,3001,Community Chest,12,491,
61,Player 1,3001,Jail,12,491,
62,Player 2,4556,Euston Road,16,176,
62,Player 1,3001,Jail,12,491,
63,Player 2,4556,Pall Mall,16,176,
63,Player 1,2951,Vine Street,12,441,
64,Player 2,4572,The Strand,16,192,
64,Player 1,2953,Fleet Street,12,443,
65,Player 2,4572,Coventry Street,16,192,
65,Player 1,2935,Community Chest,12,425,
65,Player 1,3135,Old Kent Road,12,625,
66,Player 2,4574,Bond Street,16,194,
66,Player 1,3161,Euston Road,12,651,
67,Player 2,4752,GO,16,372,
67,Player 1,3155,Marylebone Station,12,645,
68,Player 2,4777,Kings Cross Station,16,247,
68,Player 1,3230,Free Parking,12,720,
69,Player 2,4677,Jail,16,147,
69,Player 1,3230,Water Works,12,720,
70,Player 2,4757,Marlborough Street,16,227,
70,Player 1,3164,Oxford Street,12,654,
71,Player 2,4769,Chance,16,239,
71,Player 2,4919,Community Chest,16,389,
71,Player 1,3138,Liverpool Street,12,628,
72,Player 2,5019,Chance,16,189,
72,Player 1,3338,Income Tax,12,828,
73,Player 2,5069,Whitechapel Road,16,239,
73,Player 1,3138,Pentonville Road,12,628,
74,Player 2,5069,Chance,16,239,
74,Player 2,5069,Jail,16,239,
74,Player 1,3138,Marylebone Station,12,628,
75,Player 2,5094,Jail,16,264,
75,Player 1,3113,Fenchurch St Station,12,603,
75,Player 1,3113,Oxford Street,12,603,
76,Player 2,5070,Community Chest,16,240,
76,Player 2,5070,GO,16,240,
76,Player 1,3287,GO,12,777,
77,Player 2,5070,Euston Road,16,240,
77,Player 1,3287,Jail,12,777,
77,Player 1,3287,Marylebone Station,12,777,
78,Player 2,5095,Northumberland Avenue,16,265,
78,Player 1,3262,Free Parking,12,752,
79,Player 2,5095,The Strand,16,265,
79,Player 1,3280,Water Works,12,770,
79,Player 1,3200,Chance,12,690,
80,Player 2,5157,Leicester Square,16,177,
80,Player 1,3500,Community Chest,12,990,
81,Player 2,5157,Park Lane,16,177,
81,Player 1,3485,Euston Road,12,975,
81,Player 1,3479,Marylebone Station,12,969,
82,Player 2,5353,The Angel Islington,16,373,
82,Player 1,3460,Free Parking,12,950,
83,Player 2,4747,Northumberland Avenue,16,217,
83,Player 2,4747,The Strand,16,217,
83,Player 1,3478,Coventry Street,12,968,
84,Player 2,3884,Go To Jail,16,154,
84,Player 2,3884,Jail,16,154,
84,Player 1,2553,Go To Jail,12,43,
84,Player 1,2553,Jail,12,43,
85,Player 2,3884,Jail,16,154,
85,Player 1,2553,Jail,12,43,
86,Player 2,3834,Marylebone Station,16,104,
86,Player 1,2553,Free Parking,12,43,
86,Player 1,2553,Fenchurch St Station,12,43,
87,Player 2,3834,Free Parking,16,104,
87,Player 1,2553,Community Chest,12,43,
88,Player 2,3834,Trafalgar Square,16,104,
88,Player 1,2773,Old Kent Road,12,263,
89,Player 2,4084,Water Works,16,354,
89,Player 2,4084,Community Chest,16,354,
89,Player 1,2523,Pall Mall,12,13,
90,Player 2,4319,Kings Cross Station,16,589,
90,Player 2,4219,Pall Mall,16,489,
90,Player 1,2613,The Strand,12,103,
90,Player 1,2613,Fleet Street,12,103,
90,Player 1,2595,Water Works,12,85,
91,Player 2,4287,Community Chest,16,557,
91,Player 1,2545,Liverpool Street,12,35,
92,Player 2,4387,The Strand,16,657,
92,Player 2,4369,Piccadilly,16,639,
92,Player 2,4369,Bond Street,16,639,
92,Player 1,2791,Whitechapel Road,12,281,
93,Player 2,4991,The Angel Islington,16,1261,
93,Player 2,4991,Marylebone Station,16,1261,
93,Player 1,2571,Jail,12,61,
94,Player 2,4991,Fleet Street,16,1261,
94,Player 1,2571,Vine Street,12,61,
95,Player 2,5007,Oxford Street,16,1277,
95,Player 1,2555,Piccadilly,12,45,
96,Player 2,4427,GO,17,477,
96,Player 2,4427,Kings Cross Station,17,477,
96,Player 1,2635,GO,11,345,
97,Player 2,4327,Chance,17,377,
97,Player 2,4327,Mayfair,17,377,
97,Player 2,4527,Income Tax,17,577,
97,Player 1,2492,Whitechapel Road,11,202,
98,Player 2,4656,Pall Mall,17,256,
98,Player 1,2412,Jail,11,122,
99,Player 2,4656,Marlborough Street,17,256,
99,Player 1,2412,Marylebone Station,11,122,
100,Player 2,4681,Fenchurch St Station,17,281,
100,Player 1,2432,The Strand,11,142,
101,Player 2,4671,Oxford Street,17,271,
101,Player 1,2342,Piccadilly,11,52,
101,Player 1,0,Piccadilly,0,0,
1,Player 2,1500,Jail,0,1500,
1,Player 1,1500,Jail,0,1500,
2,Player 2,1500,Marylebone Station,0,1500,
2,Player 1,1500,Bow Street,0,1500,
3,Player 2,1500,Chance,1,1300,
3,Player 2,1500,Vine Street,1,1300,
3,Player 1,1401,Coventry Street,1,1221,
4,Player 2,1390,Water Works,2,990,
4,Player 1,1401,Chance,2,961,
5,Player 2,1390,Chance,3,840,
5,Player 2,1390,Mayfair,3,840,
5,Player 1,1501,Mayfair,2,1061,
6,Player 2,1640,Income Tax,4,690,
6,Player 1,1651,Pentonville Road,2,1211,
7,Player 2,1476,Pall Mall,4,526,
7,Player 1,1651,Vine Street,3,1091,
8,Player 2,1492,Marylebone Station,5,402,
8,Player 1,1635,Piccadilly,3,1075,
9,Player 2,1492,Free Parking,5,402,
9,Player 1,1635,Chance,4,795,
10,Player 2,1492,Regent Street,5,402,
10,Player 1,2090,Income Tax,5,950,
11,Player 2,1492,Bond Street,5,402,
11,Player 1,2002,Chance,6,542,
12,Player 2,1692,GO,5,602,
12,Player 1,1852,Whitehall ,6,392,
13,Player 2,1692,Jail,5,602,
13,Player 1,1852,The Strand,7,252,
14,Player 2,1780,Vine Street,6,470,
14,Player 1,1852,Regent Street,7,252,
15,Player 2,1780,Trafalgar Square,6,470,
15,Player 1,2052,Old Kent Road,7,452,
15,Player 1,2052,Jail,8,392,
16,Player 2,1780,Go To Jail,7,230,
16,Player 2,1780,Jail,7,230,
16,Player 1,2052,Bow Street,8,392,
16,Player 1,2052,Trafalgar Square,8,392,
17,Player 2,1800,Jail,7,250,
17,Player 1,2032,Liverpool Street,8,372,
18,Player 2,1750,Marylebone Station,7,200,
18,Player 1,2342,GO,9,482,
19,Player 2,1750,Marlborough Street,7,200,
19,Player 1,2405,Euston Road,10,365,
20,Player 2,1750,Trafalgar Square,7,200,
20,Player 2,1750,Bond Street,7,200,
20,Player 1,2433,Marylebone Station,11,293,
21,Player 2,1947,The Angel Islington,7,397,
21,Player 2,1947,Northumberland Avenue,8,297,
21,Player 1,2408,Fleet Street,11,268,
22,Player 2,1947,Vine Street,9,137,
22,Player 1,2529,Piccadilly,12,169,
22,Player 1,2529,Mayfair,12,169,
22,Player 1,2479,Jail,12,119,
23,Player 2,1997,Leicester Square,9,187,
23,Player 1,2479,Jail,12,119,
24,Player 2,2179,Oxford Street,10,109,
24,Player 2,2379,Old Kent Road,10,309,
24,Player 1,2686,Bow Street,13,26,
25,Player 2,2377,Pall Mall,10,307,
25,Player 1,2686,Trafalgar Square,13,26,
26,Player 2,2397,Vine Street,10,327,
26,Player 1,2666,Regent Street,13,6,
27,Player 2,2397,Trafalgar Square,10,327,
27,Player 1,2666,Park Lane,13,6,
28,Player 2,2712,Community Chest,11,292,
28,Player 1,2666,Mayfair,13,6,
28,Player 1,2906,Chance,13,246,
28,Player 1,2956,Electric Company ,13,296,
29,Player 2,2987,GO,11,567,
29,Player 1,2956,Marylebone Station,14,146,
30,Player 2,3012,The Angel Islington,11,392,
30,Player 1,2931,Marlborough Street,14,121,
31,Player 2,3012,Community Chest,11,392,
31,Player 1,2931,Water Works,14,121,
32,Player 2,3252,Trafalgar Square,11,232,
32,Player 1,3091,GO,14,281,
32,Player 1,3091,Whitechapel Road,14,281,
33,Player 2,3252,Regent Street,11,232,
33,Player 1,3143,Jail,15,273,
34,Player 2,3200,Bond Street,11,180,
34,Player 1,3199,The Strand,15,329,
35,Player 2,3162,Mayfair,11,142,
35,Player 1,3181,Coventry Street,15,311,
35,Player 1,3181,Oxford Street,15,311,
36,Player 2,3362,Pall Mall,11,342,
36,Player 2,3362,Vine Street,11,342,
36,Player 1,3381,Old Kent Road,15,511,
37,Player 2,3362,Water Works,11,342,
37,Player 1,3161,Chance,15,291,
37,Player 1,3161,Marylebone Station,15,291,
37,Player 1,3136,Chance,15,266,
38,Player 2,3387,Park Lane,11,367,
38,Player 1,3121,Go To Jail,15,251,
38,Player 1,3121,Jail,15,251,
39,Player 2,3587,Kings Cross Station,11,567,
39,Player 1,3121,Jail,15,251,
40,Player 2,3587,Euston Road,12,367,
40,Player 1,3077,Vine Street,15,207,
41,Player 2,3597,Electric Company ,12,377,
41,Player 1,3077,Fleet Street,15,207,
41,Player 1,3077,Go To Jail,15,207,
41,Player 1,3077,Jail,15,207,
42,Player 2,3581,Northumberland Avenue,12,361,
42,Player 2,3581,Community Chest,12,361,
42,Player 1,3077,Jail,15,207,
43,Player 2,3631,Free Parking,12,211,
43,Player 1,3027,Free Parking,15,157,
43,Player 1,3027,Regent Street,15,157,
44,Player 2,3631,Coventry Street,12,211,
44,Player 1,3049,Liverpool Street,15,179,
45,Player 2,3609,Community Chest,12,189,
45,Player 2,3609,Jail,12,189,
45,Player 1,3249,GO,15,379,
46,Player 2,3609,Jail,12,189,
46,Player 1,3249,Whitechapel Road,15,379,
47,Player 2,3559,Marlborough Street,12,139,
47,Player 1,3263,Jail,15,393,
48,Player 2,3545,Trafalgar Square,12,125,
48,Player 1,3263,Community Chest,15,393,
49,Player 2,3545,Go To Jail,12,125,
49,Player 2,3545,Jail,12,125,
49,Player 1,3213,Fenchurch St Station,15,343,
50,Player 2,3545,Jail,12,125,
50,Player 1,3343,Community Chest,16,273,
51,Player 2,3485,Electric Company ,12,65,
51,Player 2,3477,Free Parking,12,57,
51,Player 1,3561,Income Tax,16,491,
52,Player 2,3477,Fenchurch St Station,12,57,
52,Player 1,3411,Pall Mall,16,341,
53,Player 2,3437,Regent Street,12,17,
53,Player 1,3453,Vine Street,16,383,
54,Player 2,3501,Mayfair,12,81,
54,Player 1,3437,Water Works,16,367,
55,Player 2,3737,Chance,12,317,
55,Player 2,3717,Northumberland Avenue,12,297,
55,Player 1,3401,Park Lane,16,331,
56,Player 2,4107,Fenchurch St Station,12,287,
56,Player 1,3171,Mayfair,16,101,
56,Player 1,3301,The Angel Islington,16,231,
57,Player 2,4113,Bond Street,13,143,
57,Player 1,3057,Pentonville Road,15,137,
58,Player 2,4313,Community Chest,13,343,
58,Player 2,4313,Electric Company ,13,343,
58,Player 1,3057,Marlborough Street,15,137,
59,Player 2,4313,Vine Street,13,343,
59,Player 1,3057,Coventry Street,15,137,
60,Player 2,4313,Trafalgar Square,13,343,
60,Player 1,3057,Mayfair,15,137,
60,Player 1,3187,Pentonville Road,15,267,
61,Player 2,4113,Piccadilly,13,943,
61,Player 1,3099,Marylebone Station,15,179,
62,Player 2,4163,Super Tax,13,993,
62,Player 1,3049,The Strand,15,129,
63,Player 2,4281,Kings Cross Station,13,1111,
63,Player 1,3031,Regent Street,15,111,
64,Player 2,4281,Marylebone Station,13,1111,
64,Player 1,3031,Liverpool Street,15,111,
64,Player 1,3031,Mayfair,15,111,
64,Player 1,0,Mayfair,0,0,
1,Player 2,1500,Euston Road,0,1500,
1,Player 2,1500,Marylebone Station,1,1400,
1,Player 1,1500,Chance,0,1500,
2,Player 2,1390,Chance,2,1090,
2,Player 1,1650,Marlborough Street,0,1650,
3,Player 2,1240,Oxford Street,2,940,
3,Player 1,1551,Leicester Square,1,1371,
4,Player 2,1240,Park Lane,3,640,
4,Player 1,1551,Oxford Street,2,1111,
5,Player 2,1466,Kings Cross Station,4,516,
5,Player 2,1466,Northumberland Avenue,5,316,
5,Player 1,1733,GO,3,1133,
5,Player 1,1733,Kings Cross Station,3,1133,
6,Player 2,1516,Fenchurch St Station,5,366,
6,Player 1,1683,Northumberland Avenue,3,1083,
7,Player 2,1516,Go To Jail,6,166,
7,Player 2,1516,Jail,6,166,
7,Player 1,1683,Free Parking,3,1083,
8,Player 2,1516,Jail,6,166,
8,Player 1,1683,Piccadilly,3,1083,
9,Player 2,1466,Vine Street,6,116,
9,Player 1,1679,Oxford Street,5,599,
10,Player 2,1492,Go To Jail,6,142,
10,Player 2,1492,Jail,6,142,
10,Player 1,1853,Old Kent Road,5,773,
11,Player 2,1492,Jail,6,142,
11,Player 1,1853,Chance,6,713,
12,Player 2,1442,Bow Street,6,92,
12,Player 1,1939,Northumberland Avenue,7,119,
13,Player 2,1442,Trafalgar Square,6,92,
13,Player 1,2143,Free Parking,8,83,
14,Player 2,1442,Regent Street,6,92,
14,Player 1,2143,Trafalgar Square,8,83,
15,Player 2,1912,GO,7,262,
15,Player 1,2143,Regent Street,8,83,
16,Player 2,1938,Pentonville Road,7,288,
16,Player 1,2117,Super Tax,8,57,
17,Player 2,1938,Bow Street,8,168,
17,Player 1,2517,Pentonville Road,8,357,
18,Player 2,1796,Fleet Street,8,26,
18,Player 1,2707,Whitehall ,9,127,
19,Player 2,1796,Bond Street,8,26,
19,Player 1,3121,Free Parking,11,81,
20,Player 2,1796,Mayfair,8,26,
20,Player 1,3481,Fenchurch St Station,12,41,
21,Player 2,2096,Pentonville Road,8,326,
21,Player 2,2096,Vine Street,8,326,
21,Player 2,1796,Chance,8,26,
21,Player 2,1796,Fenchurch St Station,8,26,
21,Player 1,3918,Coventry Street,12,578,
21,Player 1,3918,Community Chest,13,318,
22,Player 2,1796,Go To Jail,8,26,
22,Player 2,1796,Jail,8,26,
22,Player 1,4218,Income Tax,13,468,
23,Player 2,1796,Jail,8,26,
23,Player 1,4018,Northumberland Avenue,13,268,
23,Player 1,4018,Marlborough Street,13,268,
24,Player 2,1796,Jail,8,26,
24,Player 2,1796,Free Parking,8,26,
24,Player 1,4018,Water Works,13,268,
25,Player 2,1796,Coventry Street,8,26,
25,Player 1,4018,Park Lane,14,118,
26,Player 2,1831,Park Lane,8,61,
26,Player 2,2031,Whitechapel Road,8,261,
26,Player 1,3983,Mayfair,14,83,
26,Player 1,4183,Pentonville Road,14,283,
27,Player 2,1984,The Angel Islington,9,154,
27,Player 1,4175,Vine Street,14,275,
27,Player 1,4175,Coventry Street,14,275,
28,Player 2,1984,Pentonville Road,10,54,
28,Player 1,4175,Bond Street,14,275,
29,Player 2,1984,Whitehall ,10,54,
29,Player 1,4303,GO,14,403,
30,Player 2,1974,The Strand,10,44,
30,Player 1,4501,Chance,15,231,
31,Player 2,1974,Piccadilly,10,44,
31,Player 2,2004,Chance,10,74,
31,Player 1,4606,Pall Mall,15,336,
32,Player 2,2184,Whitechapel Road,10,254,
32,Player 1,4606,Community Chest,16,196,
32,Player 1,4606,GO,16,196,
33,Player 2,2129,Marylebone Station,10,199,
33,Player 2,2129,Trafalgar Square,10,199,
33,Player 1,4646,The Angel Islington,16,236,
33,Player 1,4634,Jail,16,224,
34,Player 2,2101,Piccadilly,10,171,
34,Player 1,4754,Northumberland Avenue,16,344,
35,Player 2,1981,Liverpool Street,10,51,
35,Player 1,4924,Vine Street,17,314,
36,Player 2,2181,Chance,10,251,
36,Player 2,2181,Marylebone Station,10,251,
36,Player 2,2181,The Strand,10,251,
36,Player 1,4960,Coventry Street,17,350,
37,Player 2,2145,Piccadilly,10,215,
37,Player 1,4970,Go To Jail,17,360,
37,Player 1,4970,Jail,17,360,
38,Player 2,2025,Bond Street,10,95,
38,Player 1,4998,Jail,17,388,
39,Player 2,1997,Mayfair,10,67,
39,Player 1,4998,Marylebone Station,17,388,
40,Player 2,2247,Jail,10,317,
40,Player 1,4898,Fleet Street,17,288,
41,Player 2,2247,Marylebone Station,10,317,
41,Player 1,4898,Water Works,17,288,
42,Player 2,2247,Free Parking,10,317,
42,Player 1,4898,Oxford Street,17,288,
43,Player 2,2247,Fenchurch St Station,10,317,
43,Player 1,5098,Community Chest,17,488,
44,Player 2,2247,Liverpool Street,10,317,
44,Player 1,5080,Pentonville Road,17,170,
45,Player 2,2238,Super Tax,10,308,
45,Player 1,5064,Marylebone Station,17,154,
46,Player 2,2438,The Angel Islington,10,508,
46,Player 1,4964,The Strand,17,54,
47,Player 2,2218,Northumberland Avenue,10,288,
47,Player 1,4988,Water Works,17,78,
48,Player 2,2194,Leicester Square,10,264,
48,Player 2,2084,Super Tax,10,154,
48,Player 2,1984,Jail,10,54,
48,Player 1,5098,Mayfair,17,188,
49,Player 2,1984,Jail,10,54,
49,Player 1,5298,Income Tax,17,388,
50,Player 2,1934,Bow Street,10,4,
50,Player 1,5108,Pentonville Road,18,138,
51,Player 2,1915,The Strand,9,45,
51,Player 1,5128,Marylebone Station,18,158,
52,Player 2,1979,Coventry Street,9,109,
52,Player 2,1919,Community Chest,9,49,
52,Player 1,5138,The Strand,18,168,
53,Player 2,1969,Mayfair,9,99,
53,Player 1,5188,Coventry Street,18,218,
53,Player 1,5188,Regent Street,18,218,
54,Player 2,2145,The Angel Islington,9,275,
54,Player 1,5162,Mayfair,18,192,
55,Player 2,2090,Electric Company ,9,220,
55,Player 1,5362,Euston Road,18,392,
56,Player 2,2125,Marylebone Station,10,105,
56,Player 1,5350,Bow Street,18,230,
57,Player 2,2125,Coventry Street,10,105,
57,Player 2,2095,Super Tax,10,75,
57,Player 1,5680,The Strand,18,260,
58,Player 2,2295,Kings Cross Station,10,275,
58,Player 1,5680,Water Works,18,260,
59,Player 2,2240,Northumberland Avenue,10,220,
59,Player 1,5704,Oxford Street,18,284,
59,Player 1,5904,GO,18,484,
60,Player 2,2216,The Strand,10,196,
60,Player 1,5940,Euston Road,18,220,
61,Player 2,2192,Coventry Street,10,172,
61,Player 1,6728,Northumberland Avenue,18,158,
62,Player 2,2067,Go To Jail,10,47,
62,Player 2,2067,Jail,10,47,
62,Player 1,6728,The Strand,18,158,
63,Player 2,2067,Jail,10,47,
63,Player 1,6728,Leicester Square,18,158,
64,Player 2,2067,Jail,10,47,
64,Player 1,6728,Bond Street,18,158,
65,Player 2,2067,Jail,10,47,
65,Player 1,6728,Super Tax,18,158,
66,Player 2,2067,Jail,10,47,
66,Player 1,6828,The Angel Islington,18,258,
67,Player 2,2079,Marylebone Station,10,59,
67,Player 1,6816,Marylebone Station,18,246,
68,Player 2,2179,Fleet Street,10,159,
68,Player 1,6806,Trafalgar Square,18,236,
69,Player 2,2089,Regent Street,10,69,
69,Player 1,6806,Go To Jail,18,236,
69,Player 1,6806,Jail,18,236,
70,Player 2,2089,Bond Street,10,69,
70,Player 1,6834,Jail,18,264,
71,Player 2,2261,GO,10,241,
71,Player 1,6784,Electric Company ,18,214,
71,Player 1,6776,Northumberland Avenue,18,206,
71,Player 1,6776,Free Parking,18,206,
72,Player 2,2214,The Angel Islington,10,194,
72,Player 1,6776,Fenchurch St Station,18,206,
73,Player 2,2232,Bow Street,10,212,
73,Player 2,2157,Leicester Square,10,137,
73,Player 1,8026,Chance,18,356,
73,Player 1,8026,GO,18,356,
74,Player 2,2032,Bond Street,10,12,
74,Player 1,7454,Chance,18,234,
75,Player 2,2254,Community Chest,10,234,
75,Player 1,6679,Marlborough Street,18,9,
76,Player 2,2219,Jail,10,199,
76,Player 1,6679,Water Works,18,9,
77,Player 2,2219,Electric Company ,10,199,
77,Player 2,2219,Vine Street,10,199,
77,Player 1,6899,Chance,18,229,
77,Player 1,6899,Jail,18,229,
78,Player 2,2049,Fenchurch St Station,10,29,
78,Player 1,6899,Jail,18,229,
79,Player 2,2049,Bond Street,10,29,
79,Player 1,6877,Bow Street,18,207,
80,Player 2,2221,Old Kent Road,10,201,
80,Player 1,6879,Leicester Square,18,209,
81,Player 2,2164,Pall Mall,10,144,
81,Player 2,2064,Marlborough Street,10,44,
81,Player 1,7057,Oxford Street,18,237,
82,Player 2,2036,Fenchurch St Station,10,16,
82,Player 1,7057,Park Lane,18,237,
83,Player 2,2036,Go To Jail,10,16,
83,Player 2,2036,Jail,10,16,
83,Player 1,7257,Income Tax,18,437,
84,Player 2,2036,Jail,10,16,
84,Player 1,7057,Northumberland Avenue,18,237,
85,Player 2,2036,Jail,10,16,
85,Player 2,2036,Electric Company ,10,16,
85,Player 1,7057,Free Parking,18,237,
85,Player 1,7057,Fleet Street,18,237,
86,Player 2,2036,Marlborough Street,10,16,
86,Player 1,7085,Regent Street,18,265,
87,Player 2,2084,Fleet Street,10,64,
87,Player 1,6749,GO,18,379,
88,Player 2,2044,Go To Jail,10,24,
88,Player 2,2044,Jail,10,24,
88,Player 1,6149,Jail,18,229,
89,Player 2,2044,Jail,10,24,
89,Player 1,6149,Chance,18,229,
89,Player 1,6149,Pall Mall,18,229,
89,Player 1,6149,Northumberland Avenue,18,229,
90,Player 2,2044,Jail,10,24,
90,Player 1,6149,Marlborough Street,18,229,
91,Player 2,2044,Jail,10,24,
91,Player 1,6149,Fleet Street,18,229,
92,Player 2,2044,Jail,10,24,
92,Player 1,6149,Piccadilly,18,229,
93,Player 2,2044,Community Chest,10,24,
93,Player 1,6149,Super Tax,18,229,
94,Player 2,2054,Fleet Street,10,34,
94,Player 1,6339,Kings Cross Station,18,419,
95,Player 2,2159,Piccadilly,10,139,
95,Player 2,0,Piccadilly,0,0,
1,Player 2,1500,Income Tax,0,1500,
1,Player 1,1500,Income Tax,0,1500,
2,Player 2,1350,The Angel Islington,0,1350,
2,Player 2,1350,Whitehall ,1,1250,
2,Player 1,1350,Pentonville Road,0,1350,
3,Player 2,1295,The Strand,2,1055,
3,Player 2,1295,Piccadilly,3,835,
3,Player 2,1295,Jail,4,555,
3,Player 1,1350,Free Parking,1,1230,
4,Player 2,1174,Jail,4,434,
4,Player 1,1350,Coventry Street,1,1230,
5,Player 2,1124,Community Chest,4,384,
5,Player 1,1350,Liverpool Street,2,970,
6,Player 2,1224,Water Works,4,484,
6,Player 1,1350,Mayfair,3,770,
7,Player 2,1224,Super Tax,5,334,
7,Player 2,1324,The Angel Islington,5,434,
7,Player 1,1550,Chance,4,570,
8,Player 2,1324,Electric Company ,5,434,
8,Player 1,1550,Pall Mall,4,570,
9,Player 2,1324,Vine Street,6,284,
9,Player 1,1523,Vine Street,6,203,
10,Player 2,1324,Coventry Street,6,284,
10,Player 1,1545,Fleet Street,6,225,
10,Player 1,1545,Water Works,6,225,
11,Player 2,1462,Chance,7,202,
11,Player 1,1495,Bond Street,6,175,
12,Player 2,1642,Whitechapel Road,7,382,
12,Player 1,1935,Whitechapel Road,7,295,
13,Player 2,1646,Pall Mall,8,326,
13,Player 1,1941,Electric Company ,7,301,
14,Player 2,1605,Free Parking,8,285,
14,Player 1,1851,Vine Street,7,211,
15,Player 2,1605,Coventry Street,8,285,
15,Player 1,1873,Coventry Street,7,233,
15,Player 1,1873,Bond Street,7,233,
16,Player 2,1583,Oxford Street,8,263,
16,Player 1,2038,Park Lane,8,98,
17,Player 2,1864,Super Tax,9,194,
17,Player 2,1964,Kings Cross Station,9,294,
17,Player 1,2238,Kings Cross Station,8,298,
18,Player 2,2149,Whitehall ,10,279,
18,Player 1,2213,Pentonville Road,8,273,
18,Player 1,2213,Vine Street,8,273,
19,Player 2,2149,The Strand,10,279,
19,Player 1,2213,Go To Jail,8,273,
19,Player 1,2213,Jail,8,273,
20,Player 2,2149,Coventry Street,10,279,
20,Player 1,2235,Jail,8,295,
21,Player 2,2127,Bond Street,10,257,
21,Player 1,2185,Northumberland Avenue,8,245,
21,Player 1,2185,Free Parking,8,245,
22,Player 2,2343,Old Kent Road,11,313,
22,Player 1,2185,Piccadilly,8,245,
23,Player 2,2365,Chance,12,275,
23,Player 2,2365,Income Tax,12,275,
23,Player 1,2163,Liverpool Street,8,223,
24,Player 2,2165,Electric Company ,12,75,
24,Player 1,2363,The Angel Islington,8,423,
25,Player 2,2171,Free Parking,12,81,
25,Player 2,2171,Coventry Street,12,81,
25,Player 1,2379,Whitehall ,8,439,
26,Player 2,2159,Oxford Street,12,69,
26,Player 1,2395,The Strand,8,455,
27,Player 2,2151,Chance,12,61,
27,Player 2,2336,Kings Cross Station,12,246,
27,Player 1,2377,Water Works,8,437,
28,Player 2,2406,Jail,12,316,
28,Player 1,2307,Park Lane,8,367,
29,Player 2,2406,Bow Street,12,316,
29,Player 1,2334,Mayfair,9,214,
29,Player 1,2534,Kings Cross Station,9,414,
30,Player 2,2431,Fleet Street,12,341,
30,Player 1,2509,Pall Mall,9,389,
31,Player 2,2431,Oxford Street,12,341,
31,Player 1,2535,Free Parking,9,415,
32,Player 2,2605,Income Tax,12,515,
32,Player 2,2405,Chance,12,315,
32,Player 2,2405,Pall Mall,12,315,
32,Player 1,2545,Piccadilly,9,425,
33,Player 2,2417,Marlborough Street,12,327,
33,Player 1,2532,Oxford Street,10,232,
34,Player 2,2417,Water Works,12,327,
34,Player 1,2532,Mayfair,10,232,
35,Player 2,2417,Liverpool Street,12,327,
35,Player 1,2757,Income Tax,10,457,
36,Player 2,2592,Whitechapel Road,12,502,
36,Player 1,2557,Pentonville Road,10,257,
37,Player 2,2392,Northumberland Avenue,12,52,
37,Player 1,2557,Marylebone Station,10,257,
38,Player 2,2392,Vine Street,12,52,
38,Player 1,2759,Fenchurch St Station,11,259,
39,Player 2,2360,Trafalgar Square,12,20,
39,Player 1,3155,Community Chest,13,215,
40,Player 2,2360,Go To Jail,12,20,
40,Player 2,2360,Jail,12,20,
40,Player 1,3445,Community Chest,13,505,
40,Player 1,3445,Electric Company ,13,505,
41,Player 2,2450,Jail,12,110,
41,Player 1,3355,Vine Street,13,115,
42,Player 2,2400,Marylebone Station,12,60,
42,Player 1,3455,Piccadilly,13,115,
43,Player 2,2372,Free Parking,12,32,
43,Player 1,3433,Bond Street,13,93,
44,Player 2,2372,Piccadilly,12,32,
44,Player 1,3633,Income Tax,13,293,
44,Player 1,3433,Electric Company ,13,93,
45,Player 2,2452,Liverpool Street,12,112,
45,Player 1,3453,Vine Street,13,113,
46,Player 2,2352,Super Tax,12,12,
46,Player 1,3453,Chance,13,113,
47,Player 2,2552,Income Tax,12,212,
47,Player 1,3603,Water Works,13,163,
48,Player 2,2412,The Angel Islington,12,72,
48,Player 2,2412,Marylebone Station,12,72,
48,Player 1,3643,Liverpool Street,13,103,
49,Player 2,2362,The Strand,12,22,
49,Player 1,3843,GO,13,303,
50,Player 2,2362,Oxford Street,12,22,
50,Player 1,3869,Whitechapel Road,13,129,
51,Player 2,2851,Community Chest,12,511,
51,Player 2,2851,Jail,12,511,
51,Player 1,3839,The Angel Islington,13,99,
52,Player 2,2657,Jail,12,467,
52,Player 1,3833,Northumberland Avenue,13,93,
53,Player 2,2619,Marylebone Station,12,429,
53,Player 1,3921,Vine Street,13,181,
54,Player 2,2519,Trafalgar Square,12,329,
54,Player 1,3921,Coventry Street,13,181,
55,Player 2,2519,Regent Street,12,329,
55,Player 1,3921,Bond Street,13,181,
56,Player 2,2699,Chance,13,209,
56,Player 1,4121,Whitechapel Road,13,381,
57,Player 2,3284,Community Chest,13,794,
57,Player 1,3861,Euston Road,13,121,
58,Player 2,3017,Pentonville Road,14,427,
58,Player 1,3861,Vine Street,13,121,
59,Player 2,3017,Northumberland Avenue,14,427,
59,Player 1,3861,Go To Jail,13,121,
59,Player 1,3861,Jail,13,121,
60,Player 2,3017,Free Parking,14,427,
60,Player 2,3017,Fenchurch St Station,14,427,
60,Player 1,3895,Jail,13,155,
61,Player 2,2917,Regent Street,14,327,
61,Player 1,3845,Whitehall ,13,105,
62,Player 2,2927,Chance,14,337,
62,Player 2,2927,GO,14,337,
62,Player 1,3835,Free Parking,13,95,
63,Player 2,2927,Chance,14,337,
63,Player 2,2927,Jail,14,337,
63,Player 1,3835,Water Works,13,95,
64,Player 2,3007,Jail,14,417,
64,Player 1,3755,Liverpool Street,13,15,
65,Player 2,2957,Community Chest,14,367,
65,Player 1,3955,The Angel Islington,13,215,
66,Player 2,3063,Water Works,14,473,
66,Player 1,3949,Pentonville Road,13,109,
67,Player 2,3063,Bond Street,14,473,
67,Player 1,3949,Electric Company ,13,109,
68,Player 2,3093,Mayfair,14,503,
68,Player 1,3919,Northumberland Avenue,13,79,
68,Player 1,3907,Marlborough Street,13,67,
69,Player 2,3305,Income Tax,14,715,
69,Player 1,3907,Leicester Square,13,67,
70,Player 2,3313,Northumberland Avenue,15,463,
70,Player 1,3907,Bond Street,13,67,
71,Player 2,3313,Chance,15,463,
71,Player 1,4107,The Angel Islington,13,267,
71,Player 1,4101,Whitehall ,13,261,
72,Player 2,3179,Leicester Square,15,329,
72,Player 1,4091,Fleet Street,13,151,
73,Player 2,3197,Chance,15,347,
73,Player 1,4073,Leicester Square,13,133,
74,Player 2,3189,Kings Cross Station,15,339,
74,Player 1,4051,Liverpool Street,13,111,
75,Player 2,3189,Pall Mall,15,339,
75,Player 1,4261,Old Kent Road,13,321,
76,Player 2,3429,The Strand,15,579,
76,Player 1,4011,Whitechapel Road,13,71,
76,Player 1,4051,Euston Road,13,111,
77,Player 2,3885,Trafalgar Square,15,1035,
77,Player 1,4045,Bow Street,13,105,
77,Player 1,4045,The Strand,13,105,
78,Player 2,3903,Regent Street,15,1053,
78,Player 1,4027,Regent Street,13,87,
79,Player 2,3929,Mayfair,15,1079,
79,Player 1,4001,Mayfair,13,61,
80,Player 2,4129,Pentonville Road,15,1279,
80,Player 1,4201,Chance,13,261,
80,Player 1,4201,Mayfair,13,261,
81,Player 2,3049,Community Chest,16,79,
81,Player 2,3049,GO,16,79,
81,Player 1,4281,The Angel Islington,12,361,
82,Player 2,3061,Whitechapel Road,16,91,
82,Player 1,3869,Northumberland Avenue,12,149,
83,Player 2,3073,Northumberland Avenue,16,103,
83,Player 1,3857,Vine Street,12,137,
84,Player 2,3073,Trafalgar Square,16,103,
84,Player 1,3857,Leicester Square,12,137,
85,Player 2,3095,Go To Jail,16,125,
85,Player 2,3095,Jail,16,125,
85,Player 1,3835,Park Lane,12,115,
86,Player 2,3130,Jail,16,160,
86,Player 1,4000,Kings Cross Station,12,280,
87,Player 2,3105,Bow Street,16,135,
87,Player 1,3540,Marylebone Station,12,420,
87,Player 1,3540,Vine Street,12,420,
88,Player 2,2985,The Strand,16,15,
88,Player 1,3540,Coventry Street,12,420,
89,Player 2,2985,Piccadilly,16,15,
89,Player 1,3540,Oxford Street,12,420,
90,Player 2,2985,Community Chest,16,15,
90,Player 2,2985,Old Kent Road,16,15,
90,Player 1,3540,Mayfair,12,420,
91,Player 2,2985,Jail,16,15,
91,Player 1,3740,Chance,12,620,
91,Player 1,3740,Marylebone Station,12,620,
91,Player 1,3740,Chance,12,620,
91,Player 1,3740,Fenchurch St Station,12,620,
92,Player 2,2985,Bow Street,16,15,
92,Player 2,3195,Coventry Street,16,75,
92,Player 1,4316,Bond Street,12,1196,
93,Player 2,3173,Chance,16,53,
93,Player 1,4516,Kings Cross Station,12,1396,
94,Player 2,3448,Community Chest,16,328,
94,Player 2,3458,Electric Company ,16,338,
94,Player 2,3458,Marlborough Street,16,338,
94,Player 1,3631,Electric Company ,13,311,
95,Player 2,3008,Leicester Square,15,88,
95,Player 1,3561,Vine Street,13,241,
96,Player 2,3008,Regent Street,15,88,
96,Player 1,3561,Piccadilly,13,241,
96,Player 1,3561,Bond Street,13,241,
97,Player 2,3208,Community Chest,15,288,
97,Player 1,3761,GO,13,441,
98,Player 2,3112,Kings Cross Station,15,192,
98,Player 1,3851,Chance,13,531,
99,Player 2,2962,Pentonville Road,15,42,
99,Player 1,3551,Whitehall ,13,231,
100,Player 2,2962,Whitehall ,15,42,
100,Player 1,3551,Community Chest,13,231,
100,Player 1,3571,Fenchurch St Station,13,251,
101,Player 2,2962,Marlborough Street,15,42,
101,Player 1,4521,Oxford Street,13,1201,
102,Player 2,2872,Fenchurch St Station,15,2,
102,Player 1,4721,Mayfair,13,1401,
103,Player 2,2902,Liverpool Street,15,32,
103,Player 1,5121,Pall Mall,13,1801,
103,Player 1,5121,Vine Street,13,1801,
104,Player 2,3132,GO,15,262,
104,Player 1,5121,Leicester Square,13,1801,
105,Player 2,3099,Pall Mall,15,229,
105,Player 1,5109,Oxford Street,13,1789,
106,Player 2,3089,Marylebone Station,15,219,
106,Player 2,2889,Chance,15,19,
106,Player 1,5509,GO,13,2189,
107,Player 2,2919,Water Works,15,49,
107,Player 1,5509,Chance,13,2189,
107,Player 1,5509,Income Tax,13,2189,
108,Player 2,2919,Chance,15,49,
108,Player 1,5309,Northumberland Avenue,13,1989,
108,Player 1,5309,Fenchurch St Station,13,1989,
109,Player 2,3104,Whitechapel Road,15,234,
109,Player 1,5309,Community Chest,13,1989,
110,Player 2,3049,Euston Road,15,179,
110,Player 1,5559,Old Kent Road,13,2239,
110,Player 1,5309,Euston Road,13,1989,
111,Player 2,3070,Marylebone Station,15,200,
111,Player 1,5497,Community Chest,13,2177,
112,Player 2,2870,Trafalgar Square,15,0,
112,Player 1,5417,Coventry Street,13,2097,
112,Player 1,5417,Community Chest,13,2097,
113,Player 2,2900,Piccadilly,15,30,
113,Player 1,5627,Old Kent Road,13,2307,
113,Player 1,5377,Euston Road,13,2057,
114,Player 2,3107,Liverpool Street,15,237,
114,Player 1,5565,Pall Mall,13,2245,
115,Player 2,3107,The Angel Islington,15,237,
115,Player 1,5565,Vine Street,13,2245,
116,Player 2,3107,Whitehall ,15,237,
116,Player 1,5565,Fenchurch St Station,13,2245,
117,Player 2,3107,Vine Street,15,237,
117,Player 2,2887,Fleet Street,15,67,
117,Player 2,2887,Jail,15,67,
117,Player 1,6565,Oxford Street,13,3245,
118,Player 2,2887,Jail,15,67,
118,Player 1,4065,Income Tax,14,445,
118,Player 1,3865,Electric Company ,14,245,
119,Player 2,2617,Marylebone Station,14,97,
119,Player 1,3985,Marlborough Street,14,365,
120,Player 2,2537,Trafalgar Square,14,17,
120,Player 1,4005,Leicester Square,14,385,
121,Player 2,2589,Coventry Street,14,69,
121,Player 1,4005,Chance,14,385,
121,Player 1,4005,Pall Mall,14,385,
121,Player 1,4005,Free Parking,14,385,
122,Player 2,2567,Liverpool Street,14,47,
122,Player 1,4205,Fenchurch St Station,14,385,
123,Player 2,2797,Kings Cross Station,14,277,
123,Player 1,4405,Bond Street,14,385,
124,Player 2,2597,Northumberland Avenue,14,77,
124,Player 1,4405,Mayfair,14,385,
125,Player 2,2597,Marlborough Street,14,77,
125,Player 1,5555,Income Tax,14,1135,
126,Player 2,2507,The Strand,14,37,
126,Player 1,5355,Marylebone Station,14,335,
127,Player 2,2507,Coventry Street,14,37,
127,Player 1,5377,Fenchurch St Station,14,357,
128,Player 2,2485,Super Tax,14,15,
128,Player 1,5377,Go To Jail,14,357,
128,Player 1,5377,Jail,14,357,
129,Player 2,2685,GO,14,215,
129,Player 2,2685,Jail,14,215,
129,Player 2,2685,Marylebone Station,14,215,
129,Player 1,5577,Jail,14,357,
130,Player 2,2485,Chance,14,15,
130,Player 1,5527,Marylebone Station,14,307,
131,Player 2,2635,Coventry Street,14,165,
131,Player 1,5549,Chance,14,329,
132,Player 2,2613,Community Chest,14,143,
132,Player 1,5649,Regent Street,14,229,
133,Player 2,2763,GO,14,293,
133,Player 1,5649,Park Lane,14,229,
134,Player 2,2708,Euston Road,14,238,
134,Player 1,5849,Income Tax,14,429,
135,Player 2,2708,Community Chest,14,238,
135,Player 1,5649,Electric Company ,14,229,
136,Player 2,2729,Free Parking,14,259,
136,Player 1,5569,Marlborough Street,14,149,
137,Player 2,2729,Chance,14,259,
137,Player 2,2729,GO,14,259,
137,Player 2,2729,Pentonville Road,14,259,
137,Player 1,5569,Fleet Street,14,149,
138,Player 2,2729,Marlborough Street,14,259,
138,Player 1,5719,Water Works,14,299,
139,Player 2,2554,Piccadilly,14,134,
139,Player 1,5669,Regent Street,14,249,
140,Player 2,2554,Bond Street,14,134,
140,Player 2,0,Bond Street,0,0,
1,Player 1,1500,Income Tax,0,1500,
1,Player 2,1500,Pall Mall,0,1500,
2,Player 1,1350,Pall Mall,0,1350,
2,Player 2,1510,Vine Street,1,1370,
2,Player 2,1510,Fenchurch St Station,2,1170,
3,Player 1,1340,Free Parking,0,1340,
3,Player 2,1510,Liverpool Street,3,970,
4,Player 1,1340,Trafalgar Square,0,1340,
4,Player 2,1710,Community Chest,4,970,
4,Player 2,1710,Jail,4,970,
5,Player 1,1208,Piccadilly,1,968,
5,Player 2,1710,Jail,4,970,
6,Player 1,1208,Liverpool Street,2,688,
6,Player 2,1710,Whitehall ,4,970,
7,Player 1,1358,Whitechapel Road,2,838,
7,Player 2,1710,Free Parking,5,830,
8,Player 1,1358,Jail,3,778,
8,Player 2,1710,Trafalgar Square,5,830,
8,Player 2,1690,Oxford Street,5,810,
9,Player 1,1378,Marylebone Station,3,798,
9,Player 2,1690,Park Lane,6,510,
10,Player 1,1421,Fenchurch St Station,5,291,
10,Player 2,1940,The Angel Islington,6,760,
11,Player 1,1371,Bond Street,5,241,
11,Player 2,2148,Northumberland Avenue,8,548,
12,Player 1,1571,Kings Cross Station,5,441,
12,Player 2,2148,Vine Street,9,388,
13,Player 1,1571,Whitehall ,6,241,
13,Player 1,1551,Vine Street,6,221,
13,Player 2,2184,Fleet Street,9,124,
13,Player 2,2184,Water Works,9,124,
14,Player 1,1768,The Strand,8,68,
14,Player 1,1768,Trafalgar Square,8,68,
14,Player 2,2349,Oxford Street,10,69,
15,Player 1,1768,Bond Street,8,68,
15,Player 1,1940,The Angel Islington,8,240,
15,Player 1,1934,Northumberland Avenue,8,234,
15,Player 2,2443,Chance,10,163,
15,Player 2,2443,Pall Mall,10,163,
15,Player 2,2443,Bow Street,10,163,
16,Player 1,1874,Fenchurch St Station,8,174,
16,Player 2,2592,Fenchurch St Station,11,132,
17,Player 1,1824,Regent Street,8,124,
17,Player 2,2817,Go To Jail,12,57,
17,Player 2,2817,Jail,12,57,
18,Player 1,1824,Park Lane,8,124,
18,Player 2,2817,Jail,12,57,
19,Player 1,2024,Community Chest,8,324,
19,Player 2,2767,Whitehall ,12,7,
20,Player 1,1974,Pentonville Road,8,274,
20,Player 2,2767,Marlborough Street,12,7,
21,Player 1,2136,Free Parking,10,136,
21,Player 2,2767,Fenchurch St Station,12,7,
22,Player 1,2136,Coventry Street,10,136,
22,Player 2,2767,Chance,12,7,
23,Player 1,2370,Bond Street,11,110,
23,Player 2,3173,Whitechapel Road,12,313,
24,Player 1,2318,Super Tax,11,58,
24,Player 1,2518,The Angel Islington,11,258,
24,Player 1,2512,Bow Street,11,252,
24,Player 2,3189,Whitehall ,12,129,
25,Player 1,2498,Chance,11,238,
25,Player 2,3189,Free Parking,12,129,
26,Player 1,2598,Water Works,11,338,
26,Player 2,3189,Water Works,12,129,
26,Player 2,3157,Liverpool Street,12,97,
27,Player 1,2630,Go To Jail,11,370,
27,Player 1,2630,Jail,11,370,
27,Player 2,3357,GO,12,297,
28,Player 1,2630,Jail,11,370,
28,Player 2,3357,Euston Road,12,197,
29,Player 1,2580,Marlborough Street,11,320,
29,Player 2,3357,Northumberland Avenue,13,97,
30,Player 1,2580,Coventry Street,11,320,
30,Player 2,3357,Chance,13,97,
30,Player 2,3357,GO,13,97,
31,Player 1,2580,Go To Jail,11,320,
31,Player 1,2580,Jail,11,320,
31,Player 2,3357,The Angel Islington,13,97,
32,Player 1,2580,Jail,11,320,
32,Player 2,3357,Electric Company ,13,97,
33,Player 1,2623,Bow Street,12,213,
33,Player 2,3371,Free Parking,13,111,
34,Player 1,2609,Leicester Square,12,199,
34,Player 2,3371,Water Works,13,111,
35,Player 1,2897,Bond Street,13,227,
35,Player 2,3347,Park Lane,13,87,
36,Player 1,2876,Super Tax,13,206,
36,Player 2,3512,Whitechapel Road,13,252,
36,Player 2,3508,Electric Company ,13,248,
37,Player 1,3070,The Angel Islington,13,400,
37,Player 2,3424,The Strand,13,164,
38,Player 1,3064,Pentonville Road,13,394,
38,Player 2,3424,Coventry Street,13,164,
39,Player 1,3108,Marylebone Station,13,288,
39,Player 2,3380,Super Tax,13,120,
40,Player 1,3108,Fleet Street,13,288,
40,Player 2,3480,Pentonville Road,13,220,
41,Player 1,3116,Fenchurch St Station,13,296,
41,Player 1,3066,Piccadilly,13,246,
41,Player 2,3522,Community Chest,13,162,
41,Player 2,3622,Leicester Square,13,262,
42,Player 1,3066,Community Chest,13,246,
42,Player 1,3066,GO,13,246,
42,Player 2,3622,Community Chest,13,162,
42,Player 2,3622,Old Kent Road,13,162,
43,Player 1,3066,Kings Cross Station,13,246,
43,Player 2,3622,Pentonville Road,14,102,
44,Player 1,3074,Northumberland Avenue,13,254,
44,Player 2,3993,Marylebone Station,14,173,
44,Player 2,3943,Marlborough Street,14,123,
45,Player 1,2780,Trafalgar Square,13,110,
45,Player 2,3929,Fleet Street,14,109,
46,Player 1,2798,Oxford Street,13,128,
46,Player 1,2946,GO,13,276,
46,Player 2,3963,Go To Jail,14,143,
46,Player 2,3963,Jail,14,143,
47,Player 1,2946,Euston Road,13,276,
47,Player 2,3969,Jail,14,149,
48,Player 1,2940,Community Chest,13,270,
48,Player 2,3909,Free Parking,14,89,
49,Player 1,2950,Fenchurch St Station,13,280,
49,Player 1,2900,Chance,13,230,
49,Player 1,2900,Jail,13,230,
49,Player 2,3959,Fleet Street,14,139,
50,Player 1,2918,Jail,13,248,
50,Player 2,3941,Go To Jail,14,121,
50,Player 2,3941,Jail,14,121,
51,Player 1,2868,Bow Street,13,198,
51,Player 2,3955,Jail,14,135,
52,Player 1,2854,The Strand,13,184,
52,Player 2,3923,Marlborough Street,14,103,
53,Player 1,2850,Go To Jail,13,180,
53,Player 1,2850,Jail,13,180,
53,Player 2,3909,Fenchurch St Station,14,89,
54,Player 1,2850,Jail,13,180,
54,Player 2,3909,Water Works,14,89,
55,Player 1,2830,Whitehall ,13,160,
55,Player 2,3139,Regent Street,14,219,
56,Player 1,2770,Free Parking,13,100,
56,Player 2,3139,Super Tax,14,219,
57,Player 1,2770,Water Works,13,100,
57,Player 1,2770,Bond Street,13,100,
57,Player 2,3295,Pentonville Road,14,375,
58,Player 1,2922,GO,13,252,
58,Player 2,3287,Community Chest,14,367,
58,Player 2,3312,The Strand,14,392,
59,Player 1,2889,Chance,13,219,
59,Player 2,3312,Go To Jail,14,392,
59,Player 2,3312,Jail,14,392,
60,Player 1,2739,Whitehall ,13,69,
60,Player 2,4062,Jail,14,342,
61,Player 1,2764,Free Parking,13,94,
61,Player 2,4012,Marlborough Street,14,292,
62,Player 1,2778,Fenchurch St Station,13,108,
62,Player 2,4048,Fenchurch St Station,14,328,
63,Player 1,2728,Regent Street,13,58,
63,Player 1,2718,Bond Street,13,48,
63,Player 2,4628,Community Chest,14,308,
64,Player 1,2800,Super Tax,13,130,
64,Player 1,2900,Kings Cross Station,13,230,
64,Player 2,4648,Mayfair,14,328,
64,Player 2,5068,Kings Cross Station,15,348,
65,Player 1,2950,Whitehall ,13,280,
65,Player 2,5228,Jail,16,248,
66,Player 1,2705,Marylebone Station,12,95,
66,Player 1,2705,Leicester Square,12,95,
66,Player 2,5195,Bow Street,16,215,
67,Player 1,2705,Oxford Street,12,95,
67,Player 2,5585,Leicester Square,16,305,
67,Player 2,5585,Piccadilly,16,305,
68,Player 1,2675,Mayfair,12,65,
68,Player 2,5635,Liverpool Street,16,355,
69,Player 1,2825,Old Kent Road,12,215,
69,Player 1,2815,Kings Cross Station,12,205,
69,Player 2,5845,Whitechapel Road,16,565,
70,Player 1,2815,Northumberland Avenue,12,205,
70,Player 2,5665,Whitehall ,17,65,
71,Player 1,2540,Fenchurch St Station,11,50,
71,Player 2,5715,Free Parking,17,115,
72,Player 1,2490,Park Lane,11,0,
72,Player 1,2690,The Angel Islington,11,200,
72,Player 2,5727,Regent Street,17,127,
73,Player 1,2678,Community Chest,11,188,
73,Player 2,5727,Park Lane,17,127,
74,Player 1,2728,Coventry Street,11,238,
74,Player 1,2728,Super Tax,11,238,
74,Player 2,5927,Chance,17,327,
75,Player 1,2828,Community Chest,11,338,
75,Player 1,2728,Northumberland Avenue,11,238,
75,Player 1,2573,Fleet Street,11,83,
75,Player 2,5772,Electric Company ,17,372,
76,Player 1,2623,Leicester Square,11,133,
76,Player 2,5722,Vine Street,17,322,
77,Player 1,2623,Oxford Street,11,133,
77,Player 2,6112,Fenchurch St Station,17,62,
77,Player 2,6112,Oxford Street,17,62,
78,Player 1,2693,Old Kent Road,11,203,
78,Player 2,6272,Liverpool Street,17,222,
79,Player 1,2533,Euston Road,11,43,
79,Player 2,6562,Income Tax,17,512,
80,Player 1,2563,Northumberland Avenue,11,73,
80,Player 2,6862,Pall Mall,17,912,
81,Player 1,2573,The Strand,11,83,
81,Player 2,6280,Fleet Street,17,730,
81,Player 2,6280,Water Works,17,730,
82,Player 1,2605,Fenchurch St Station,11,115,
82,Player 2,6280,Chance,17,730,
82,Player 2,6280,Mayfair,17,730,
82,Player 2,6480,Old Kent Road,17,930,
82,Player 2,6480,Pall Mall,17,930,
83,Player 1,2555,Community Chest,11,65,
83,Player 1,2765,Community Chest,11,275,
83,Player 2,6480,The Strand,17,930,
84,Player 1,2715,Electric Company ,11,225,
84,Player 2,6480,Coventry Street,17,930,
85,Player 1,2759,Marlborough Street,11,269,
85,Player 2,6436,Regent Street,17,886,
86,Player 1,2759,Fenchurch St Station,11,269,
86,Player 2,6486,Park Lane,17,936,
87,Player 1,2709,Oxford Street,11,219,
87,Player 2,7076,The Angel Islington,17,1526,
88,Player 1,2779,GO,11,289,
88,Player 2,7076,Bow Street,17,1526,
89,Player 1,2697,Income Tax,11,207,
89,Player 2,7076,Chance,17,1526,
89,Player 2,7076,Marylebone Station,17,1526,
89,Player 2,7026,Fleet Street,17,1476,
90,Player 1,2547,Pall Mall,11,57,
90,Player 2,6156,Coventry Street,18,126,
90,Player 2,6112,Go To Jail,18,82,
90,Player 2,6112,Jail,18,82,
91,Player 1,2406,Chance,10,96,
91,Player 1,2406,Fenchurch St Station,10,96,
91,Player 2,6162,Jail,18,132,
92,Player 1,2356,Regent Street,10,46,
92,Player 2,6913,Whitehall ,18,183,
93,Player 1,2606,Community Chest,10,296,
93,Player 2,6913,The Strand,18,183,
94,Player 1,2624,Jail,10,314,
94,Player 2,6913,Piccadilly,18,183,
94,Player 2,6913,Liverpool Street,18,183,
94,Player 2,7113,Community Chest,18,383,
95,Player 1,2624,Northumberland Avenue,10,314,
95,Player 1,2359,Chance,10,49,
95,Player 2,7013,Jail,18,983,
95,Player 2,7013,Marlborough Street,18,983,
96,Player 1,2409,Regent Street,10,99,
96,Player 2,7913,Trafalgar Square,18,1883,
97,Player 1,2329,Community Chest,10,19,
97,Player 1,2329,Electric Company ,10,19,
97,Player 1,2329,Marlborough Street,10,19,
97,Player 2,8863,Community Chest,18,2833,
97,Player 2,8863,Jail,18,2833,
98,Player 1,2329,Coventry Street,10,19,
98,Player 2,8863,Jail,18,2833,
99,Player 1,2329,Bond Street,10,19,
99,Player 1,0,Bond Street,0,0,
1,Player 2,1500,Euston Road,0,1500,
1,Player 1,1500,Kings Cross Station,0,1500,
2,Player 2,1500,Marylebone Station,1,1400,
2,Player 1,1500,Pall Mall,1,1300,
3,Player 2,1500,Fenchurch St Station,2,1200,
3,Player 1,1500,Bow Street,2,1160,
4,Player 2,1390,Bond Street,3,890,
4,Player 1,1500,Fleet Street,3,980,
5,Player 2,1590,Community Chest,4,770,
5,Player 2,1490,The Angel Islington,4,670,
5,Player 2,1490,Whitehall ,5,570,
5,Player 1,1500,Piccadilly,4,760,
5,Player 1,1500,Community Chest,5,480,
5,Player 1,1500,Jail,5,480,
6,Player 2,1490,The Strand,6,430,
6,Player 1,1511,Jail,6,271,
7,Player 2,1490,Community Chest,6,430,
7,Player 2,1700,Whitechapel Road,6,640,
7,Player 2,1700,Whitehall ,7,580,
7,Player 1,1461,Free Parking,6,221,
8,Player 2,1700,Vine Street,7,580,
8,Player 1,1461,Fleet Street,6,221,
9,Player 2,1700,Fleet Street,8,380,
9,Player 1,1479,Coventry Street,6,239,
10,Player 2,1812,Water Works,9,232,
10,Player 1,1495,Community Chest,7,105,
10,Player 1,1495,GO,7,105,
11,Player 2,1812,Bond Street,9,232,
11,Player 1,1495,Kings Cross Station,7,105,
12,Player 2,2012,Community Chest,9,432,
12,Player 1,1495,Electric Company ,7,105,
13,Player 2,2191,Pall Mall,10,461,
13,Player 1,1505,Free Parking,7,115,
14,Player 2,2181,Community Chest,10,451,
14,Player 2,2181,Water Works,10,451,
14,Player 1,1529,Coventry Street,7,139,
15,Player 2,2179,Liverpool Street,10,449,
15,Player 1,1507,Super Tax,7,117,
16,Player 2,2179,Mayfair,11,249,
16,Player 1,1607,Whitechapel Road,7,217,
17,Player 2,2743,Community Chest,12,413,
17,Player 1,1603,The Angel Islington,7,213,
18,Player 2,2769,Jail,12,439,
18,Player 1,1597,Whitehall ,7,207,
19,Player 2,2779,Bow Street,12,449,
19,Player 1,1601,Free Parking,7,211,
20,Player 2,2765,Fenchurch St Station,12,435,
20,Player 1,1601,Piccadilly,7,211,
21,Player 2,2765,Bond Street,12,435,
21,Player 1,1601,Liverpool Street,7,211,
22,Player 2,2865,Super Tax,12,535,
22,Player 2,2965,Euston Road,12,635,
22,Player 2,2965,Whitehall ,12,635,
22,Player 1,1701,Community Chest,7,311,
23,Player 2,2789,Free Parking,12,459,
23,Player 1,1726,Jail,7,336,
24,Player 2,2789,Coventry Street,12,459,
24,Player 1,1726,Free Parking,7,336,
25,Player 2,2789,Oxford Street,12,459,
25,Player 1,1726,Regent Street,7,336,
26,Player 2,3229,Old Kent Road,14,299,
26,Player 1,1926,Community Chest,7,536,
26,Player 1,1926,Old Kent Road,7,536,
27,Player 2,3231,Euston Road,15,241,
27,Player 1,1770,Euston Road,7,380,
28,Player 2,3237,Northumberland Avenue,15,247,
28,Player 1,1772,Marlborough Street,8,222,
28,Player 1,1772,Coventry Street,8,222,
29,Player 2,3313,Chance,16,143,
29,Player 1,1750,Bond Street,8,200,
30,Player 2,3369,Go To Jail,16,199,
30,Player 2,3369,Jail,16,199,
30,Player 1,1694,Mayfair,8,144,
31,Player 2,3419,Jail,16,249,
31,Player 1,1844,Chance,8,294,
31,Player 1,1844,Income Tax,8,294,
32,Player 2,3419,Free Parking,16,249,
32,Player 2,3419,Coventry Street,16,249,
32,Player 1,1660,Electric Company ,8,110,
33,Player 2,3451,Oxford Street,16,281,
33,Player 1,1628,Chance,8,78,
34,Player 2,3451,Mayfair,16,281,
34,Player 1,1778,Go To Jail,8,228,
34,Player 1,1778,Jail,8,228,
35,Player 2,3651,Whitechapel Road,16,481,
35,Player 2,3651,Chance,16,481,
35,Player 1,1778,Jail,8,228,
36,Player 2,3586,Marylebone Station,16,216,
36,Player 1,1728,Northumberland Avenue,8,178,
37,Player 2,3586,The Strand,16,216,
37,Player 1,1746,Chance,8,196,
37,Player 1,1746,Jail,8,196,
38,Player 2,3568,Oxford Street,16,198,
38,Player 1,1746,Jail,8,196,
39,Player 2,3768,Whitechapel Road,16,398,
39,Player 1,1696,Bow Street,8,146,
40,Player 2,3768,Jail,16,398,
40,Player 1,1696,Fenchurch St Station,8,146,
41,Player 2,3868,Bow Street,16,298,
41,Player 2,3854,Leicester Square,16,284,
41,Player 1,1610,Bond Street,8,60,
42,Player 2,4238,Community Chest,17,208,
42,Player 1,1750,GO,8,200,
43,Player 2,4448,Community Chest,17,418,
43,Player 1,1750,Income Tax,8,200,
43,Player 1,1575,Pentonville Road,8,25,
44,Player 2,4756,Euston Road,18,206,
44,Player 2,4756,Community Chest,18,206,
44,Player 1,1575,Community Chest,8,25,
45,Player 2,4706,The Strand,18,156,
45,Player 1,1693,Trafalgar Square,8,143,
46,Player 2,4688,Water Works,18,138,
46,Player 1,1901,Go To Jail,9,111,
46,Player 1,1901,Jail,9,111,
47,Player 2,4660,Bond Street,18,110,
47,Player 1,1901,Jail,9,111,
48,Player 2,4660,Mayfair,18,110,
48,Player 1,1851,Northumberland Avenue,9,61,
49,Player 2,4860,Old Kent Road,18,310,
49,Player 2,4860,Whitehall ,18,310,
49,Player 2,4860,Fleet Street,18,310,
49,Player 1,1887,Vine Street,9,97,
50,Player 2,4840,Water Works,18,290,
50,Player 1,1891,Piccadilly,9,101,
51,Player 2,4820,Liverpool Street,18,270,
51,Player 1,1891,Mayfair,9,101,
52,Player 2,5070,Kings Cross Station,18,520,
52,Player 2,5045,Euston Road,18,495,
52,Player 1,2066,Jail,9,276,
53,Player 2,5045,Community Chest,18,295,
53,Player 1,2066,Marlborough Street,9,276,
54,Player 2,5109,Fleet Street,18,359,
54,Player 2,5073,Coventry Street,18,323,
54,Player 1,2088,Go To Jail,9,298,
54,Player 1,2088,Jail,9,298,
55,Player 2,5073,Park Lane,18,323,
55,Player 1,2088,Jail,9,298,
56,Player 2,5452,Income Tax,19,352,
56,Player 1,2038,Northumberland Avenue,9,248,
57,Player 2,5252,Euston Road,19,152,
57,Player 1,2038,Marlborough Street,9,248,
58,Player 2,5266,Marylebone Station,19,166,
58,Player 1,2024,Leicester Square,9,234,
59,Player 2,5288,Chance,19,188,
59,Player 2,5288,GO,19,188,
59,Player 1,2002,Chance,9,212,
59,Player 1,2002,Pall Mall,9,212,
60,Player 2,5288,Euston Road,19,188,
60,Player 1,2002,Community Chest,9,212,
61,Player 2,5288,Marylebone Station,19,188,
61,Player 1,1952,Coventry Street,9,162,
62,Player 2,5310,Free Parking,19,210,
62,Player 1,1930,Mayfair,9,140,
62,Player 1,2080,Pentonville Road,9,290,
63,Player 2,5376,Leicester Square,19,276,
63,Player 2,5376,Piccadilly,19,276,
63,Player 1,2086,Northumberland Avenue,9,296,
64,Player 2,5354,Liverpool Street,19,254,
64,Player 1,2086,Fleet Street,9,296,
65,Player 2,5554,Income Tax,19,454,
65,Player 1,2086,Community Chest,9,296,
66,Player 2,5354,Electric Company ,19,254,
66,Player 1,2186,GO,9,396,
67,Player 2,5354,Community Chest,19,254,
67,Player 2,5354,Jail,19,254,
67,Player 1,2076,Chance,9,286,
68,Player 2,5354,Jail,19,254,
68,Player 1,2056,Bow Street,9,266,
69,Player 2,5304,Whitehall ,19,204,
69,Player 1,2056,Chance,9,266,
70,Player 2,5304,Marlborough Street,19,204,
70,Player 1,1906,Leicester Square,9,116,
71,Player 2,5326,Trafalgar Square,19,226,
71,Player 2,5286,Go To Jail,19,186,
71,Player 2,5286,Jail,19,186,
71,Player 1,1924,Community Chest,9,134,
72,Player 2,5286,Jail,19,186,
72,Player 1,1934,Mayfair,9,144,
73,Player 2,5286,Marlborough Street,19,186,
73,Player 1,2084,The Angel Islington,9,294,
74,Player 2,5298,Fenchurch St Station,19,198,
74,Player 1,2072,Bow Street,9,282,
75,Player 2,5298,Liverpool Street,19,198,
75,Player 1,2072,Marlborough Street,9,282,
75,Player 1,2058,Piccadilly,9,268,
76,Player 2,5512,Whitechapel Road,19,412,
76,Player 1,2058,Bond Street,9,268,
77,Player 2,6512,Electric Company ,19,162,
77,Player 1,1833,Park Lane,9,43,
78,Player 2,6687,Marlborough Street,19,337,
78,Player 1,2028,Chance,9,238,
78,Player 1,2028,Marylebone Station,9,238,
79,Player 2,6787,Leicester Square,19,237,
79,Player 1,1928,Trafalgar Square,9,138,
80,Player 2,6787,Oxford Street,19,237,
80,Player 1,1928,Regent Street,9,138,
81,Player 2,7687,Super Tax,19,87,
81,Player 1,1803,Mayfair,9,13,
81,Player 1,2023,Whitechapel Road,9,233,
82,Player 2,6947,Income Tax,19,547,
82,Player 1,1963,Pall Mall,9,173,
82,Player 1,1963,Bow Street,9,173,
83,Player 2,6747,Northumberland Avenue,19,347,
83,Player 1,1963,Fleet Street,9,173,
84,Player 2,6747,Trafalgar Square,19,347,
84,Player 2,6707,Water Works,19,307,
84,Player 1,2019,Regent Street,9,229,
84,Player 1,0,Regent Street,0,0,
1,Player 2,1500,Kings Cross Station,0,1500,
1,Player 1,1500,The Angel Islington,0,1500,
1,Player 1,1500,Northumberland Avenue,1,1400,
2,Player 2,1500,Jail,1,1300,
2,Player 1,1445,The Strand,2,1185,
3,Player 2,1500,Marylebone Station,1,1300,
3,Player 1,1445,Coventry Street,3,965,
4,Player 2,1500,Vine Street,2,1100,
4,Player 2,1500,Fleet Street,3,900,
4,Player 2,1500,Oxford Street,4,680,
4,Player 1,1445,Liverpool Street,4,705,
5,Player 2,1390,Mayfair,5,270,
5,Player 1,1865,Community Chest,6,525,
6,Player 2,1590,Pall Mall,5,470,
6,Player 2,1590,Vine Street,6,330,
6,Player 2,1590,Fenchurch St Station,6,330,
6,Player 1,1900,Whitehall ,7,360,
7,Player 2,1590,Bond Street,6,330,
7,Player 1,1900,Fleet Street,8,220,
8,Player 2,2032,Community Chest,7,452,
8,Player 2,2032,Old Kent Road,7,452,
8,Player 1,1882,Oxford Street,8,202,
9,Player 2,2058,Euston Road,8,418,
9,Player 1,1856,Super Tax,8,176,
9,Player 1,1956,Kings Cross Station,8,276,
10,Player 2,2108,Whitehall ,9,368,
10,Player 1,1916,Electric Company ,8,236,
11,Player 2,2107,Vine Street,10,217,
11,Player 1,1916,Marlborough Street,8,236,
12,Player 2,2161,Piccadilly,11,91,
12,Player 1,2154,Fleet Street,9,194,
13,Player 2,2179,Chance,11,109,
13,Player 2,2179,Pall Mall,11,109,
13,Player 1,2136,Oxford Street,9,176,
14,Player 2,2205,Marlborough Street,11,135,
14,Player 1,2110,Super Tax,9,150,
15,Player 2,2205,Fenchurch St Station,11,135,
15,Player 1,2260,Chance,9,300,
16,Player 2,2155,Piccadilly,11,85,
16,Player 2,2333,GO,11,263,
16,Player 1,2262,Whitehall ,9,302,
17,Player 2,2333,The Angel Islington,11,263,
17,Player 1,2268,Trafalgar Square,9,308,
18,Player 2,2327,Electric Company ,11,257,
18,Player 1,2352,Piccadilly,10,152,
19,Player 2,2327,Chance,11,257,
19,Player 2,2177,Community Chest,11,107,
19,Player 1,2342,Liverpool Street,10,142,
19,Player 1,2542,Community Chest,10,342,
20,Player 2,2387,Community Chest,11,317,
20,Player 1,2610,Pentonville Road,10,410,
21,Player 2,2337,Electric Company ,11,267,
21,Player 2,2337,Marlborough Street,11,267,
21,Player 1,2610,Bow Street,11,290,
22,Player 2,2373,Piccadilly,12,123,
22,Player 1,2632,Chance,11,312,
22,Player 1,2632,Fenchurch St Station,11,312,
23,Player 2,2551,GO,12,301,
23,Player 1,2632,Bond Street,11,312,
24,Player 2,2579,Chance,12,329,
24,Player 1,2804,GO,11,484,
25,Player 2,2564,Northumberland Avenue,12,314,
25,Player 1,2816,Income Tax,11,496,
26,Player 2,2552,Free Parking,12,302,
26,Player 1,2616,Pentonville Road,11,296,
27,Player 2,2552,Chance,12,302,
27,Player 2,2552,Marylebone Station,12,302,
27,Player 2,2552,The Strand,12,302,
27,Player 1,2634,Marlborough Street,11,314,
28,Player 2,2562,Water Works,12,312,
28,Player 1,2606,Fenchurch St Station,11,286,
29,Player 2,2562,Oxford Street,13,162,
29,Player 2,2562,Park Lane,13,162,
29,Player 1,2870,Community Chest,12,200,
30,Player 2,2762,Old Kent Road,13,362,
30,Player 1,2970,Super Tax,12,300,
31,Player 2,2762,Chance,13,362,
31,Player 1,3070,Income Tax,12,400,
32,Player 2,2812,Community Chest,13,112,
32,Player 2,2862,Coventry Street,13,162,
32,Player 1,2892,Euston Road,12,222,
33,Player 2,2846,Oxford Street,13,146,
33,Player 1,2886,Northumberland Avenue,12,216,
34,Player 2,2846,Park Lane,13,146,
34,Player 1,2886,The Strand,12,216,
35,Player 2,3046,The Angel Islington,13,346,
35,Player 1,2892,Coventry Street,12,222,
36,Player 2,3040,Jail,13,240,
36,Player 1,2892,Super Tax,12,222,
37,Player 2,3040,Community Chest,13,240,
37,Player 1,2992,Income Tax,12,322,
37,Player 1,2792,Pall Mall,12,122,
38,Player 2,3000,Vine Street,13,200,
38,Player 2,3000,Regent Street,13,200,
38,Player 2,3440,GO,14,340,
38,Player 1,2782,Free Parking,12,112,
39,Player 2,3440,Euston Road,14,340,
39,Player 1,2782,Fenchurch St Station,12,112,
40,Player 2,3440,Community Chest,14,340,
40,Player 1,2782,Regent Street,12,112,
40,Player 1,2730,Mayfair,12,60,
40,Player 1,2930,Chance,12,260,
41,Player 2,3392,Fenchurch St Station,14,292,
41,Player 2,3342,Regent Street,14,242,
41,Player 1,2980,Community Chest,12,310,
41,Player 1,2980,Jail,12,310,
42,Player 2,3342,Super Tax,14,242,
42,Player 1,2980,Jail,12,310,
43,Player 2,3442,Income Tax,14,342,
43,Player 1,2930,Vine Street,12,260,
44,Player 2,3462,Electric Company ,14,362,
44,Player 2,3462,Free Parking,14,362,
44,Player 1,2710,Leicester Square,12,40,
45,Player 2,3696,Water Works,15,336,
45,Player 1,2710,Oxford Street,12,40,
45,Player 1,2908,Community Chest,12,238,
45,Player 1,2918,Chance,12,248,
46,Player 2,3748,Liverpool Street,15,388,
46,Player 1,2913,Pentonville Road,12,243,
46,Player 1,2913,Electric Company ,12,243,
47,Player 2,3928,Income Tax,15,568,
47,Player 1,2883,Free Parking,12,213,
48,Player 2,3728,Pall Mall,15,368,
48,Player 1,2883,Water Works,12,213,
49,Player 2,3808,Vine Street,15,248,
49,Player 2,3808,Trafalgar Square,15,248,
49,Player 1,2823,Bond Street,12,153,
49,Player 1,2873,GO,12,203,
50,Player 2,3938,Regent Street,15,378,
50,Player 1,2873,Kings Cross Station,12,203,
51,Player 2,3988,Liverpool Street,15,228,
51,Player 1,2873,Whitehall ,12,203,
52,Player 2,4138,Old Kent Road,15,378,
52,Player 1,2873,Free Parking,12,203,
53,Player 2,4138,Pall Mall,15,378,
53,Player 1,2873,Regent Street,12,203,
54,Player 2,4190,Bow Street,15,230,
54,Player 1,2821,Bond Street,12,151,
55,Player 2,4340,Fenchurch St Station,15,280,
55,Player 1,2921,Old Kent Road,12,251,
56,Player 2,4292,Liverpool Street,15,232,
56,Player 2,4442,Whitechapel Road,15,382,
56,Player 2,4442,Pentonville Road,16,322,
56,Player 1,2977,Jail,12,307,
57,Player 2,4434,Electric Company ,16,314,
57,Player 1,2977,Free Parking,12,307,
58,Player 2,4434,Free Parking,16,314,
58,Player 1,2977,Fleet Street,12,307,
59,Player 2,4452,Coventry Street,16,332,
59,Player 1,2981,Water Works,12,311,
60,Player 2,4480,Mayfair,16,360,
60,Player 2,4630,The Angel Islington,16,510,
60,Player 1,2987,Liverpool Street,12,317,
61,Player 2,4624,Whitehall ,16,204,
61,Player 1,2997,Super Tax,12,327,
62,Player 2,4614,Marlborough Street,16,194,
62,Player 1,3097,Income Tax,12,427,
63,Player 2,4614,Chance,16,194,
63,Player 2,4614,Mayfair,16,194,
63,Player 2,4764,Chance,16,344,
63,Player 2,4764,Income Tax,16,344,
63,Player 1,2947,Electric Company ,12,277,
64,Player 2,4644,Jail,16,224,
64,Player 1,2867,Trafalgar Square,12,197,
64,Player 1,2867,Oxford Street,12,197,
65,Player 2,4774,Vine Street,16,354,
65,Player 1,2737,Super Tax,12,67,
65,Player 1,2937,The Angel Islington,12,267,
66,Player 2,4774,Trafalgar Square,16,354,
66,Player 1,2957,Marlborough Street,12,287,
66,Player 1,2777,The Strand,12,107,
67,Player 2,4504,Bond Street,16,184,
67,Player 1,2777,Fenchurch St Station,12,107,
68,Player 2,4504,Park Lane,16,184,
68,Player 1,2777,Community Chest,12,107,
68,Player 1,2777,GO,12,107,
69,Player 2,4704,Kings Cross Station,16,384,
69,Player 2,4704,Northumberland Avenue,16,384,
69,Player 1,2777,Euston Road,12,107,
70,Player 2,4310,Fleet Street,16,290,
70,Player 1,2771,Bow Street,12,101,
71,Player 2,5260,Oxford Street,16,340,
71,Player 1,2801,Trafalgar Square,12,131,
71,Player 1,2801,Regent Street,12,131,
72,Player 2,5650,Mayfair,16,280,
72,Player 1,2981,GO,12,311,
73,Player 2,5850,Whitechapel Road,16,480,
73,Player 1,2926,Pentonville Road,12,256,
74,Player 2,5850,Chance,16,280,
74,Player 2,6000,Bow Street,16,430,
74,Player 1,2926,Marlborough Street,12,256,
75,Player 2,6150,Vine Street,16,680,
75,Player 1,2746,Coventry Street,12,76,
76,Player 2,4550,The Strand,16,280,
76,Player 2,4550,Fenchurch St Station,16,280,
76,Player 1,2796,Community Chest,12,126,
76,Player 1,3096,Community Chest,12,426,
76,Player 1,3096,Electric Company ,12,426,
77,Player 2,4590,Chance,16,320,
77,Player 1,2874,Chance,12,204,
77,Player 1,2874,Jail,12,204,
78,Player 2,4490,Community Chest,16,470,
78,Player 2,4510,Euston Road,16,490,
78,Player 1,2874,Jail,12,204,
79,Player 2,4510,Community Chest,16,490,
79,Player 1,2824,Marlborough Street,12,154,
80,Player 2,5485,Free Parking,16,1465,
80,Player 1,2714,Trafalgar Square,12,44,
80,Player 1,2714,Go To Jail,12,44,
80,Player 1,2714,Jail,12,44,
81,Player 2,5485,Fenchurch St Station,16,1465,
81,Player 1,2764,Jail,12,94,
82,Player 2,5435,Liverpool Street,16,1415,
82,Player 2,5585,Whitechapel Road,16,1565,
82,Player 1,2764,Vine Street,12,94,
83,Player 2,6585,Jail,16,2565,
83,Player 1,2744,Regent Street,12,74,
83,Player 1,2804,Bond Street,12,134,
84,Player 2,9260,Community Chest,16,5240,
84,Player 2,9260,Old Kent Road,16,5240,
84,Player 1,2939,Community Chest,12,269,
85,Player 2,9250,Whitehall ,16,5230,
85,Player 2,9250,Community Chest,16,5230,
85,Player 1,2828,Electric Company ,12,158,
85,Player 1,2728,The Strand,12,58,
86,Player 2,9550,Fenchurch St Station,16,5530,
86,Player 1,2778,Oxford Street,12,108,
87,Player 2,10775,Oxford Street,16,6755,
87,Player 1,2838,Mayfair,12,168,
88,Player 2,10975,Old Kent Road,16,6955,
88,Player 1,3038,Whitechapel Road,12,368,
88,Player 1,2718,Jail,12,48,
89,Player 2,11425,Pall Mall,16,7405,
89,Player 1,2718,Northumberland Avenue,12,48,
90,Player 2,11425,Vine Street,16,7405,
90,Player 1,2718,The Strand,12,48,
91,Player 2,11425,Coventry Street,16,7405,
91,Player 2,11425,Bond Street,16,7405,
91,Player 1,2718,Regent Street,12,48,
92,Player 2,12700,Super Tax,16,8680,
92,Player 1,2778,Bond Street,12,108,
93,Player 2,14200,Kings Cross Station,16,10180,
93,Player 1,2713,Super Tax,12,43,
94,Player 2,14200,Pall Mall,16,10180,
94,Player 1,2913,Income Tax,12,243,
94,Player 1,2713,Chance,12,43,
94,Player 1,2713,GO,12,43,
95,Player 2,14200,Vine Street,16,10180,
95,Player 1,2713,Euston Road,12,43,
96,Player 2,14206,Coventry Street,16,10186,
96,Player 1,2707,Bow Street,12,37,
97,Player 2,15156,Chance,16,11136,
97,Player 2,15156,Pall Mall,16,11136,
97,Player 1,2737,The Strand,12,67,
98,Player 2,15156,Bow Street,16,11136,
98,Player 1,2737,Water Works,12,67,
99,Player 2,15226,Vine Street,16,11206,
99,Player 1,2717,Go To Jail,12,47,
99,Player 1,2717,Jail,12,47,
100,Player 2,15226,Chance,16,11206,
100,Player 1,2717,Jail,12,47,
101,Player 2,15206,Community Chest,16,11186,
101,Player 1,2717,Jail,12,47,
102,Player 2,15156,Mayfair,16,11136,
102,Player 1,2717,Jail,12,47,
103,Player 2,15356,Euston Road,16,11336,
103,Player 1,2717,Jail,12,47,
104,Player 2,15356,Community Chest,16,11336,
104,Player 1,2717,Vine Street,12,47,
105,Player 2,16456,Fleet Street,16,12436,
105,Player 2,16456,Water Works,16,12436,
105,Player 1,2697,Water Works,12,27,
106,Player 2,16546,Mayfair,16,12526,
106,Player 1,2737,Park Lane,12,67,
107,Player 2,16746,Euston Road,16,12726,
107,Player 1,2937,GO,12,267,
108,Player 2,16746,Jail,16,12726,
108,Player 2,16746,The Strand,16,12726,
108,Player 1,2882,Euston Road,12,212,
109,Player 2,16752,Piccadilly,16,12732,
109,Player 1,2876,Vine Street,12,206,
110,Player 2,17752,Oxford Street,16,13732,
110,Player 1,2716,Leicester Square,12,46,
111,Player 2,17974,GO,16,13954,
111,Player 2,17974,Euston Road,16,13954,
111,Player 1,2694,Regent Street,12,24,
112,Player 2,19249,Northumberland Avenue,16,15229,
112,Player 1,2754,Super Tax,12,84,
113,Player 2,19249,Marlborough Street,16,15229,
113,Player 1,2954,The Angel Islington,12,284,
114,Player 2,19249,Fenchurch St Station,16,15229,
114,Player 1,2883,Jail,12,213,
114,Player 1,2883,Marlborough Street,12,213,
115,Player 2,20149,Water Works,16,16129,
115,Player 1,2703,Fenchurch St Station,12,33,
116,Player 2,20149,Regent Street,16,16129,
116,Player 1,2703,Community Chest,12,33,
117,Player 2,20149,Super Tax,16,16129,
117,Player 1,2953,GO,12,283,
118,Player 2,20249,Income Tax,16,16229,
118,Player 2,20049,Electric Company ,16,16029,
118,Player 1,2898,Euston Road,12,228,
119,Player 2,20055,Community Chest,16,16035,
119,Player 1,2892,Bow Street,12,222,
120,Player 2,20955,Chance,16,16935,
120,Player 1,2712,Chance,12,42,
120,Player 1,2712,Fenchurch St Station,12,42,
120,Player 1,2712,Regent Street,12,42,
121,Player 2,22080,Go To Jail,16,18060,
121,Player 2,22080,Jail,16,18060,
121,Player 1,2772,Chance,12,102,
122,Player 2,22080,Jail,16,18060,
122,Player 1,2957,Whitechapel Road,12,287,
123,Player 2,22480,Vine Street,16,18460,
123,Player 1,2747,Euston Road,12,77,
124,Player 2,22486,Coventry Street,16,18466,
124,Player 2,22486,Community Chest,16,18466,
124,Player 1,2741,Whitehall ,12,71,
125,Player 2,22586,GO,16,18566,
125,Player 1,2741,Community Chest,12,71,
125,Player 1,2741,Jail,12,71,
126,Player 2,22586,Jail,16,18566,
126,Player 1,2741,Jail,12,71,
127,Player 2,22586,Free Parking,16,18566,
127,Player 2,22586,Chance,16,18566,
127,Player 2,22586,Marylebone Station,16,18566,
127,Player 2,22586,Jail,16,18566,
127,Player 1,2691,Free Parking,12,21,
128,Player 2,22586,Jail,16,18566,
128,Player 1,2691,Fleet Street,12,21,
129,Player 2,22554,Free Parking,16,18534,
129,Player 1,2673,Go To Jail,12,3,
129,Player 1,2673,Jail,12,3,
130,Player 2,22554,Trafalgar Square,16,18534,
130,Player 2,22554,Regent Street,16,18534,
130,Player 1,2673,Jail,12,3,
131,Player 2,22554,Super Tax,16,18534,
131,Player 1,2673,Jail,12,3,
132,Player 2,22654,Kings Cross Station,16,18634,
132,Player 1,2673,Jail,12,3,
132,Player 1,2673,Chance,12,3,
133,Player 2,22654,Bow Street,16,18634,
133,Player 1,2723,Water Works,12,53,
134,Player 2,22714,Fleet Street,16,18694,
134,Player 1,2713,Super Tax,12,43,
135,Player 2,22714,Coventry Street,16,18694,
135,Player 2,22714,Community Chest,16,18694,
135,Player 1,2913,Kings Cross Station,12,243,
136,Player 2,22774,Chance,16,18754,
136,Player 1,2808,Electric Company ,12,138,
137,Player 2,22244,GO,16,18224,
137,Player 1,2738,Vine Street,12,68,
138,Player 2,23244,Electric Company ,16,19224,
138,Player 2,23244,Fleet Street,16,19224,
138,Player 1,2718,Go To Jail,12,48,
138,Player 1,2718,Jail,12,48,
139,Player 2,23244,Water Works,16,19224,
139,Player 1,2718,Jail,12,48,
140,Player 2,23244,Super Tax,16,19224,
140,Player 1,2718,Jail,12,48,
141,Player 2,23344,Kings Cross Station,16,19324,
141,Player 1,2718,Jail,12,48,
142,Player 2,23344,Electric Company ,16,19324,
142,Player 1,2718,Jail,12,48,
143,Player 2,23344,The Strand,16,19324,
143,Player 1,2718,Marylebone Station,12,48,
144,Player 2,23394,Piccadilly,16,19374,
144,Player 1,2718,The Strand,12,48,
144,Player 1,2718,Water Works,12,48,
145,Player 2,23464,Liverpool Street,16,19444,
145,Player 1,2748,Chance,12,78,
146,Player 2,23414,Mayfair,16,19394,
146,Player 1,2948,Income Tax,12,278,
147,Player 2,23614,Pentonville Road,16,19594,
147,Player 1,2748,Pall Mall,12,78,
148,Player 2,23624,Marylebone Station,16,19604,
148,Player 1,2738,Community Chest,12,68,
148,Player 1,2738,GO,12,68,
148,Player 1,2738,Euston Road,12,68,
149,Player 2,23630,Trafalgar Square,16,19610,
149,Player 1,2732,Northumberland Avenue,12,62,
150,Player 2,23630,Go To Jail,16,19610,
150,Player 2,23630,Jail,16,19610,
150,Player 1,2732,Trafalgar Square,12,62,
150,Player 1,2732,Community Chest,12,62,
151,Player 2,23630,Jail,16,19610,
151,Player 1,3032,Whitechapel Road,12,362,
152,Player 2,24030,Marylebone Station,16,20010,
152,Player 1,2712,Pentonville Road,12,42,
153,Player 2,24030,Free Parking,16,20010,
153,Player 1,2712,Northumberland Avenue,12,42,
154,Player 2,24030,Trafalgar Square,16,20010,
154,Player 1,2712,Free Parking,12,42,
155,Player 2,24030,Community Chest,16,20010,
155,Player 2,24030,Electric Company ,16,20010,
155,Player 1,2712,Go To Jail,12,42,
155,Player 1,2712,Jail,12,42,
156,Player 2,24030,Marlborough Street,16,20010,
156,Player 1,2712,Jail,12,42,
157,Player 2,24030,Coventry Street,16,20010,
157,Player 1,2712,Jail,12,42,
158,Player 2,24030,Chance,16,20010,
158,Player 2,24030,Mayfair,16,20010,
158,Player 1,2712,Jail,12,42,
158,Player 1,2712,Chance,12,42,
158,Player 1,2712,Vine Street,12,42,
159,Player 2,25230,Pentonville Road,16,21210,
159,Player 1,2692,Fleet Street,12,22,
160,Player 2,25248,Marylebone Station,16,21228,
160,Player 1,2674,Go To Jail,12,4,
160,Player 1,2674,Jail,12,4,
161,Player 2,25248,Community Chest,16,21228,
161,Player 2,25268,Water Works,16,21248,
161,Player 1,2674,Jail,12,4,
162,Player 2,25268,Community Chest,16,21248,
162,Player 1,2674,Jail,12,4,
163,Player 2,25493,Whitechapel Road,16,21473,
163,Player 1,2674,Jail,12,4,
164,Player 2,25493,Kings Cross Station,16,21473,
164,Player 2,25493,Whitehall ,16,21473,
164,Player 2,25493,Fleet Street,16,21473,
164,Player 1,2674,Jail,12,4,
165,Player 2,25493,Oxford Street,16,21473,
165,Player 1,2674,Marylebone Station,12,4,
166,Player 2,25543,Mayfair,16,21523,
166,Player 1,2674,Chance,12,4,
167,Player 2,25743,Kings Cross Station,16,21723,
167,Player 1,2824,Leicester Square,12,154,
168,Player 2,25765,Electric Company ,16,21745,
168,Player 1,2802,Oxford Street,12,132,
169,Player 2,27040,Chance,16,23020,
169,Player 1,2887,Whitechapel Road,12,217,
170,Player 2,27590,Piccadilly,16,23570,
170,Player 1,2677,Kings Cross Station,12,7,
170,Player 1,2677,Jail,12,7,
171,Player 2,27640,Chance,16,23620,
171,Player 2,27640,Jail,16,23620,
171,Player 1,2677,Community Chest,12,7,
171,Player 1,2677,Old Kent Road,12,7,
172,Player 2,27890,Jail,16,23870,
172,Player 1,2797,Jail,12,127,
173,Player 2,27840,Vine Street,16,23820,
173,Player 1,2797,Bow Street,12,127,
174,Player 2,28790,Fenchurch St Station,16,24770,
174,Player 2,28740,Piccadilly,16,24720,
174,Player 1,2737,Marlborough Street,12,67,
174,Player 1,2767,Fleet Street,12,97,
175,Player 2,29908,GO,16,25888,
175,Player 1,2749,Coventry Street,12,79,
175,Player 1,2749,Chance,12,79,
175,Player 1,2749,GO,12,79,
176,Player 2,29908,Chance,16,25888,
176,Player 2,29908,Pall Mall,16,25888,
176,Player 1,2749,The Angel Islington,12,79,
177,Player 2,29908,Free Parking,16,25888,
177,Player 1,2749,Pall Mall,12,79,
178,Player 2,29918,Regent Street,16,25898,
178,Player 1,2739,Marlborough Street,12,69,
179,Player 2,30868,Park Lane,16,26848,
179,Player 2,31068,The Angel Islington,16,27048,
179,Player 1,2769,Water Works,12,99,
179,Player 1,2719,Bond Street,12,49,
179,Player 1,0,Bond Street,0,0,
179,Player 1,0,Super Tax,0,0,
1,Player 1,1500,The Angel Islington,0,1500,
1,Player 2,1500,The Angel Islington,0,1500,
2,Player 1,1506,Electric Company ,1,1406,
2,Player 1,1506,Free Parking,2,1256,
2,Player 1,1506,Fenchurch St Station,2,1256,
2,Player 2,1494,Northumberland Avenue,0,1494,
3,Player 1,1506,Liverpool Street,3,1056,
3,Player 2,1494,Vine Street,1,1334,
4,Player 1,1706,Old Kent Road,4,1056,
4,Player 2,1494,Trafalgar Square,2,1134,
5,Player 1,1706,Euston Road,5,996,
5,Player 2,1494,Bond Street,3,894,
6,Player 1,1706,Community Chest,6,896,
6,Player 2,1694,GO,4,774,
7,Player 1,1756,Leicester Square,6,946,
7,Player 2,1518,Euston Road,4,598,
8,Player 1,1762,Piccadilly,7,692,
8,Player 2,1512,Free Parking,4,592,
8,Player 2,1512,Regent Street,4,592,
9,Player 1,1762,Bond Street,8,412,
9,Player 2,1740,Old Kent Road,5,520,
10,Player 1,1736,Super Tax,8,386,
10,Player 2,1738,Electric Company ,5,518,
11,Player 1,1880,Community Chest,8,530,
11,Player 1,1980,Euston Road,8,630,
11,Player 1,1980,Electric Company ,8,630,
11,Player 2,1694,Bow Street,5,474,
12,Player 1,1980,The Strand,8,630,
12,Player 2,1694,Leicester Square,6,294,
12,Player 2,1672,Go To Jail,6,272,
12,Player 2,1672,Jail,6,272,
13,Player 1,2002,Fenchurch St Station,9,432,
13,Player 2,1672,Jail,6,272,
14,Player 1,2002,Community Chest,9,432,
14,Player 1,2302,Whitechapel Road,9,732,
14,Player 2,1622,The Strand,6,222,
15,Player 1,1920,Jail,10,190,
15,Player 2,1604,Water Works,6,204,
16,Player 1,1943,Free Parking,11,63,
16,Player 2,1604,Go To Jail,6,204,
16,Player 2,1604,Jail,6,204,
17,Player 1,1943,Trafalgar Square,11,63,
17,Player 2,1624,Jail,6,224,
18,Player 1,1923,Go To Jail,11,43,
18,Player 1,1923,Jail,11,43,
18,Player 2,1574,Community Chest,6,174,
18,Player 2,1574,Jail,6,174,
19,Player 1,1923,Jail,11,43,
19,Player 2,1574,Jail,6,174,
20,Player 1,1923,Jail,11,43,
20,Player 2,1524,Whitehall ,6,124,
21,Player 1,1923,Jail,11,43,
21,Player 2,1643,Free Parking,7,103,
22,Player 1,1923,Jail,11,43,
22,Player 2,1643,Trafalgar Square,7,103,
23,Player 1,1923,Northumberland Avenue,11,43,
23,Player 2,1655,Oxford Street,7,115,
24,Player 1,1911,Marlborough Street,11,31,
24,Player 2,2287,Community Chest,9,267,
24,Player 2,2237,Electric Company ,9,217,
25,Player 1,2011,Fenchurch St Station,11,131,
25,Player 2,2137,Vine Street,9,117,
26,Player 1,2011,Liverpool Street,11,131,
26,Player 2,2137,Chance,9,117,
27,Player 1,2211,The Angel Islington,11,331,
27,Player 2,2187,Regent Street,9,167,
28,Player 1,2211,Whitehall ,11,331,
28,Player 2,2197,Mayfair,9,177,
29,Player 1,2481,Community Chest,12,201,
29,Player 1,2481,Old Kent Road,12,201,
29,Player 1,2481,Electric Company ,12,201,
29,Player 2,2397,The Angel Islington,9,377,
30,Player 1,2487,Free Parking,12,207,
30,Player 2,2292,Northumberland Avenue,9,272,
31,Player 1,2487,Fenchurch St Station,12,207,
31,Player 2,2292,Community Chest,9,272,
32,Player 1,2487,Regent Street,12,207,
32,Player 2,2544,Leicester Square,9,324,
33,Player 1,2657,Community Chest,12,377,
33,Player 2,2522,Chance,9,302,
33,Player 2,2522,Marylebone Station,9,302,
33,Player 2,2522,The Strand,9,302,
33,Player 2,2504,Fenchurch St Station,9,284,
34,Player 1,2840,Euston Road,13,360,
34,Player 2,2404,Community Chest,9,184,
34,Player 2,2404,GO,9,184,
35,Player 1,2840,Marylebone Station,13,360,
35,Player 2,2404,Pentonville Road,9,184,
36,Player 1,2864,Trafalgar Square,14,264,
36,Player 2,2424,Marylebone Station,9,204,
36,Player 2,2324,Trafalgar Square,9,104,
37,Player 1,2944,Regent Street,14,344,
37,Player 2,2376,Bond Street,9,156,
37,Player 2,2576,Whitechapel Road,9,356,
38,Player 1,3122,Mayfair,14,72,
38,Player 2,2306,Pentonville Road,9,86,
39,Player 1,3622,Chance,14,572,
39,Player 2,2306,Northumberland Avenue,9,86,
40,Player 1,3002,Northumberland Avenue,14,252,
40,Player 2,2306,Fleet Street,9,86,
41,Player 1,3178,Fleet Street,15,208,
41,Player 2,2306,Oxford Street,9,86,
42,Player 1,3178,Coventry Street,15,208,
42,Player 2,2306,Chance,9,86,
42,Player 2,2481,The Angel Islington,9,261,
43,Player 1,3936,Chance,16,256,
43,Player 1,3936,GO,16,256,
43,Player 2,2231,Marylebone Station,9,11,
44,Player 1,4036,Euston Road,16,206,
44,Player 2,2311,Marlborough Street,9,91,
45,Player 1,4036,Marylebone Station,16,206,
45,Player 2,2311,Fenchurch St Station,9,91,
46,Player 1,4136,Fleet Street,16,156,
46,Player 2,2291,Community Chest,9,71,
47,Player 1,4126,Coventry Street,16,146,
47,Player 2,2501,Old Kent Road,9,281,
48,Player 1,4376,Oxford Street,16,246,
48,Player 2,2251,Pentonville Road,9,31,
48,Player 2,2091,Bow Street,9,71,
49,Player 1,4976,Chance,16,396,
49,Player 1,4976,Kings Cross Station,16,396,
49,Player 2,2091,Fenchurch St Station,9,71,
50,Player 1,5176,Electric Company ,17,246,
50,Player 2,2071,Community Chest,9,51,
51,Player 1,5176,Vine Street,17,246,
51,Player 2,2081,Chance,9,61,
51,Player 2,2081,Community Chest,9,61,
52,Player 1,5176,Coventry Street,17,246,
52,Player 2,2101,Park Lane,9,81,
52,Player 2,2301,Chance,9,281,
53,Player 1,5491,Piccadilly,18,211,
53,Player 1,5491,Community Chest,18,211,
53,Player 2,2286,Community Chest,9,266,
53,Player 2,2286,Water Works,9,266,
54,Player 1,5741,Income Tax,18,461,
54,Player 2,2186,Community Chest,9,166,
55,Player 1,5541,Whitehall ,18,261,
55,Player 2,2296,Old Kent Road,9,276,
56,Player 1,5781,The Strand,18,201,
56,Player 2,2046,Euston Road,9,26,
57,Player 1,4531,Fenchurch St Station,18,301,
57,Player 2,2106,Marylebone Station,9,86,
58,Player 1,4731,Liverpool Street,18,301,
58,Player 1,4731,Mayfair,18,301,
58,Player 2,2086,Fenchurch St Station,9,66,
59,Player 1,5131,The Angel Islington,18,501,
59,Player 2,2066,Piccadilly,9,46,
59,Player 2,0,Piccadilly,0,0,
59,Player 2,0,Chance,0,0,
59,Player 2,0,Pall Mall,0,0,
1,Player 2,1500,Chance,0,1500,
1,Player 2,1500,Marylebone Station,0,1500,
1,Player 1,1500,Electric Company ,0,1500,
1,Player 1,1500,Bow Street,1,1350,
1,Player 3,1500,Kings Cross Station,0,1500,
2,Player 2,1500,Fleet Street,1,1300,
2,Player 2,1500,Regent Street,2,1080,
2,Player 1,1500,Fenchurch St Station,2,1170,
2,Player 3,1500,Marylebone Station,1,1300,
3,Player 2,1404,Super Tax,3,684,
3,Player 1,1500,Bond Street,3,970,
3,Player 3,1475,Free Parking,1,1275,
4,Player 2,1504,Whitechapel Road,3,784,
4,Player 1,1700,Old Kent Road,4,850,
4,Player 3,1475,Coventry Street,1,1275,
5,Player 2,1444,Kings Cross Station,3,724,
5,Player 2,1419,Community Chest,3,699,
5,Player 2,1619,Trafalgar Square,3,899,
5,Player 1,1160,Whitehall ,6,190,
5,Player 1,1160,Free Parking,6,190,
5,Player 3,1311,Regent Street,3,711,
6,Player 2,1645,Bond Street,4,685,
6,Player 1,1188,Water Works,6,218,
6,Player 3,1285,Park Lane,3,685,
7,Player 2,1817,Community Chest,4,857,
7,Player 2,1842,Euston Road,4,882,
7,Player 1,1188,Go To Jail,7,68,
7,Player 1,1188,Jail,7,68,
7,Player 3,1485,Old Kent Road,4,535,
7,Player 3,1483,Pentonville Road,4,533,
8,Player 2,1842,Vine Street,5,782,
8,Player 1,1190,Jail,7,70,
8,Player 3,1483,Bow Street,5,413,
9,Player 2,1842,Piccadilly,6,582,
9,Player 1,1154,Vine Street,7,34,
9,Player 3,1469,Fenchurch St Station,5,399,
10,Player 2,1858,Regent Street,7,318,
10,Player 2,1858,Chance,7,318,
10,Player 2,1858,Community Chest,7,318,
10,Player 2,1858,GO,7,318,
10,Player 1,1163,Trafalgar Square,7,43,
10,Player 3,1444,Liverpool Street,5,374,
10,Player 3,1674,Old Kent Road,6,404,
11,Player 2,1878,Euston Road,7,338,
11,Player 1,1145,Go To Jail,7,25,
11,Player 1,1145,Jail,7,25,
11,Player 3,1672,Jail,6,402,
12,Player 2,1878,Bow Street,7,338,
12,Player 1,1159,Jail,7,39,
12,Player 3,1672,Community Chest,6,402,
13,Player 2,1854,Leicester Square,7,314,
13,Player 1,1149,Jail,7,29,
13,Player 3,1757,Free Parking,7,227,
14,Player 2,1854,Chance,7,314,
14,Player 1,1149,Jail,7,29,
14,Player 3,1757,Trafalgar Square,7,227,
14,Player 3,1737,Community Chest,7,207,
15,Player 2,2059,Whitechapel Road,7,519,
15,Player 1,1153,Jail,7,33,
15,Player 3,1947,Old Kent Road,7,417,
15,Player 3,1945,Chance,7,415,
15,Player 3,1945,Pall Mall,7,415,
16,Player 2,2055,Euston Road,7,515,
16,Player 1,1155,Bow Street,7,35,
16,Player 3,1945,Vine Street,8,275,
17,Player 2,2071,Northumberland Avenue,7,531,
17,Player 1,1155,Vine Street,7,35,
17,Player 3,1929,Piccadilly,8,259,
18,Player 2,2109,Fleet Street,8,409,
18,Player 1,1139,Leicester Square,7,19,
18,Player 3,1929,Liverpool Street,8,259,
19,Player 2,2109,Bond Street,8,409,
19,Player 1,1220,Oxford Street,7,100,
19,Player 1,1420,GO,7,300,
19,Player 3,2129,Community Chest,8,459,
20,Player 2,2446,Old Kent Road,9,446,
20,Player 1,1340,Jail,7,220,
20,Player 3,2149,Pentonville Road,8,479,
21,Player 2,2444,Euston Road,9,444,
21,Player 1,1340,Vine Street,7,220,
21,Player 3,2149,Whitehall ,8,479,
21,Player 3,2149,Vine Street,8,479,
22,Player 2,2476,Electric Company ,9,476,
22,Player 2,2436,Free Parking,9,436,
22,Player 1,1364,Leicester Square,7,244,
22,Player 3,2155,Leicester Square,8,485,
23,Player 2,2436,Piccadilly,9,436,
23,Player 1,1342,Go To Jail,7,222,
23,Player 1,1342,Jail,7,222,
23,Player 3,2155,Super Tax,8,485,
23,Player 3,2255,Chance,8,585,
24,Player 2,2436,Regent Street,9,436,
24,Player 2,2436,Park Lane,9,436,
24,Player 1,1342,Jail,7,222,
24,Player 3,2290,Pall Mall,8,620,
25,Player 2,2601,Old Kent Road,9,601,
25,Player 2,2599,Chance,9,599,
25,Player 1,1294,Community Chest,7,174,
25,Player 3,2290,Marlborough Street,8,620,
26,Player 2,2449,Jail,9,449,
26,Player 1,1244,Chance,7,124,
26,Player 3,2290,Coventry Street,9,440,
27,Player 2,2449,Community Chest,9,449,
27,Player 2,2449,Water Works,9,449,
27,Player 1,1464,Go To Jail,7,344,
27,Player 1,1464,Jail,7,344,
27,Player 3,2290,Park Lane,9,440,
28,Player 2,2379,Liverpool Street,9,379,
28,Player 1,1464,Jail,7,344,
28,Player 3,2540,The Angel Islington,9,690,
29,Player 2,2329,Mayfair,9,329,
29,Player 1,1414,Community Chest,7,294,
29,Player 3,2760,Whitehall ,11,210,
30,Player 2,2529,Whitechapel Road,9,529,
30,Player 2,2525,Pall Mall,9,525,
30,Player 1,1318,Free Parking,7,198,
30,Player 3,2770,The Strand,11,220,
31,Player 2,2625,Marlborough Street,10,255,
31,Player 1,1318,Coventry Street,7,198,
31,Player 3,2806,Fenchurch St Station,11,256,
31,Player 3,2781,Go To Jail,11,231,
31,Player 3,2781,Jail,11,231,
32,Player 2,2611,Coventry Street,10,241,
32,Player 1,1321,Liverpool Street,7,201,
32,Player 3,2853,Jail,11,303,
33,Player 2,2589,Chance,10,219,
33,Player 2,2589,Jail,10,219,
33,Player 1,1271,Super Tax,7,151,
33,Player 3,2803,The Strand,11,253,
34,Player 2,2625,Jail,10,255,
34,Player 1,1371,The Angel Islington,7,251,
34,Player 1,1365,Jail,7,245,
34,Player 3,2773,Piccadilly,11,223,
35,Player 2,2597,Marylebone Station,10,227,
35,Player 1,1365,Community Chest,7,245,
35,Player 3,2751,Super Tax,11,201,
36,Player 2,2597,Fleet Street,10,227,
36,Player 1,1415,Fenchurch St Station,7,295,
36,Player 3,2851,Kings Cross Station,11,301,
37,Player 2,2597,Bond Street,10,227,
37,Player 1,1443,Community Chest,7,323,
37,Player 3,2851,Marylebone Station,11,301,
38,Player 2,2794,GO,10,424,
38,Player 1,1743,Community Chest,7,273,
38,Player 3,2826,Fleet Street,11,276,
39,Player 2,2830,Pall Mall,10,310,
39,Player 1,1443,Pentonville Road,7,223,
39,Player 3,2808,Bond Street,11,258,
40,Player 2,2820,Marylebone Station,10,300,
40,Player 2,2820,The Strand,10,300,
40,Player 1,1463,Bow Street,7,243,
40,Player 3,2980,Old Kent Road,11,430,
41,Player 2,2820,Piccadilly,10,300,
41,Player 2,2820,Liverpool Street,10,300,
41,Player 1,1713,Trafalgar Square,7,493,
41,Player 3,2780,Pentonville Road,11,230,
42,Player 2,3070,Income Tax,10,550,
42,Player 1,1613,Oxford Street,7,393,
42,Player 1,1587,Park Lane,7,367,
42,Player 3,2815,Northumberland Avenue,11,265,
43,Player 2,2908,Pall Mall,10,388,
43,Player 1,1752,Kings Cross Station,7,532,
43,Player 3,2863,Vine Street,11,313,
44,Player 2,2914,Marlborough Street,10,394,
44,Player 1,1702,Pall Mall,7,482,
44,Player 3,2871,Chance,11,321,
45,Player 2,2900,Fenchurch St Station,10,380,
45,Player 1,1717,Vine Street,7,497,
45,Player 3,2971,Coventry Street,11,221,
46,Player 2,2891,Oxford Street,10,371,
46,Player 1,1701,Leicester Square,7,481,
46,Player 3,2993,Community Chest,11,243,
46,Player 3,2993,Jail,11,243,
47,Player 2,3091,Community Chest,10,571,
47,Player 1,1679,Bond Street,7,459,
47,Player 1,1879,Old Kent Road,7,659,
47,Player 3,2993,Jail,11,243,
48,Player 2,3041,The Angel Islington,10,221,
48,Player 2,3035,Euston Road,10,215,
48,Player 2,3035,Community Chest,10,215,
48,Player 2,3035,Old Kent Road,10,215,
48,Player 1,2129,Pentonville Road,7,909,
48,Player 3,2957,Free Parking,11,207,
49,Player 2,2885,Kings Cross Station,10,65,
49,Player 1,2121,Marylebone Station,7,901,
49,Player 3,3007,Fenchurch St Station,11,257,
50,Player 2,2860,Bow Street,10,40,
50,Player 1,2135,Leicester Square,7,915,
50,Player 3,3004,Piccadilly,11,254,
51,Player 2,2868,Trafalgar Square,10,48,
51,Player 1,2113,Oxford Street,7,893,
51,Player 3,2982,Community Chest,11,232,
52,Player 2,2894,Oxford Street,10,74,
52,Player 1,2087,Mayfair,7,867,
52,Player 3,3982,Old Kent Road,11,632,
53,Player 2,3094,Old Kent Road,10,274,
53,Player 1,2187,The Angel Islington,7,967,
53,Player 3,3738,The Angel Islington,11,388,
54,Player 2,2844,Pentonville Road,10,24,
54,Player 1,2181,Pall Mall,7,961,
54,Player 3,3756,Marlborough Street,11,206,
54,Player 3,3756,Piccadilly,11,206,
55,Player 2,2858,Community Chest,10,38,
55,Player 1,2171,Marlborough Street,7,951,
55,Player 3,3748,Chance,11,198,
55,Player 3,3748,Mayfair,11,198,
56,Player 2,2883,Trafalgar Square,10,63,
56,Player 1,2157,Leicester Square,7,937,
56,Player 3,3970,Euston Road,11,420,
57,Player 2,2889,Oxford Street,10,69,
57,Player 1,2135,Park Lane,7,915,
57,Player 3,4264,Northumberland Avenue,11,914,
58,Player 2,2901,Park Lane,10,81,
58,Player 2,0,Park Lane,0,0,
59,Player 1,1500,Income Tax,7,280,
59,Player 3,6243,Marlborough Street,21,373,
60,Player 1,1350,Euston Road,7,130,
60,Player 1,1338,Marylebone Station,7,118,
60,Player 3,6355,Trafalgar Square,21,185,
61,Player 1,1238,Chance,7,18,
61,Player 3,6355,Go To Jail,21,185,
61,Player 3,6355,Jail,21,185,
62,Player 1,1288,Water Works,7,68,
62,Player 1,1288,Super Tax,7,68,
62,Player 3,6355,Jail,21,185,
63,Player 1,1488,Chance,7,268,
63,Player 1,1488,Marylebone Station,7,268,
63,Player 3,6405,The Strand,21,235,
64,Player 1,1388,Free Parking,7,168,
64,Player 3,6405,Piccadilly,21,235,
65,Player 1,1388,Water Works,7,168,
65,Player 1,1388,Park Lane,7,168,
65,Player 1,0,Park Lane,0,0,
