1,Player 2,1500,Kings Cross Station,0,1500,
1,Player 1,1500,Kings Cross Station,0,1500,
2,Player 2,1525,Bow Street,1,1325,
2,Player 1,1475,Marylebone Station,0,1475,
3,Player 2,1525,Chance,2,1145,
3,Player 1,1475,Fleet Street,1,1275,
4,Player 2,1525,Piccadilly,2,1145,
4,Player 1,1475,Bond Street,2,1055,
5,Player 2,1371,Oxford Street,3,711,
5,Player 1,1475,Super Tax,3,735,
5,Player 1,1575,Income Tax,3,835,
6,Player 2,1571,Whitechapel Road,4,611,
6,Player 1,1418,Whitehall ,3,678,
7,Player 2,1571,Jail,5,551,
7,Player 1,1418,The Strand,4,538,
7,Player 1,1418,Water Works,5,318,
8,Player 2,1571,Community Chest,5,551,
8,Player 1,1408,Bond Street,6,158,
9,Player 2,1581,Chance,5,561,
9,Player 2,1581,Pall Mall,5,561,
9,Player 1,1608,Whitechapel Road,6,358,
10,Player 2,1585,Marlborough Street,6,425,
10,Player 1,1604,Pentonville Road,6,354,
11,Player 2,1585,Fleet Street,7,245,
11,Player 1,1622,Northumberland Avenue,7,252,
12,Player 2,1567,Go To Jail,7,227,
12,Player 2,1567,Jail,7,227,
12,Player 1,1646,Chance,8,116,
13,Player 2,1567,Jail,7,227,
13,Player 1,1626,Piccadilly,8,96,
14,Player 2,1539,Free Parking,7,199,
14,Player 2,1539,Oxford Street,7,199,
14,Player 2,1539,Super Tax,7,199,
14,Player 1,1604,Regent Street,8,74,
14,Player 1,1604,Chance,8,74,
15,Player 2,1909,GO,8,269,
15,Player 2,1909,Euston Road,8,269,
15,Player 1,1954,Kings Cross Station,8,424,
16,Player 2,1934,Community Chest,9,194,
16,Player 1,1929,Whitehall ,8,399,
17,Player 2,1884,Fleet Street,9,144,
17,Player 1,1826,The Strand,8,296,
18,Player 2,1866,Regent Street,9,126,
18,Player 1,1826,Go To Jail,8,296,
18,Player 1,1826,Jail,8,296,
19,Player 2,1866,Super Tax,9,126,
19,Player 1,1826,Jail,8,296,
20,Player 2,1966,Euston Road,9,226,
20,Player 1,1776,Community Chest,8,246,
20,Player 1,1776,Old Kent Road,8,246,
21,Player 2,1966,Whitehall ,9,226,
21,Player 1,1786,The Angel Islington,9,196,
22,Player 2,1956,Vine Street,9,216,
22,Player 2,2116,Fenchurch St Station,10,176,
22,Player 1,1786,Northumberland Avenue,10,96,
23,Player 2,2276,Regent Street,11,136,
23,Player 1,1786,Free Parking,10,96,
24,Player 2,2276,Park Lane,11,136,
24,Player 1,1786,Fenchurch St Station,10,96,
25,Player 2,2807,Pentonville Road,12,317,
25,Player 2,2799,Northumberland Avenue,12,309,
25,Player 1,1756,Oxford Street,10,66,
26,Player 2,2813,Free Parking,12,323,
26,Player 1,1730,Mayfair,10,40,
27,Player 2,3173,Piccadilly,13,283,
27,Player 1,1930,The Angel Islington,10,240,
28,Player 2,3173,Super Tax,13,283,
28,Player 1,1930,Electric Company ,10,240,
29,Player 2,3273,Pentonville Road,13,383,
29,Player 1,1938,Vine Street,11,98,
30,Player 2,3297,Electric Company ,13,207,
30,Player 1,1936,Piccadilly,11,96,
31,Player 2,3289,Fleet Street,13,199,
31,Player 1,1932,Liverpool Street,11,92,
32,Player 2,3431,Community Chest,14,141,
32,Player 2,3431,Jail,14,141,
32,Player 2,3431,Northumberland Avenue,14,141,
32,Player 1,2144,Whitechapel Road,11,304,
33,Player 2,3423,Northumberland Avenue,14,133,
33,Player 1,2140,Pentonville Road,11,300,
34,Player 2,3373,Trafalgar Square,14,83,
34,Player 1,2344,Bow Street,12,264,
35,Player 2,3401,Go To Jail,14,111,
35,Player 2,3401,Jail,14,111,
35,Player 1,2316,Trafalgar Square,12,236,
36,Player 2,3401,Jail,14,111,
36,Player 1,2316,Go To Jail,12,236,
36,Player 1,2316,Jail,12,236,
37,Player 2,3351,Community Chest,14,61,
37,Player 1,2316,Jail,12,236,
38,Player 2,3451,Water Works,14,161,
38,Player 1,2376,Marlborough Street,12,296,
39,Player 2,3569,GO,14,279,
39,Player 2,3569,Income Tax,14,279,
39,Player 1,2348,Leicester Square,12,268,
40,Player 2,3369,Jail,14,79,
40,Player 1,2569,Piccadilly,13,229,
41,Player 2,3391,The Strand,14,101,
41,Player 1,2783,GO,13,443,
42,Player 2,3355,Fleet Street,14,65,
42,Player 2,3319,Regent Street,14,29,
42,Player 1,2687,Income Tax,13,347,
43,Player 2,3519,GO,14,229,
43,Player 1,2487,Pall Mall,13,147,
44,Player 2,3529,Whitechapel Road,14,239,
44,Player 1,2477,The Strand,13,137,
45,Player 2,3529,Pall Mall,14,239,
45,Player 1,2477,Water Works,13,137,
46,Player 2,3529,Whitehall ,14,239,
46,Player 2,3519,Chance,14,229,
46,Player 1,2487,Park Lane,13,147,
47,Player 2,3404,Regent Street,14,114,
47,Player 1,2652,Kings Cross Station,13,312,
48,Player 2,3504,Super Tax,14,214,
48,Player 1,2552,Pall Mall,13,212,
48,Player 1,2542,Community Chest,13,202,
48,Player 1,2542,GO,13,202,
48,Player 1,2542,Chance,13,202,
48,Player 1,2542,Jail,13,202,
49,Player 2,3614,The Angel Islington,14,324,
49,Player 1,2548,Jail,13,208,
50,Player 2,3608,Whitehall ,14,318,
50,Player 1,2508,Free Parking,13,168,
51,Player 2,3598,Chance,14,308,
51,Player 1,2508,Fleet Street,13,168,
52,Player 2,3698,Coventry Street,14,208,
52,Player 1,2508,Fenchurch St Station,13,168,
52,Player 1,2408,Community Chest,13,68,
53,Player 2,3954,Liverpool Street,15,204,
53,Player 1,2358,Mayfair,13,18,
54,Player 2,4354,Whitechapel Road,15,404,
54,Player 1,2568,Pall Mall,13,228,
54,Player 1,2558,Community Chest,13,218,
55,Player 2,4364,Electric Company ,15,214,
55,Player 1,2548,Chance,13,208,
55,Player 1,2548,Mayfair,13,208,
56,Player 2,4731,Marlborough Street,15,381,
56,Player 2,4731,Fenchurch St Station,15,381,
56,Player 1,2588,Euston Road,13,248,
57,Player 2,4737,Bond Street,15,387,
57,Player 1,2582,Northumberland Avenue,13,242,
58,Player 2,4737,Super Tax,15,387,
58,Player 1,2582,Fleet Street,13,242,
59,Player 2,4837,The Angel Islington,15,487,
59,Player 1,2588,Coventry Street,13,248,
60,Player 2,4853,Bow Street,15,303,
60,Player 1,2566,Super Tax,13,226,
61,Player 2,4853,Trafalgar Square,15,303,
61,Player 1,2706,Euston Road,13,366,
62,Player 2,4819,Liverpool Street,15,269,
62,Player 1,2623,Bow Street,13,283,
63,Player 2,5047,Community Chest,15,497,
63,Player 1,2595,Leicester Square,13,255,
64,Player 2,5072,Chance,15,322,
64,Player 1,2595,Oxford Street,13,255,
65,Player 2,5083,Pall Mall,15,333,
65,Player 1,2769,Community Chest,13,429,
66,Player 2,5083,Chance,15,333,
66,Player 1,2638,Kings Cross Station,13,298,
67,Player 2,5008,Leicester Square,15,258,
67,Player 1,2560,Electric Company ,13,220,
68,Player 2,4986,Piccadilly,15,236,
68,Player 1,2560,Trafalgar Square,13,220,
68,Player 1,2560,Go To Jail,13,220,
68,Player 1,2560,Jail,13,220,
69,Player 2,4986,Bond Street,15,236,
69,Player 1,2560,Jail,13,220,
70,Player 2,4986,Mayfair,15,236,
70,Player 1,2510,Marlborough Street,13,170,
70,Player 1,2482,Free Parking,13,142,
70,Player 1,2482,Jail,13,142,
71,Player 2,5214,Kings Cross Station,15,464,
71,Player 1,2482,Jail,13,142,
72,Player 2,5214,Pall Mall,15,264,
72,Player 1,2432,Marlborough Street,13,92,
73,Player 2,5242,Vine Street,15,292,
73,Player 1,2404,Leicester Square,13,64,
74,Player 2,5242,Trafalgar Square,15,292,
74,Player 1,2444,Community Chest,13,104,
74,Player 1,2444,Electric Company ,13,104,
75,Player 2,5202,Regent Street,15,252,
75,Player 1,2444,Bow Street,13,104,
76,Player 2,5230,Super Tax,15,280,
76,Player 1,2416,Fleet Street,13,76,
77,Player 2,5330,Pentonville Road,15,380,
77,Player 1,2424,Community Chest,13,84,
78,Player 2,5322,Bow Street,15,372,
78,Player 1,2624,Park Lane,13,284,
78,Player 1,2564,Whitechapel Road,13,224,
79,Player 2,4486,Fenchurch St Station,16,276,
79,Player 1,2445,Pall Mall,12,165,
80,Player 2,4463,Oxford Street,16,253,
80,Player 1,2435,Community Chest,12,155,
81,Player 2,4463,Park Lane,16,253,
81,Player 1,2485,Fleet Street,12,205,
82,Player 2,4663,Chance,16,453,
82,Player 2,4663,Marylebone Station,16,453,
82,Player 2,4638,Leicester Square,16,428,
82,Player 1,2466,Go To Jail,12,186,
82,Player 1,2466,Jail,12,186,
83,Player 2,4616,Water Works,16,56,
83,Player 2,4596,Liverpool Street,16,36,
83,Player 1,2486,Jail,12,206,
84,Player 2,4596,Mayfair,16,36,
84,Player 1,2436,Vine Street,12,156,
85,Player 2,5016,Pentonville Road,16,456,
85,Player 1,2324,Coventry Street,12,44,
86,Player 2,5030,Marylebone Station,16,120,
86,Player 1,2327,Community Chest,12,47,
87,Player 2,5005,Fleet Street,16,95,
87,Player 1,2537,Whitechapel Road,12,257,
88,Player 2,5065,Coventry Street,16,155,
88,Player 2,5065,Oxford Street,16,155,
88,Player 1,2477,Northumberland Avenue,12,197,
89,Player 2,5265,GO,16,355,
89,Player 1,2477,The Strand,12,197,
90,Player 2,5265,Chance,16,355,
90,Player 2,5265,Marylebone Station,16,355,
90,Player 1,2502,Piccadilly,12,222,
91,Player 2,5262,Free Parking,16,352,
91,Player 1,2480,Park Lane,12,200,
91,Player 1,0,Park Lane,0,0,
91,Player 1,200,Euston Road,0,200,
1,Player 2,1500,Euston Road,0,1500,
1,Player 2,1500,Marlborough Street,1,1400,
1,Player 2,1500,Jail,2,1220,
1,Player 1,1500,Chance,0,1500,
1,Player 1,1500,Income Tax,0,1500,
2,Player 2,1500,Jail,2,1220,
2,Player 1,1350,Jail,0,1350,
3,Player 2,1450,Whitehall ,2,1170,
3,Player 1,1350,Bow Street,0,1350,
3,Player 1,1350,Chance,1,1170,
4,Player 2,1450,Community Chest,3,1030,
4,Player 1,1341,Piccadilly,1,1161,
5,Player 2,1460,Coventry Street,3,1040,
5,Player 2,1460,Bond Street,4,780,
5,Player 1,1341,Chance,2,881,
5,Player 1,1341,Mayfair,2,881,
6,Player 2,1460,Mayfair,5,460,
6,Player 1,1591,Pentonville Road,3,731,
6,Player 1,1591,Bow Street,4,611,
7,Player 2,1610,Community Chest,5,610,
7,Player 2,1610,Electric Company ,5,610,
7,Player 1,1591,The Strand,4,611,
8,Player 2,1610,Chance,6,460,
8,Player 1,1591,Water Works,5,391,
9,Player 2,1584,Coventry Street,6,434,
9,Player 1,1591,Oxford Street,6,241,
9,Player 1,1791,Community Chest,6,441,
9,Player 1,1791,Old Kent Road,6,441,
10,Player 2,1764,Regent Street,7,314,
10,Player 1,1791,Chance,7,381,
10,Player 1,1641,Whitehall ,7,231,
11,Player 2,1894,Super Tax,8,144,
11,Player 1,1631,Marylebone Station,7,221,
11,Player 1,1801,Coventry Street,8,191,
11,Player 1,1779,Liverpool Street,8,169,
12,Player 2,2016,Income Tax,8,266,
12,Player 1,1949,Mayfair,9,139,
13,Player 2,1816,Marylebone Station,8,66,
13,Player 1,2199,Kings Cross Station,9,389,
14,Player 2,1766,Fleet Street,8,16,
14,Player 1,2397,Northumberland Avenue,11,167,
15,Player 2,1766,Oxford Street,8,16,
15,Player 1,2541,Chance,12,151,
16,Player 2,1766,Park Lane,8,16,
16,Player 1,2906,Piccadilly,13,166,
17,Player 2,1966,Whitechapel Road,8,216,
17,Player 1,2906,Super Tax,13,166,
18,Player 2,1966,Whitehall ,9,156,
18,Player 1,3006,Euston Road,13,266,
19,Player 2,1972,Free Parking,9,162,
19,Player 1,3000,Free Parking,13,260,
19,Player 1,3000,Trafalgar Square,13,260,
20,Player 2,1972,Piccadilly,9,162,
20,Player 1,3178,Piccadilly,14,198,
21,Player 2,2150,GO,9,340,
21,Player 1,3178,Super Tax,14,198,
22,Player 2,2150,Euston Road,9,340,
22,Player 1,3278,Chance,14,298,
22,Player 1,3278,Marylebone Station,14,298,
23,Player 2,2150,Electric Company ,9,340,
23,Player 1,3278,Coventry Street,14,298,
23,Player 1,3256,Oxford Street,14,276,
24,Player 2,2224,Vine Street,9,214,
24,Player 1,3474,Whitechapel Road,15,294,
25,Player 2,2228,Leicester Square,9,218,
25,Player 1,3613,Euston Road,16,173,
26,Player 2,2234,Liverpool Street,9,224,
26,Player 1,3707,Electric Company ,16,267,
27,Player 2,2350,Income Tax,9,340,
27,Player 1,3691,Marlborough Street,16,251,
28,Player 2,2164,Jail,9,154,
28,Player 1,3677,Fleet Street,16,237,
29,Player 2,2164,Marlborough Street,9,154,
29,Player 1,3677,Coventry Street,16,237,
29,Player 1,3655,Bond Street,16,215,
30,Player 2,2336,Coventry Street,9,326,
30,Player 1,3705,Whitechapel Road,16,265,
31,Player 2,2340,Community Chest,9,330,
31,Player 1,3701,Jail,16,261,
32,Player 2,2640,Whitechapel Road,9,430,
32,Player 1,3701,Whitehall ,16,261,
33,Player 2,2650,Chance,9,240,
33,Player 1,3691,The Strand,16,251,
34,Player 2,2635,Bow Street,9,225,
34,Player 1,3705,Go To Jail,16,265,
34,Player 1,3705,Jail,16,265,
35,Player 2,2621,Fleet Street,9,211,
35,Player 1,3741,Jail,16,301,
36,Player 2,2585,Bond Street,9,175,
36,Player 1,3691,Community Chest,16,251,
36,Player 1,3691,GO,16,251,
37,Player 2,2785,Income Tax,9,375,
37,Player 1,3691,Whitechapel Road,16,251,
38,Player 2,2589,Jail,9,179,
38,Player 1,3687,Northumberland Avenue,16,247,
39,Player 2,2589,Community Chest,9,179,
39,Player 1,3687,Trafalgar Square,16,247,
39,Player 1,3687,Liverpool Street,16,247,
40,Player 2,2689,Fleet Street,9,279,
40,Player 1,3923,Old Kent Road,16,483,
41,Player 2,2653,Oxford Street,9,243,
41,Player 1,3923,Euston Road,16,283,
42,Player 2,2659,Super Tax,9,249,
42,Player 1,3917,Electric Company ,16,277,
43,Player 2,2775,Euston Road,9,365,
43,Player 1,3901,Chance,16,261,
43,Player 1,3881,Leicester Square,16,241,
43,Player 1,3881,Liverpool Street,16,241,
44,Player 2,2775,Northumberland Avenue,9,365,
44,Player 1,4093,Income Tax,16,453,
45,Player 2,2763,The Strand,9,353,
45,Player 1,3929,Pall Mall,16,289,
46,Player 2,2727,Piccadilly,9,317,
46,Player 1,3951,Free Parking,17,171,
47,Player 2,2705,Regent Street,9,295,
47,Player 2,2705,Mayfair,9,295,
47,Player 2,2705,Jail,9,295,
47,Player 1,4151,Water Works,17,371,
48,Player 2,2705,The Strand,9,295,
48,Player 1,4187,Community Chest,17,207,
49,Player 2,2669,Regent Street,9,259,
49,Player 1,4287,GO,17,307,
50,Player 2,2669,Mayfair,9,259,
50,Player 1,4487,Chance,17,307,
50,Player 1,4487,Marylebone Station,17,307,
51,Player 2,2669,Euston Road,9,259,
51,Player 1,4487,Free Parking,17,307,
52,Player 2,2669,Electric Company ,9,259,
52,Player 2,2669,Bow Street,9,259,
52,Player 1,4501,Trafalgar Square,17,321,
53,Player 2,2655,Trafalgar Square,9,245,
53,Player 1,4541,Regent Street,17,361,
54,Player 2,2745,Bond Street,9,335,
54,Player 2,2945,Community Chest,9,535,
54,Player 1,4411,Super Tax,17,231,
55,Player 2,2965,Pentonville Road,9,355,
55,Player 1,4519,Kings Cross Station,17,339,
56,Player 2,2957,Free Parking,9,347,
56,Player 1,4519,Jail,17,339,
57,Player 2,2957,Water Works,9,347,
57,Player 1,4551,The Strand,17,371,
58,Player 2,2925,Park Lane,9,315,
58,Player 1,4726,Water Works,17,196,
59,Player 2,2950,Chance,9,340,
59,Player 2,2950,GO,9,340,
59,Player 1,4726,Regent Street,17,196,
60,Player 2,3080,Electric Company ,9,270,
60,Player 2,3080,The Strand,9,270,
60,Player 1,4632,Mayfair,17,102,
61,Player 2,3044,Trafalgar Square,9,234,
61,Player 1,4932,Kings Cross Station,17,402,
62,Player 2,2944,Go To Jail,9,134,
62,Player 2,2944,Jail,9,134,
62,Player 1,4932,Bow Street,17,202,
63,Player 2,2944,Jail,9,134,
63,Player 1,4932,Trafalgar Square,17,202,
64,Player 2,2894,Marylebone Station,9,84,
64,Player 1,5032,Bond Street,17,302,
64,Player 1,5012,GO,17,282,
65,Player 2,3239,Coventry Street,9,229,
65,Player 2,3239,Super Tax,9,229,
65,Player 1,5012,Income Tax,17,282,
66,Player 2,3339,Income Tax,9,329,
66,Player 2,3139,Whitehall ,9,129,
66,Player 1,4812,Chance,17,82,
67,Player 2,3139,Bow Street,9,129,
67,Player 1,4752,Bow Street,17,22,
68,Player 2,3139,Chance,9,129,
68,Player 2,3139,Jail,9,129,
68,Player 1,4752,Fleet Street,17,22,
69,Player 2,3139,Jail,9,129,
69,Player 1,4752,Water Works,17,22,
70,Player 2,3089,Community Chest,9,79,
70,Player 1,4752,Chance,17,22,
70,Player 1,4752,Pall Mall,17,22,
70,Player 1,4752,Community Chest,17,22,
71,Player 2,3099,Fleet Street,9,89,
71,Player 1,4828,Fleet Street,17,98,
71,Player 1,4828,Regent Street,17,98,
72,Player 2,3453,Go To Jail,9,243,
72,Player 2,3453,Jail,9,243,
72,Player 1,4568,Super Tax,17,38,
73,Player 2,3453,Jail,9,243,
73,Player 1,4768,Income Tax,17,238,
74,Player 2,3403,Vine Street,9,193,
74,Player 1,4584,Whitehall ,17,54,
75,Player 2,3397,Regent Street,9,187,
75,Player 2,3397,Super Tax,9,187,
75,Player 1,4574,Free Parking,17,44,
76,Player 2,3497,Euston Road,9,287,
76,Player 1,4574,Water Works,17,44,
77,Player 2,3497,Bow Street,9,287,
77,Player 1,4574,Oxford Street,17,44,
78,Player 2,3887,Chance,9,277,
78,Player 1,4574,Community Chest,17,244,
79,Player 2,3667,Piccadilly,9,57,
79,Player 1,4533,Euston Road,17,203,
80,Player 2,3667,Bond Street,9,57,
80,Player 1,4533,Bow Street,17,203,
81,Player 2,3867,Old Kent Road,9,257,
81,Player 1,4535,Trafalgar Square,17,205,
81,Player 1,4535,Chance,17,205,
81,Player 1,4535,Community Chest,17,205,
81,Player 1,4935,Whitechapel Road,17,605,
82,Player 2,3814,Jail,9,204,
82,Player 1,4832,Electric Company ,17,152,
83,Player 2,3850,The Strand,9,240,
83,Player 1,4832,Marlborough Street,17,152,
84,Player 2,3814,Trafalgar Square,9,204,
84,Player 1,4932,Piccadilly,17,252,
85,Player 2,3714,Bond Street,9,104,
85,Player 2,3914,Old Kent Road,9,304,
85,Player 1,4934,Community Chest,17,254,
86,Player 2,3912,Euston Road,9,302,
86,Player 1,5184,GO,17,504,
87,Player 2,3912,Community Chest,9,302,
87,Player 2,3912,Jail,9,302,
87,Player 1,5184,Kings Cross Station,17,304,
88,Player 2,3912,Jail,9,302,
88,Player 1,5184,Pall Mall,17,304,
88,Player 1,5184,Marlborough Street,17,304,
89,Player 2,3862,Marylebone Station,9,252,
89,Player 1,5284,Go To Jail,17,204,
89,Player 1,5284,Jail,17,204,
90,Player 2,3762,Free Parking,9,152,
90,Player 1,5284,Jail,17,204,
91,Player 2,3762,Trafalgar Square,9,152,
91,Player 2,3662,Go To Jail,9,52,
91,Player 2,3662,Jail,9,52,
91,Player 1,5334,Marylebone Station,17,254,
92,Player 2,3662,Jail,9,52,
92,Player 1,5334,Fleet Street,17,254,
93,Player 2,3612,Bow Street,9,2,
93,Player 1,5348,Leicester Square,17,268,
94,Player 2,3648,Free Parking,9,38,
94,Player 2,3648,Leicester Square,9,38,
94,Player 1,5370,Community Chest,17,290,
95,Player 2,3626,Liverpool Street,9,16,
95,Player 1,5620,Whitechapel Road,17,540,
96,Player 2,3870,Kings Cross Station,9,260,
96,Player 2,3770,Jail,9,160,
96,Player 1,5562,Jail,17,282,
97,Player 2,3770,Marylebone Station,9,160,
97,Player 1,5662,Northumberland Avenue,17,382,
98,Player 2,3670,Fenchurch St Station,9,60,
98,Player 1,5832,The Strand,18,352,
99,Player 2,3670,Liverpool Street,9,60,
99,Player 1,6032,Go To Jail,18,202,
99,Player 1,6032,Jail,18,202,
100,Player 2,3880,Income Tax,9,270,
100,Player 1,6032,Jail,18,202,
101,Player 2,3680,The Angel Islington,9,70,
101,Player 2,3680,Whitehall ,9,70,
101,Player 1,6037,Chance,19,107,
101,Player 1,6137,Coventry Street,19,207,
102,Player 2,3702,Vine Street,9,92,
102,Player 2,3686,Fenchurch St Station,9,76,
102,Player 1,5531,Regent Street,19,201,
103,Player 2,3755,Oxford Street,10,85,
103,Player 1,5991,Community Chest,18,271,
104,Player 2,3945,GO,10,275,
104,Player 1,5935,The Angel Islington,18,215,
104,Player 1,5935,Electric Company ,18,215,
105,Player 2,3936,The Angel Islington,10,266,
105,Player 1,5917,Free Parking,18,197,
106,Player 2,3930,Marylebone Station,10,260,
106,Player 1,6035,Water Works,18,315,
107,Player 2,3730,Chance,10,60,
107,Player 2,3730,Mayfair,10,60,
107,Player 1,5912,Chance,19,42,
108,Player 2,2570,Kings Cross Station,9,250,
108,Player 1,6380,Kings Cross Station,19,510,
109,Player 2,2370,Northumberland Avenue,9,50,
109,Player 1,5592,Electric Company ,19,322,
110,Player 2,2358,Chance,9,38,
110,Player 1,5592,Vine Street,19,322,
111,Player 2,2348,Coventry Street,9,28,
111,Player 1,5592,Coventry Street,19,322,
112,Player 2,2348,Community Chest,9,28,
112,Player 2,2348,Electric Company ,9,28,
112,Player 2,2338,Community Chest,9,18,
112,Player 2,2338,Old Kent Road,9,18,
112,Player 1,5652,Park Lane,19,382,
112,Player 1,5852,Kings Cross Station,19,582,
113,Player 2,2338,Euston Road,9,18,
113,Player 1,5052,Bow Street,19,232,
114,Player 2,2338,Community Chest,9,18,
114,Player 1,5052,Coventry Street,19,232,
115,Player 2,2405,Fenchurch St Station,9,85,
115,Player 2,2345,Oxford Street,9,25,
115,Player 1,5252,Bond Street,19,282,
116,Player 2,2462,Park Lane,9,142,
116,Player 2,0,Park Lane,0,0,
1,Player 1,1500,Euston Road,0,1500,
1,Player 2,1500,Pall Mall,0,1500,
2,Player 1,1500,Marylebone Station,1,1400,
2,Player 2,1500,Fleet Street,1,1360,
2,Player 2,1500,Regent Street,2,1140,
3,Player 1,1500,Chance,2,1200,
3,Player 2,1700,GO,3,1040,
4,Player 1,1350,Coventry Street,2,1050,
4,Player 2,1700,Euston Road,3,1040,
5,Player 1,1356,Oxford Street,3,796,
5,Player 2,1694,Marylebone Station,3,1034,
6,Player 1,1581,GO,4,721,
6,Player 2,1669,Fleet Street,3,1009,
7,Player 1,1581,Pall Mall,4,721,
7,Player 2,1679,Fenchurch St Station,3,1019,
7,Player 2,1679,Regent Street,4,819,
8,Player 1,1571,Marlborough Street,4,711,
8,Player 2,1679,Mayfair,4,819,
9,Player 1,1571,Fenchurch St Station,5,531,
9,Player 2,1904,Euston Road,5,644,
10,Player 1,1552,Piccadilly,5,512,
10,Player 2,1898,Vine Street,5,638,
11,Player 1,1552,Park Lane,6,232,
11,Player 2,2094,Fenchurch St Station,7,284,
12,Player 1,1752,The Angel Islington,6,432,
12,Player 2,2094,Liverpool Street,7,284,
13,Player 1,1812,Jail,8,192,
13,Player 2,2294,Community Chest,7,484,
13,Player 2,2294,Old Kent Road,7,484,
14,Player 1,1812,Bow Street,8,192,
14,Player 2,2357,Euston Road,9,107,
15,Player 1,1818,Fenchurch St Station,8,198,
15,Player 2,2376,Jail,9,126,
15,Player 2,2376,Free Parking,9,126,
16,Player 1,1793,Go To Jail,8,173,
16,Player 1,1793,Jail,8,173,
16,Player 2,2376,Coventry Street,9,126,
17,Player 1,1815,Jail,8,195,
17,Player 2,2354,Go To Jail,9,104,
17,Player 2,2354,Jail,9,104,
18,Player 1,1765,Free Parking,8,145,
18,Player 2,2354,Jail,9,104,
19,Player 1,1765,Water Works,8,145,
19,Player 2,2304,The Strand,9,54,
20,Player 1,2084,Liverpool Street,10,94,
20,Player 2,2304,Piccadilly,9,54,
21,Player 1,2306,The Angel Islington,10,316,
21,Player 2,2282,Liverpool Street,9,32,
22,Player 1,2356,Jail,10,366,
22,Player 1,2356,Community Chest,10,366,
22,Player 2,2502,Community Chest,9,252,
22,Player 2,2502,GO,9,252,
23,Player 1,2456,Coventry Street,10,466,
23,Player 2,2502,Pall Mall,9,252,
24,Player 1,2456,Chance,10,466,
24,Player 2,2502,Free Parking,9,252,
25,Player 1,2706,The Angel Islington,10,716,
25,Player 2,2502,Piccadilly,9,252,
26,Player 1,2728,Whitehall ,10,738,
26,Player 2,2480,Liverpool Street,9,230,
27,Player 1,2778,Vine Street,11,648,
27,Player 2,2646,Old Kent Road,9,396,
28,Player 1,2762,Fleet Street,11,632,
28,Player 2,2587,Chance,9,337,
28,Player 2,2587,Marylebone Station,9,337,
29,Player 1,2794,Water Works,11,664,
29,Player 2,2537,Fleet Street,9,287,
30,Player 1,2994,GO,11,864,
30,Player 1,2994,Euston Road,11,864,
30,Player 2,2537,Oxford Street,9,287,
31,Player 1,3020,Whitehall ,11,890,
31,Player 2,2511,Mayfair,9,261,
32,Player 1,3020,Chance,11,890,
32,Player 2,2711,Pentonville Road,9,461,
32,Player 2,2711,Community Chest,10,341,
33,Player 1,3005,Regent Street,11,875,
33,Player 2,2837,Free Parking,10,267,
34,Player 1,2979,Mayfair,11,849,
34,Player 2,3037,Leicester Square,10,267,
35,Player 1,3109,Jail,12,419,
35,Player 2,3037,Oxford Street,10,267,
35,Player 2,3011,Liverpool Street,10,241,
36,Player 1,3185,Marylebone Station,12,195,
36,Player 2,3161,GO,10,391,
37,Player 1,3185,Free Parking,12,195,
37,Player 2,3161,Pentonville Road,10,391,
38,Player 1,3185,Oxford Street,12,195,
38,Player 1,3385,GO,12,395,
38,Player 2,3161,Bow Street,10,391,
39,Player 1,3385,Pentonville Road,12,245,
39,Player 2,3169,Trafalgar Square,10,399,
40,Player 1,3377,Vine Street,12,237,
40,Player 2,3293,Water Works,11,283,
40,Player 2,3277,Regent Street,11,267,
41,Player 1,3377,Fenchurch St Station,12,237,
41,Player 2,3502,Old Kent Road,11,492,
42,Player 1,3352,Go To Jail,12,212,
42,Player 1,3352,Jail,12,212,
42,Player 2,3502,Income Tax,11,292,
43,Player 1,3352,Jail,12,212,
43,Player 2,3302,Electric Company ,11,92,
43,Player 2,3302,Chance,11,92,
44,Player 1,3395,Community Chest,13,105,
44,Player 2,3282,Water Works,11,72,
44,Player 2,3222,Chance,11,12,
44,Player 2,3222,Marylebone Station,11,12,
45,Player 1,3405,Fleet Street,13,115,
45,Player 2,3260,Trafalgar Square,11,50,
46,Player 1,3387,Regent Street,13,97,
46,Player 1,3361,Liverpool Street,13,71,
46,Player 2,3286,Community Chest,11,76,
47,Player 1,3561,Old Kent Road,13,271,
47,Player 2,3508,Income Tax,11,298,
48,Player 1,3559,Whitehall ,13,269,
48,Player 1,3559,The Strand,13,269,
48,Player 1,3559,Piccadilly,13,269,
48,Player 2,3308,Marylebone Station,11,98,
49,Player 1,3609,Park Lane,13,169,
49,Player 2,3681,Fenchurch St Station,11,271,
50,Player 1,3534,Income Tax,13,244,
50,Player 2,3681,Go To Jail,11,271,
50,Player 2,3681,Jail,11,271,
51,Player 1,3334,Pentonville Road,13,44,
51,Player 2,3689,Jail,11,279,
52,Player 1,3326,Marylebone Station,13,36,
52,Player 2,3639,Vine Street,11,229,
53,Player 1,3326,Chance,13,36,
53,Player 1,3326,GO,13,36,
53,Player 2,3639,Coventry Street,11,229,
54,Player 1,3436,Community Chest,13,146,
54,Player 1,3446,Euston Road,13,156,
54,Player 2,3529,Oxford Street,11,119,
55,Player 1,3446,Electric Company ,13,156,
55,Player 2,3729,GO,11,319,
56,Player 1,3446,Vine Street,13,156,
56,Player 2,3745,Pentonville Road,11,335,
57,Player 1,3430,Piccadilly,13,140,
57,Player 2,3745,Community Chest,11,335,
58,Player 1,3430,Super Tax,13,140,
58,Player 2,3695,Water Works,11,285,
59,Player 1,3640,Community Chest,13,350,
59,Player 1,3665,Euston Road,13,375,
59,Player 2,3585,Chance,11,175,
60,Player 1,3610,Community Chest,13,170,
60,Player 2,3660,Whitechapel Road,11,250,
61,Player 1,3700,Fenchurch St Station,13,260,
61,Player 2,3685,Pentonville Road,12,215,
61,Player 2,3685,Community Chest,12,215,
62,Player 1,3675,Piccadilly,13,235,
62,Player 2,3735,Fenchurch St Station,12,265,
62,Player 2,3735,Chance,12,265,
62,Player 2,3735,Jail,12,265,
63,Player 1,3675,Regent Street,13,235,
63,Player 1,3649,Park Lane,13,209,
63,Player 2,4261,Jail,12,191,
64,Player 1,3574,Old Kent Road,13,284,
64,Player 2,4241,Bow Street,12,171,
65,Player 1,3489,Income Tax,13,199,
65,Player 2,4241,The Strand,12,171,
66,Player 1,3507,Chance,13,217,
66,Player 1,3507,Pall Mall,13,217,
66,Player 2,4233,Coventry Street,12,163,
67,Player 1,3607,Marylebone Station,13,167,
67,Player 2,4123,Regent Street,12,53,
68,Player 1,3607,Vine Street,13,167,
68,Player 2,4339,Old Kent Road,12,269,
68,Player 2,4339,Chance,12,269,
69,Player 1,3591,Leicester Square,13,151,
69,Player 2,4079,Northumberland Avenue,12,9,
70,Player 1,3735,Liverpool Street,14,135,
70,Player 2,4079,Trafalgar Square,12,9,
70,Player 2,4079,Community Chest,12,9,
70,Player 2,4079,Jail,12,9,
71,Player 1,3935,Community Chest,14,335,
71,Player 2,4079,Jail,12,9,
72,Player 1,3885,Pentonville Road,14,285,
72,Player 2,4087,Jail,12,17,
73,Player 1,3877,Northumberland Avenue,14,277,
73,Player 2,4087,Jail,12,17,
73,Player 2,4087,Free Parking,12,17,
74,Player 1,3877,Trafalgar Square,14,277,
74,Player 1,3857,Water Works,14,257,
74,Player 2,4107,Coventry Street,12,37,
75,Player 1,4077,Super Tax,14,177,
75,Player 1,4177,Kings Cross Station,14,277,
75,Player 2,4107,Liverpool Street,12,37,
76,Player 1,4457,Northumberland Avenue,15,207,
76,Player 2,4077,Mayfair,12,7,
77,Player 1,4457,The Strand,15,207,
77,Player 2,4277,Jail,12,207,
78,Player 1,4457,Leicester Square,15,207,
78,Player 2,4277,Vine Street,12,207,
79,Player 1,4457,Regent Street,15,207,
79,Player 2,4277,Go To Jail,12,207,
79,Player 2,4277,Jail,12,207,
80,Player 1,4657,Old Kent Road,15,407,
80,Player 2,4307,Jail,12,237,
81,Player 1,4627,Pentonville Road,15,227,
81,Player 2,4265,Vine Street,12,195,
82,Player 1,4619,Whitehall ,15,219,
82,Player 2,4265,Leicester Square,12,195,
83,Player 1,4054,Marlborough Street,15,254,
83,Player 2,3895,Go To Jail,12,25,
83,Player 2,3895,Jail,12,25,
84,Player 1,4054,Water Works,15,254,
84,Player 1,4054,Go To Jail,15,254,
84,Player 1,4054,Jail,15,254,
84,Player 2,3895,Jail,12,25,
85,Player 1,4054,Jail,15,254,
85,Player 2,3895,Jail,12,25,
86,Player 1,4004,Bow Street,15,204,
86,Player 2,3909,Jail,12,39,
87,Player 1,3990,Trafalgar Square,15,190,
87,Player 2,3929,Jail,12,59,
88,Player 1,3970,Regent Street,15,170,
88,Player 2,3929,Northumberland Avenue,12,59,
89,Player 1,3982,Super Tax,15,182,
89,Player 2,3917,Leicester Square,12,47,
89,Player 2,3387,Bond Street,12,17,
90,Player 1,4440,Community Chest,17,200,
90,Player 2,3457,Old Kent Road,11,207,
91,Player 1,4450,Pall Mall,17,210,
91,Player 2,3457,Kings Cross Station,11,207,
92,Player 1,4484,Marlborough Street,17,244,
92,Player 2,3357,Jail,11,107,
93,Player 1,4484,Fenchurch St Station,17,244,
93,Player 2,3382,Vine Street,11,132,
94,Player 1,4459,Go To Jail,17,219,
94,Player 1,4459,Jail,17,219,
94,Player 2,3382,Leicester Square,11,132,
95,Player 1,4409,Jail,17,469,
95,Player 2,2792,Bond Street,11,42,
95,Player 2,2964,Community Chest,11,214,
95,Player 2,2964,Electric Company ,11,214,
95,Player 2,2884,Vine Street,11,134,
96,Player 1,4467,Marylebone Station,17,527,
96,Player 2,2884,Regent Street,11,134,
96,Player 2,2884,Super Tax,11,134,
97,Player 1,4467,Chance,17,527,
97,Player 1,4467,Vine Street,17,527,
97,Player 2,2984,The Angel Islington,11,234,
98,Player 1,5017,Trafalgar Square,17,1077,
98,Player 2,2764,Bow Street,11,14,
98,Player 2,2764,Trafalgar Square,11,14,
98,Player 2,2764,Regent Street,11,14,
99,Player 1,5017,Bond Street,17,1077,
99,Player 1,5217,GO,17,1277,
99,Player 1,5217,Jail,17,1277,
99,Player 2,2964,Whitechapel Road,11,214,
99,Player 2,2964,Electric Company ,11,214,
100,Player 1,5307,Community Chest,17,1367,
100,Player 1,5307,Old Kent Road,17,1367,
100,Player 2,2876,Free Parking,11,126,
100,Player 2,2876,Trafalgar Square,11,126,
101,Player 1,5305,Whitehall ,17,1365,
101,Player 1,5305,Community Chest,17,1365,
101,Player 1,5405,Trafalgar Square,17,1465,
101,Player 2,2736,Regent Street,10,126,
102,Player 1,4145,Regent Street,18,65,
102,Player 2,2736,Chance,10,126,
103,Player 1,4345,Community Chest,18,265,
103,Player 1,4345,GO,18,265,
103,Player 2,3036,Chance,10,426,
103,Player 2,3036,Mayfair,10,426,
104,Player 1,4268,Pentonville Road,18,188,
104,Player 2,3137,Income Tax,10,527,
105,Player 1,4268,Bow Street,18,188,
105,Player 2,2951,Northumberland Avenue,10,341,
105,Player 2,2927,Free Parking,10,317,
105,Player 2,2927,Coventry Street,10,317,
106,Player 1,5428,Vine Street,18,148,
106,Player 2,2457,Chance,10,47,
107,Player 1,5428,Fleet Street,18,148,
107,Player 1,5428,Go To Jail,18,148,
107,Player 1,5428,Jail,18,148,
107,Player 2,2774,Whitechapel Road,10,364,
108,Player 1,5428,Jail,18,148,
108,Player 2,2675,Euston Road,10,265,
109,Player 1,4728,Bow Street,18,348,
109,Player 1,4714,Vine Street,18,334,
109,Player 2,2499,Marylebone Station,10,89,
110,Player 1,4814,Fleet Street,18,434,
110,Player 2,2509,Chance,10,99,
111,Player 1,4814,Fenchurch St Station,18,434,
111,Player 1,4789,Regent Street,18,409,
111,Player 1,4789,Chance,18,409,
111,Player 2,2494,Piccadilly,10,84,
112,Player 1,6239,Euston Road,18,1859,
112,Player 1,6239,Marylebone Station,18,1859,
112,Player 2,2234,Mayfair,10,24,
112,Player 2,2434,Whitechapel Road,10,224,
113,Player 1,6239,Fleet Street,18,1859,
113,Player 2,2368,Chance,10,158,
113,Player 2,2368,Marylebone Station,10,158,
114,Player 1,6339,Oxford Street,18,1959,
114,Player 2,2268,Vine Street,10,58,
115,Player 1,6539,Community Chest,18,2159,
115,Player 1,6639,Whitehall ,18,2259,
115,Player 2,2068,Piccadilly,9,58,
115,Player 2,0,Piccadilly,0,0,
1,Player 1,1500,Pentonville Road,0,1500,
1,Player 2,1500,Kings Cross Station,0,1500,
2,Player 1,1500,Marylebone Station,1,1380,
2,Player 2,1500,Pentonville Road,1,1300,
3,Player 1,1508,The Strand,2,1188,
3,Player 2,1492,Northumberland Avenue,1,1292,
4,Player 1,1508,Fenchurch St Station,3,968,
4,Player 1,1508,Liverpool Street,4,768,
4,Player 1,1708,Income Tax,5,768,
4,Player 2,1492,The Strand,2,1132,
5,Player 1,1556,Electric Company ,5,616,
5,Player 2,1474,Leicester Square,2,1114,
6,Player 1,1556,Free Parking,6,466,
6,Player 2,1474,Regent Street,3,854,
7,Player 1,1556,Trafalgar Square,6,466,
7,Player 1,1556,Piccadilly,7,226,
7,Player 2,1628,Bond Street,5,428,
8,Player 1,1556,Super Tax,7,226,
8,Player 2,2036,Whitechapel Road,6,516,
9,Player 1,1656,Kings Cross Station,7,326,
9,Player 2,2061,Pall Mall,7,481,
10,Player 1,1631,Pentonville Road,7,301,
10,Player 2,2061,Bow Street,8,341,
11,Player 1,1631,Bow Street,7,301,
11,Player 2,2102,Trafalgar Square,9,202,
12,Player 1,1637,Fenchurch St Station,7,307,
12,Player 2,2082,Community Chest,9,182,
13,Player 1,1637,Liverpool Street,7,307,
13,Player 1,1837,Kings Cross Station,7,507,
13,Player 1,1812,Pall Mall,7,482,
13,Player 2,2127,Chance,9,227,
13,Player 2,2127,Marylebone Station,9,227,
14,Player 1,1902,Vine Street,7,572,
14,Player 2,2027,The Strand,9,127,
15,Player 1,1920,Piccadilly,8,390,
15,Player 2,2031,Piccadilly,9,131,
16,Player 1,1898,Park Lane,8,368,
16,Player 2,2031,Liverpool Street,9,131,
17,Player 1,2479,The Angel Islington,9,599,
17,Player 2,2131,GO,9,231,
18,Player 1,2479,Northumberland Avenue,10,499,
18,Player 2,2143,Kings Cross Station,9,243,
19,Player 1,2467,The Strand,10,487,
19,Player 2,2143,Pall Mall,9,243,
19,Player 2,2143,Vine Street,9,243,
20,Player 1,2483,Water Works,10,503,
20,Player 2,2127,Piccadilly,9,227,
21,Player 1,2483,Community Chest,11,353,
21,Player 2,2127,Park Lane,9,227,
22,Player 1,2468,Super Tax,11,338,
22,Player 2,2292,Whitechapel Road,9,392,
23,Player 1,2568,The Angel Islington,11,438,
23,Player 2,2292,The Angel Islington,9,392,
24,Player 1,2574,Whitehall ,11,444,
24,Player 2,2286,Electric Company ,9,386,
25,Player 1,2634,Community Chest,12,364,
25,Player 2,2226,Vine Street,9,326,
26,Player 1,2750,Chance,12,480,
26,Player 1,2750,Fenchurch St Station,12,480,
26,Player 2,2210,Piccadilly,9,310,
27,Player 1,2750,Bond Street,12,480,
27,Player 2,2238,Liverpool Street,9,338,
28,Player 1,3022,GO,12,752,
28,Player 1,3022,Kings Cross Station,12,752,
28,Player 2,2163,Mayfair,9,263,
29,Player 1,3237,Whitehall ,13,367,
29,Player 2,2363,Pentonville Road,9,463,
30,Player 1,3245,Free Parking,13,375,
30,Player 2,2355,Marylebone Station,9,455,
30,Player 2,2255,The Strand,9,355,
31,Player 1,3363,Water Works,13,293,
31,Player 2,2237,Trafalgar Square,9,337,
32,Player 1,3383,Oxford Street,13,313,
32,Player 1,3383,Park Lane,13,313,
32,Player 2,2352,Piccadilly,10,152,
33,Player 1,3583,Kings Cross Station,13,513,
33,Player 1,3558,Electric Company ,13,488,
33,Player 2,2377,Super Tax,10,177,
34,Player 1,3558,Marylebone Station,13,288,
34,Player 2,2477,Income Tax,10,277,
35,Player 1,3558,Fleet Street,13,288,
35,Player 2,2277,Pall Mall,10,77,
36,Player 1,3734,Bond Street,14,244,
36,Player 2,2333,Fleet Street,10,133,
36,Player 2,2297,Oxford Street,10,97,
37,Player 1,3914,Income Tax,14,424,
37,Player 2,2297,Super Tax,10,97,
37,Player 2,2497,Kings Cross Station,10,297,
38,Player 1,3714,The Angel Islington,14,224,
38,Player 1,3714,Whitehall ,14,224,
38,Player 2,2497,Bow Street,10,297,
39,Player 1,3714,The Strand,14,224,
39,Player 2,2497,Trafalgar Square,10,297,
40,Player 1,3754,Fleet Street,14,264,
40,Player 1,3754,Go To Jail,14,264,
40,Player 1,3754,Jail,14,264,
40,Player 2,2457,Water Works,10,257,
40,Player 2,2417,Liverpool Street,10,217,
41,Player 1,3894,Jail,14,204,
41,Player 2,2517,The Angel Islington,10,317,
42,Player 1,3850,Bow Street,14,160,
42,Player 1,3836,Coventry Street,14,146,
42,Player 2,2720,Electric Company ,11,260,
43,Player 1,3896,Bond Street,14,206,
43,Player 2,2716,Fleet Street,11,256,
44,Player 1,4076,Old Kent Road,14,386,
44,Player 2,2680,Water Works,11,220,
45,Player 1,4126,Pall Mall,15,376,
45,Player 2,2640,Park Lane,11,180,
46,Player 1,4076,Community Chest,16,266,
46,Player 2,2740,Euston Road,10,340,
47,Player 1,4276,Coventry Street,16,266,
47,Player 1,4232,Community Chest,16,222,
47,Player 1,4232,Electric Company ,16,222,
47,Player 2,2784,Northumberland Avenue,11,284,
48,Player 1,4232,Community Chest,16,222,
48,Player 1,4232,Jail,16,222,
48,Player 2,2784,The Strand,11,284,
49,Player 1,4268,Jail,16,258,
49,Player 2,2748,Piccadilly,11,248,
50,Player 1,4218,Bow Street,16,208,
50,Player 2,2762,Bond Street,11,262,
51,Player 1,4204,Chance,16,194,
51,Player 1,4254,Leicester Square,16,244,
51,Player 2,2962,Income Tax,11,462,
52,Player 1,4254,Oxford Street,16,244,
52,Player 2,2726,Whitehall ,11,226,
53,Player 1,4212,Park Lane,16,202,
53,Player 2,2716,Chance,11,216,
54,Player 1,4412,Old Kent Road,16,402,
54,Player 2,2716,Water Works,11,216,
55,Player 1,4472,The Angel Islington,16,262,
55,Player 2,2656,Park Lane,11,156,
56,Player 1,4772,Whitehall ,16,212,
56,Player 2,2826,GO,11,326,
57,Player 1,4772,Community Chest,16,212,
57,Player 2,2749,The Angel Islington,11,249,
58,Player 1,4728,Fleet Street,16,168,
58,Player 2,2743,Electric Company ,11,243,
58,Player 2,2683,Vine Street,11,183,
59,Player 1,4804,Water Works,16,244,
59,Player 2,2667,Trafalgar Square,11,167,
60,Player 1,4904,Chance,16,344,
60,Player 2,2567,Regent Street,11,67,
61,Player 1,5084,Old Kent Road,16,524,
61,Player 2,2767,Community Chest,11,267,
62,Player 1,4284,Euston Road,16,174,
62,Player 2,2785,Jail,11,285,
63,Player 1,4278,Electric Company ,16,168,
63,Player 2,2785,Vine Street,11,285,
64,Player 1,4294,Bow Street,16,184,
64,Player 2,2769,Water Works,11,269,
65,Player 1,4384,Trafalgar Square,16,274,
65,Player 2,2679,Chance,11,179,
65,Player 2,2679,Community Chest,11,179,
65,Player 2,2679,GO,11,179,
66,Player 1,4384,Go To Jail,16,274,
66,Player 1,4384,Jail,16,274,
66,Player 2,2679,Community Chest,11,179,
66,Player 2,2679,Old Kent Road,11,179,
66,Player 2,2669,Income Tax,11,169,
67,Player 1,4394,Jail,16,284,
67,Player 2,2669,Jail,11,169,
68,Player 1,4344,Free Parking,16,234,
68,Player 2,2669,Community Chest,11,169,
69,Player 1,4334,Regent Street,16,224,
69,Player 2,2679,Vine Street,11,179,
69,Player 2,2663,Leicester Square,11,163,
70,Player 1,4350,Park Lane,16,240,
70,Player 1,4550,Kings Cross Station,16,440,
70,Player 2,2688,Water Works,11,188,
70,Player 2,2668,Super Tax,11,168,
70,Player 2,2768,Kings Cross Station,11,268,
71,Player 1,4545,Pall Mall,16,285,
71,Player 1,4535,Marylebone Station,16,275,
71,Player 2,2778,Pall Mall,11,278,
71,Player 2,2778,The Strand,11,278,
72,Player 1,4625,The Strand,16,365,
72,Player 2,2688,Leicester Square,11,188,
73,Player 1,4625,Leicester Square,16,365,
73,Player 2,2688,Chance,11,188,
74,Player 1,4625,Community Chest,16,365,
74,Player 2,2873,Income Tax,11,373,
75,Player 1,4650,Park Lane,16,390,
75,Player 2,2673,Marylebone Station,11,173,
76,Player 1,4950,Chance,16,440,
76,Player 1,4950,Pall Mall,16,440,
76,Player 2,2583,Fleet Street,11,83,
77,Player 1,5190,Community Chest,16,130,
77,Player 1,5210,Leicester Square,16,150,
77,Player 2,2513,Piccadilly,11,13,
77,Player 2,2513,Chance,11,13,
78,Player 1,5210,Community Chest,16,150,
78,Player 2,2863,Whitechapel Road,11,363,
79,Player 1,5440,Chance,16,380,
79,Player 2,2683,Chance,11,183,
79,Player 2,2683,GO,11,183,
80,Player 1,5740,The Angel Islington,16,380,
80,Player 2,2683,Pentonville Road,11,183,
81,Player 1,5748,Pall Mall,16,388,
81,Player 2,2685,Community Chest,11,185,
82,Player 1,5738,Free Parking,16,378,
82,Player 2,2585,Water Works,11,85,
83,Player 1,5848,Trafalgar Square,16,238,
83,Player 2,2775,GO,11,275,
83,Player 2,2775,Chance,11,275,
83,Player 2,2775,Jail,11,275,
84,Player 1,5848,Regent Street,16,238,
84,Player 2,2775,Jail,11,275,
85,Player 1,5848,Super Tax,16,238,
85,Player 2,2725,Marlborough Street,11,225,
86,Player 1,5948,Chance,16,338,
86,Player 2,2824,Leicester Square,12,144,
86,Player 2,2824,Liverpool Street,12,144,
87,Player 1,5898,Jail,16,288,
87,Player 2,2724,Mayfair,12,44,
87,Player 2,0,Mayfair,0,0,
87,Player 2,200,Euston Road,0,200,
1,Player 1,1500,Pall Mall,0,1500,
1,Player 2,1500,The Angel Islington,0,1500,
1,Player 2,1500,Marylebone Station,1,1400,
2,Player 1,1500,Marlborough Street,1,1360,
2,Player 2,1500,Fleet Street,2,1200,
3,Player 1,1500,Coventry Street,2,1180,
3,Player 2,1500,Regent Street,3,980,
4,Player 1,1500,Super Tax,3,920,
4,Player 2,1700,GO,4,880,
5,Player 1,1600,Income Tax,3,1020,
5,Player 1,1440,Pall Mall,3,860,
5,Player 2,1700,Kings Cross Station,4,880,
6,Player 1,1440,Chance,3,860,
6,Player 1,1440,Vine Street,3,860,
6,Player 2,1590,Pentonville Road,5,570,
7,Player 1,1440,Trafalgar Square,4,660,
7,Player 2,1590,Bow Street,6,450,
8,Player 1,1440,Liverpool Street,5,420,
8,Player 2,1590,Trafalgar Square,7,270,
9,Player 1,1660,Community Chest,6,440,
9,Player 1,1660,Jail,6,440,
9,Player 2,1570,Oxford Street,7,250,
9,Player 2,1570,Super Tax,7,250,
10,Player 1,1810,Jail,7,290,
10,Player 2,1670,Euston Road,7,350,
10,Player 2,1670,Marylebone Station,8,250,
11,Player 1,1760,Vine Street,7,240,
11,Player 2,1670,Fleet Street,8,250,
12,Player 1,1760,Piccadilly,7,240,
12,Player 2,1670,Water Works,8,250,
13,Player 1,1928,Bond Street,8,128,
13,Player 2,2182,GO,10,292,
13,Player 2,2182,Euston Road,10,292,
14,Player 1,1928,Mayfair,8,128,
14,Player 2,2522,Bow Street,11,232,
15,Player 1,2128,Kings Cross Station,8,328,
15,Player 2,2572,Chance,11,282,
16,Player 1,2078,Pall Mall,8,278,
16,Player 2,2557,Coventry Street,11,267,
17,Player 1,2100,Marlborough Street,8,300,
17,Player 2,2535,Liverpool Street,11,245,
18,Player 1,2125,Piccadilly,8,325,
18,Player 2,2510,Mayfair,11,220,
19,Player 1,2325,GO,8,525,
19,Player 2,2710,Whitechapel Road,11,420,
20,Player 1,2325,Community Chest,8,525,
20,Player 1,2275,Pentonville Road,8,475,
20,Player 2,2726,Jail,12,376,
21,Player 1,2259,Northumberland Avenue,8,459,
21,Player 2,2726,Marlborough Street,12,376,
21,Player 2,2712,Fenchurch St Station,12,362,
22,Player 1,2273,Vine Street,9,313,
22,Player 2,2712,Bond Street,13,162,
23,Player 1,2273,Fenchurch St Station,9,313,
23,Player 2,3012,Whitechapel Road,13,462,
24,Player 1,2173,Piccadilly,9,213,
24,Player 1,2173,Mayfair,9,213,
24,Player 2,3062,Pentonville Road,13,112,
24,Player 2,3062,Marylebone Station,13,112,
25,Player 1,2323,Jail,9,363,
25,Player 2,3062,Marlborough Street,13,112,
26,Player 1,2337,The Strand,9,377,
26,Player 2,3048,Leicester Square,13,98,
27,Player 1,2545,Fenchurch St Station,11,105,
27,Player 2,3148,Go To Jail,13,198,
27,Player 2,3148,Jail,13,198,
28,Player 1,2445,Liverpool Street,11,5,
28,Player 2,3148,Jail,13,198,
29,Player 1,2645,Kings Cross Station,11,205,
29,Player 2,3198,Community Chest,13,248,
30,Player 1,2545,Community Chest,11,105,
30,Player 1,2545,GO,11,105,
30,Player 1,2545,Whitechapel Road,11,105,
30,Player 2,3302,Chance,13,352,
30,Player 2,3302,Pall Mall,13,352,
31,Player 1,2551,Jail,11,111,
31,Player 2,3292,Bow Street,13,342,
32,Player 1,2551,Free Parking,11,111,
32,Player 2,3292,Leicester Square,13,342,
32,Player 2,3248,Community Chest,13,298,
32,Player 2,3248,Old Kent Road,13,298,
33,Player 1,2595,Leicester Square,11,155,
33,Player 2,3248,Whitehall ,14,238,
33,Player 2,3283,Free Parking,15,133,
34,Player 1,2595,Regent Street,11,155,
34,Player 2,3309,Coventry Street,15,159,
35,Player 1,2613,Super Tax,11,173,
35,Player 2,3265,Piccadilly,15,115,
35,Player 2,3421,GO,15,271,
36,Player 1,2757,Kings Cross Station,11,317,
36,Player 2,3521,Euston Road,15,371,
37,Player 1,2657,Whitehall ,11,217,
37,Player 2,3531,Northumberland Avenue,15,381,
38,Player 1,2659,Marlborough Street,11,219,
38,Player 2,3519,Community Chest,15,369,
39,Player 1,2649,Fenchurch St Station,11,209,
39,Player 2,3629,Fenchurch St Station,15,79,
40,Player 1,2549,Piccadilly,11,109,
40,Player 2,3629,Oxford Street,15,79,
41,Player 1,2575,Community Chest,11,135,
41,Player 2,3803,Old Kent Road,15,253,
42,Player 1,2800,Community Chest,11,360,
42,Player 2,3803,Pentonville Road,15,253,
43,Player 1,2820,Electric Company ,11,380,
43,Player 1,2820,The Strand,12,230,
43,Player 2,3803,Northumberland Avenue,15,253,
44,Player 1,2832,Trafalgar Square,12,242,
44,Player 2,3791,The Strand,15,241,
45,Player 1,2850,Leicester Square,12,260,
45,Player 1,2850,Bond Street,12,260,
45,Player 1,3022,Income Tax,12,432,
45,Player 2,3801,Community Chest,15,251,
45,Player 2,3851,Super Tax,15,301,
46,Player 1,2822,Jail,12,232,
46,Player 2,3951,Old Kent Road,15,401,
47,Player 1,2822,Whitehall ,12,232,
47,Player 2,3361,Kings Cross Station,15,61,
47,Player 2,3361,Whitehall ,15,61,
48,Player 1,2812,Trafalgar Square,12,222,
48,Player 2,3361,The Strand,15,61,
48,Player 2,3343,Fenchurch St Station,15,43,
49,Player 1,2830,Piccadilly,12,240,
49,Player 2,3343,Regent Street,15,43,
49,Player 2,3343,Liverpool Street,15,43,
50,Player 1,2855,Chance,12,265,
50,Player 2,3518,Chance,15,218,
50,Player 2,3618,Northumberland Avenue,15,318,
51,Player 1,3135,Income Tax,12,545,
51,Player 2,3606,Chance,15,306,
51,Player 2,3606,GO,15,306,
52,Player 1,2935,Euston Road,12,345,
52,Player 2,3756,Pentonville Road,15,756,
53,Player 1,2675,Northumberland Avenue,12,85,
53,Player 2,3756,Marylebone Station,15,756,
54,Player 1,2675,Vine Street,12,85,
54,Player 2,3756,Chance,15,756,
54,Player 2,3756,Jail,15,756,
55,Player 1,2675,Leicester Square,12,85,
55,Player 2,3756,Jail,15,756,
56,Player 1,2675,Go To Jail,12,85,
56,Player 1,2675,Jail,12,85,
56,Player 2,3706,Northumberland Avenue,15,706,
57,Player 1,2687,Jail,12,97,
57,Player 2,3694,Chance,15,694,
58,Player 1,2637,Marylebone Station,12,47,
58,Player 2,3644,Go To Jail,15,644,
58,Player 2,3644,Jail,15,644,
59,Player 1,2607,Fenchurch St Station,12,17,
59,Player 1,2667,Regent Street,12,77,
59,Player 2,3770,Jail,15,770,
60,Player 1,2841,GO,12,251,
60,Player 2,3720,Community Chest,15,720,
61,Player 1,2841,Chance,12,251,
61,Player 2,3620,Trafalgar Square,15,620,
62,Player 1,2784,Community Chest,12,194,
62,Player 1,2794,The Strand,12,204,
62,Player 1,2794,Water Works,12,204,
62,Player 2,3628,Leicester Square,15,628,
62,Player 2,3584,Oxford Street,15,584,
62,Player 2,3558,Mayfair,15,558,
63,Player 1,2836,Bond Street,12,246,
63,Player 2,3786,Whitechapel Road,15,786,
63,Player 2,3786,Northumberland Avenue,15,786,
64,Player 1,3020,Income Tax,12,430,
64,Player 2,3774,Marlborough Street,15,774,
65,Player 1,2820,Marylebone Station,12,230,
65,Player 2,3874,Leicester Square,15,874,
66,Player 1,2764,Community Chest,12,174,
66,Player 1,2714,The Strand,12,124,
66,Player 2,3830,Oxford Street,15,830,
67,Player 1,2740,Go To Jail,12,150,
67,Player 1,2740,Jail,12,150,
67,Player 2,3804,Bond Street,15,804,
67,Player 2,3804,Super Tax,15,804,
68,Player 1,2740,Jail,12,150,
68,Player 2,3904,Community Chest,15,904,
69,Player 1,2690,Bow Street,12,100,
69,Player 1,2676,Free Parking,12,86,
69,Player 2,4018,The Angel Islington,15,1018,
70,Player 1,2676,Leicester Square,12,86,
70,Player 2,4018,Bow Street,15,1018,
71,Player 1,2676,Community Chest,12,86,
71,Player 2,4018,The Strand,15,1018,
72,Player 1,2894,Park Lane,12,304,
72,Player 1,3094,Community Chest,12,504,
72,Player 1,3094,Electric Company ,12,504,
72,Player 2,4162,Coventry Street,16,212,
73,Player 1,2995,Bow Street,12,255,
73,Player 2,4176,Oxford Street,16,226,
74,Player 1,3007,Chance,12,267,
74,Player 1,3007,Mayfair,12,267,
74,Player 2,4950,Income Tax,16,600,
74,Player 2,4750,Pentonville Road,16,400,
75,Player 1,2997,Euston Road,12,257,
75,Player 2,5300,Bow Street,16,350,
76,Player 1,2837,Bow Street,12,97,
76,Player 2,5314,The Strand,16,364,
77,Player 1,2841,Free Parking,12,101,
77,Player 2,5296,Fleet Street,16,346,
77,Player 2,5296,Go To Jail,16,346,
77,Player 2,5296,Jail,16,346,
78,Player 1,2841,Piccadilly,12,101,
78,Player 2,5296,Jail,16,346,
79,Player 1,2841,Park Lane,12,101,
79,Player 1,2821,Old Kent Road,12,231,
79,Player 2,5446,Northumberland Avenue,17,346,
80,Player 1,2491,Chance,11,51,
80,Player 1,2491,Marylebone Station,11,51,
80,Player 2,5464,Marlborough Street,17,364,
81,Player 1,2461,Chance,11,21,
81,Player 1,2461,Fenchurch St Station,11,21,
81,Player 2,4764,Chance,17,264,
82,Player 1,2521,Bond Street,11,81,
82,Player 2,4842,Leicester Square,17,342,
83,Player 1,2693,GO,11,253,
83,Player 2,4842,Oxford Street,17,342,
84,Player 1,2693,Chance,11,253,
84,Player 2,4842,Park Lane,17,342,
85,Player 1,2693,Community Chest,11,253,
85,Player 1,2693,Jail,11,253,
85,Player 2,5042,Community Chest,17,542,
86,Player 1,2693,Jail,11,253,
86,Player 2,4192,Euston Road,17,292,
87,Player 1,2643,Chance,11,203,
87,Player 1,2623,Oxford Street,11,183,
87,Player 1,2623,Mayfair,11,183,
87,Player 1,0,Mayfair,0,0,
1,Player 1,1500,Whitechapel Road,0,1500,
1,Player 2,1500,Income Tax,0,1500,
1,Player 2,1350,Euston Road,0,1350,
1,Player 2,1350,Jail,1,1250,
2,Player 1,1500,Pentonville Road,1,1440,
2,Player 2,1350,Jail,1,1250,
3,Player 1,1500,Northumberland Avenue,2,1320,
3,Player 2,1300,Chance,1,1200,
3,Player 2,1300,Piccadilly,1,1200,
4,Player 1,1500,The Strand,3,1160,
4,Player 2,1146,Regent Street,2,766,
4,Player 2,1146,Mayfair,3,466,
5,Player 1,1620,Piccadilly,5,660,
5,Player 1,1598,Liverpool Street,5,638,
5,Player 2,1368,Kings Cross Station,3,688,
6,Player 1,1798,Whitechapel Road,6,638,
6,Player 2,1368,Electric Company ,4,488,
7,Player 1,1798,Kings Cross Station,6,638,
7,Player 1,1773,Whitehall ,6,613,
7,Player 2,1393,Marlborough Street,5,363,
8,Player 1,1773,Marlborough Street,7,473,
8,Player 2,1407,Trafalgar Square,6,197,
9,Player 1,1903,Fenchurch St Station,8,363,
9,Player 2,1407,Chance,6,197,
9,Player 2,1607,The Angel Islington,6,397,
9,Player 2,1607,Whitehall ,7,297,
10,Player 1,2013,Community Chest,9,273,
10,Player 1,1963,Park Lane,9,223,
10,Player 2,1793,Chance,8,133,
10,Player 2,1793,Mayfair,8,133,
11,Player 1,2213,GO,9,473,
11,Player 2,1943,Income Tax,8,283,
12,Player 1,2081,Kings Cross Station,9,341,
12,Player 2,1774,Jail,8,114,
13,Player 1,2056,Jail,9,316,
13,Player 2,1774,Free Parking,8,114,
13,Player 2,1774,Fleet Street,8,114,
14,Player 1,2210,The Strand,10,250,
14,Player 2,1774,Piccadilly,8,114,
15,Player 1,2210,Water Works,10,250,
15,Player 2,1774,Liverpool Street,8,114,
16,Player 1,2325,Bond Street,11,215,
16,Player 2,1924,GO,8,264,
17,Player 1,2813,Whitechapel Road,12,383,
17,Player 2,1924,Jail,8,264,
18,Player 1,2813,Pentonville Road,12,383,
18,Player 2,1924,Bow Street,8,264,
19,Player 1,2831,Northumberland Avenue,13,221,
19,Player 2,1924,Trafalgar Square,8,264,
19,Player 2,1884,Oxford Street,8,224,
20,Player 1,3051,Chance,14,141,
20,Player 1,3051,Vine Street,14,141,
20,Player 2,2194,Income Tax,9,334,
20,Player 2,1994,Electric Company ,9,134,
21,Player 1,3051,Fenchurch St Station,14,141,
21,Player 2,1994,Marlborough Street,9,134,
22,Player 1,3051,Piccadilly,14,141,
22,Player 1,3029,Regent Street,14,119,
22,Player 1,3003,Mayfair,14,93,
22,Player 2,2042,Fenchurch St Station,9,182,
23,Player 1,3253,Kings Cross Station,14,343,
23,Player 1,3228,Electric Company ,14,318,
23,Player 2,2045,Bond Street,9,185,
24,Player 1,3200,Marlborough Street,14,290,
24,Player 2,2059,Mayfair,9,199,
25,Player 1,3236,Free Parking,14,326,
25,Player 1,3236,Coventry Street,14,326,
25,Player 2,2209,Jail,9,349,
26,Player 1,3418,Community Chest,15,248,
26,Player 1,3518,Super Tax,15,348,
26,Player 2,2209,Bow Street,9,349,
27,Player 1,3632,Chance,15,462,
27,Player 2,2195,Chance,9,335,
28,Player 1,3639,Jail,15,169,
28,Player 2,2295,Coventry Street,9,435,
29,Player 1,3661,Community Chest,15,191,
29,Player 2,2273,Oxford Street,9,413,
30,Player 1,3737,Trafalgar Square,15,267,
30,Player 2,2247,Chance,9,387,
30,Player 2,2247,Jail,9,387,
31,Player 1,3737,Piccadilly,15,267,
31,Player 2,2269,Jail,9,409,
32,Player 1,3715,Chance,15,245,
32,Player 1,3715,GO,15,245,
32,Player 2,2219,Free Parking,9,359,
33,Player 1,3715,Chance,15,245,
33,Player 1,3715,Pall Mall,15,245,
33,Player 2,2219,Trafalgar Square,9,359,
33,Player 2,2119,Community Chest,9,259,
34,Player 1,3815,Marlborough Street,16,205,
34,Player 2,2083,Mayfair,9,223,
35,Player 1,3851,Water Works,16,241,
35,Player 2,2233,Kings Cross Station,9,373,
35,Player 2,2233,Whitehall ,9,373,
36,Player 1,3871,Chance,16,261,
36,Player 2,2213,The Strand,9,353,
37,Player 1,4087,Income Tax,16,477,
37,Player 2,2177,Piccadilly,9,317,
38,Player 1,3887,Pall Mall,16,277,
38,Player 2,2177,Bond Street,9,317,
39,Player 1,3887,Marlborough Street,16,277,
39,Player 2,2391,Community Chest,9,531,
40,Player 1,3873,Fenchurch St Station,16,263,
40,Player 2,2291,Pall Mall,9,431,
41,Player 1,3893,Go To Jail,16,283,
41,Player 1,3893,Jail,16,283,
41,Player 2,2271,Chance,9,411,
42,Player 1,3893,Jail,16,283,
42,Player 2,2121,Water Works,9,261,
43,Player 1,3867,Vine Street,16,257,
43,Player 2,2113,Chance,9,253,
43,Player 2,2113,Kings Cross Station,9,253,
44,Player 1,3851,Fenchurch St Station,16,241,
44,Player 2,2113,Marylebone Station,9,253,
45,Player 1,3931,Go To Jail,17,121,
45,Player 1,3931,Jail,17,121,
45,Player 2,2113,Community Chest,9,253,
45,Player 2,2113,Jail,9,253,
46,Player 1,3931,Jail,17,121,
46,Player 2,2113,Jail,9,253,
47,Player 1,3881,Bow Street,17,71,
47,Player 2,2063,Marylebone Station,9,203,
48,Player 1,3981,Fenchurch St Station,17,171,
48,Player 2,1963,Chance,9,103,
49,Player 1,3981,Community Chest,17,171,
49,Player 2,1948,Fenchurch St Station,9,88,
50,Player 1,4291,Old Kent Road,17,481,
50,Player 2,1898,Regent Street,9,38,
51,Player 1,4291,Pentonville Road,18,171,
51,Player 2,1898,Bond Street,9,38,
52,Player 1,4291,Northumberland Avenue,18,171,
52,Player 2,2098,GO,9,238,
53,Player 1,4291,Fenchurch St Station,18,171,
53,Player 2,2043,Euston Road,9,183,
54,Player 1,4291,Water Works,18,171,
54,Player 2,2043,Bow Street,9,183,
55,Player 1,4305,Regent Street,18,185,
55,Player 2,2055,Marlborough Street,9,195,
55,Player 2,2055,Leicester Square,9,195,
56,Player 1,4279,Chance,18,159,
56,Player 1,4279,Marylebone Station,18,159,
56,Player 2,2224,Community Chest,10,104,
56,Player 2,2224,GO,10,104,
57,Player 1,4279,Free Parking,18,159,
57,Player 2,2224,Euston Road,10,104,
57,Player 2,2224,Bow Street,10,104,
58,Player 1,4293,Fenchurch St Station,18,173,
58,Player 2,2210,Coventry Street,10,90,
59,Player 1,4315,Oxford Street,18,195,
59,Player 2,2188,Oxford Street,10,68,
60,Player 1,4541,Old Kent Road,18,421,
60,Player 2,2162,Super Tax,10,42,
61,Player 1,4541,Chance,18,271,
61,Player 1,4591,Northumberland Avenue,18,321,
61,Player 2,2362,Community Chest,10,242,
61,Player 2,2462,Euston Road,10,342,
62,Player 1,4591,Fenchurch St Station,18,171,
62,Player 2,2462,Whitehall ,10,342,
63,Player 1,4611,Liverpool Street,18,191,
63,Player 2,2442,Free Parking,10,322,
64,Player 1,4811,GO,18,391,
64,Player 2,2442,Oxford Street,10,322,
64,Player 2,2616,Old Kent Road,10,496,
65,Player 1,4839,Chance,18,269,
65,Player 2,2614,The Angel Islington,10,494,
66,Player 1,4664,Northumberland Avenue,18,94,
66,Player 2,2614,Northumberland Avenue,10,494,
67,Player 1,4724,Fenchurch St Station,18,154,
67,Player 2,2554,Fleet Street,10,434,
68,Player 1,4974,Community Chest,18,254,
68,Player 1,4974,Electric Company ,18,254,
68,Player 2,2336,Go To Jail,10,216,
68,Player 2,2336,Jail,10,216,
69,Player 1,4942,Bow Street,18,222,
69,Player 1,4942,Free Parking,18,222,
69,Player 2,2336,Jail,10,216,
70,Player 1,4942,Fleet Street,18,222,
70,Player 2,2286,Whitehall ,10,166,
71,Player 1,4962,Piccadilly,18,242,
71,Player 2,2288,Bow Street,10,168,
72,Player 1,4954,Chance,18,234,
72,Player 2,2274,Trafalgar Square,10,154,
72,Player 2,2129,Go To Jail,10,9,
72,Player 2,2129,Jail,10,9,
73,Player 1,5399,Old Kent Road,18,379,
73,Player 2,2129,Jail,10,9,
74,Player 1,5399,Kings Cross Station,18,229,
74,Player 2,2154,Jail,10,34,
75,Player 1,5374,Whitehall ,18,204,
75,Player 2,2154,Jail,10,34,
76,Player 1,5374,The Strand,18,204,
76,Player 1,5374,Piccadilly,18,204,
76,Player 1,5374,Community Chest,18,204,
76,Player 2,2154,Jail,10,34,
77,Player 1,5394,Liverpool Street,18,224,
77,Player 1,5594,GO,18,424,
77,Player 2,2154,Free Parking,10,34,
78,Player 1,5594,Electric Company ,18,274,
78,Player 1,5546,Marlborough Street,18,226,
78,Player 2,2202,Coventry Street,10,82,
79,Player 1,5568,Coventry Street,18,248,
79,Player 2,2180,Bond Street,10,60,
80,Player 1,5596,Regent Street,18,276,
80,Player 2,2152,Park Lane,10,32,
81,Player 1,5596,Mayfair,18,276,
81,Player 2,2352,Income Tax,10,232,
82,Player 1,5796,Kings Cross Station,18,476,
82,Player 2,2177,Jail,10,57,
83,Player 1,5171,Community Chest,18,151,
83,Player 1,5196,Chance,18,176,
83,Player 1,5196,Mayfair,18,176,
83,Player 2,2177,Marylebone Station,10,57,
84,Player 1,5496,Chance,18,476,
84,Player 1,5496,Income Tax,18,476,
84,Player 2,2127,Leicester Square,10,7,
85,Player 1,5296,Bow Street,18,276,
85,Player 1,5296,Marlborough Street,18,276,
85,Player 1,5296,Fenchurch St Station,18,276,
85,Player 2,2127,Oxford Street,10,7,
86,Player 1,4722,Oxford Street,18,152,
86,Player 2,2151,Super Tax,10,31,
87,Player 1,4722,Mayfair,18,152,
87,Player 2,2351,Old Kent Road,10,231,
88,Player 1,4924,Old Kent Road,18,354,
88,Player 1,4924,Euston Road,18,354,
88,Player 2,2300,Pall Mall,10,180,
88,Player 2,2280,Bow Street,10,160,
89,Player 1,4352,Northumberland Avenue,18,232,
89,Player 1,4352,Vine Street,18,232,
89,Player 2,2282,Vine Street,10,162,
90,Player 1,4336,Water Works,18,216,
90,Player 2,2282,Leicester Square,10,162,
91,Player 1,4336,Bond Street,18,216,
91,Player 1,4336,Mayfair,18,216,
91,Player 2,2282,Regent Street,10,162,
92,Player 1,4536,Jail,18,416,
92,Player 2,2282,Park Lane,10,162,
92,Player 2,2482,Income Tax,10,362,
93,Player 1,4536,Vine Street,18,116,
93,Player 2,2298,Jail,10,178,
94,Player 1,4520,Fenchurch St Station,18,100,
94,Player 2,2298,Whitehall ,10,178,
95,Player 1,4570,Community Chest,18,150,
95,Player 1,4570,Old Kent Road,18,150,
95,Player 2,2248,Free Parking,10,128,
96,Player 1,4570,Pall Mall,18,150,
96,Player 1,4570,Marylebone Station,18,150,
96,Player 1,4570,Leicester Square,18,150,
96,Player 2,2270,Leicester Square,10,150,
97,Player 1,4548,Piccadilly,18,128,
97,Player 2,2270,Bond Street,10,150,
97,Player 2,2242,Super Tax,10,122,
97,Player 2,2342,Income Tax,10,222,
98,Player 1,4576,Chance,18,156,
98,Player 2,2142,Jail,10,22,
99,Player 1,4926,Income Tax,18,506,
99,Player 2,2142,Marlborough Street,10,22,
100,Player 1,4726,Pall Mall,18,306,
100,Player 2,2142,Fenchurch St Station,10,22,
101,Player 1,4826,Vine Street,18,56,
101,Player 1,4810,Piccadilly,18,40,
101,Player 1,4810,Mayfair,18,40,
101,Player 2,2248,Liverpool Street,10,128,
101,Player 2,2348,Community Chest,10,228,
102,Player 1,5100,Community Chest,18,330,
102,Player 2,2303,Jail,10,183,
102,Player 2,2303,Whitehall ,10,183,
103,Player 1,5750,Electric Company ,18,230,
103,Player 2,2233,Chance,10,113,
104,Player 1,5710,Community Chest,18,190,
104,Player 2,2278,Water Works,10,158,
105,Player 1,5684,Fleet Street,18,164,
105,Player 2,2254,Oxford Street,10,134,
105,Player 2,2428,Whitechapel Road,10,308,
106,Player 1,5890,Water Works,18,370,
106,Player 2,2248,Pentonville Road,10,128,
107,Player 1,6098,GO,18,578,
107,Player 1,6098,Chance,18,578,
107,Player 1,6098,Jail,18,578,
107,Player 2,2240,Bow Street,10,120,
108,Player 1,4912,Jail,18,192,
108,Player 2,2226,The Strand,10,106,
109,Player 1,5512,Vine Street,18,1092,
109,Player 2,2236,Water Works,10,116,
110,Player 1,5540,Chance,18,1120,
110,Player 1,5540,GO,18,1120,
110,Player 2,2208,Liverpool Street,10,88,
111,Player 1,5640,Chance,18,1220,
111,Player 1,5640,Pall Mall,18,1220,
111,Player 2,2358,Community Chest,10,238,
112,Player 1,5640,Community Chest,18,1220,
112,Player 2,2348,Electric Company ,10,228,
113,Player 1,5690,Fleet Street,18,1270,
113,Player 1,5690,Regent Street,18,1270,
113,Player 2,2348,Bow Street,10,228,
114,Player 1,5904,GO,18,1484,
114,Player 2,2334,The Strand,10,214,
115,Player 1,5154,Euston Road,19,534,
115,Player 2,2014,Leicester Square,9,94,
116,Player 1,5044,Marylebone Station,19,424,
116,Player 2,2014,Regent Street,9,94,
117,Player 1,5044,Vine Street,19,424,
117,Player 2,2214,Old Kent Road,9,294,
118,Player 1,5294,Leicester Square,19,674,
118,Player 2,1964,Pentonville Road,9,44,
119,Player 1,5302,Community Chest,19,682,
119,Player 2,1956,Free Parking,9,36,
120,Player 1,5452,Income Tax,19,832,
120,Player 2,1956,Piccadilly,9,36,
121,Player 1,5252,Whitehall ,19,632,
121,Player 2,1956,Liverpool Street,9,36,
121,Player 2,2146,The Angel Islington,9,226,
122,Player 1,5452,Community Chest,19,832,
122,Player 2,2091,Northumberland Avenue,9,171,
123,Player 1,6252,Free Parking,19,1632,
123,Player 2,1921,Community Chest,9,1,
123,Player 2,1921,Jail,9,1,
124,Player 1,6252,Regent Street,19,1632,
124,Player 2,1771,Jail,8,1,
125,Player 1,4902,Liverpool Street,20,132,
125,Player 2,1771,Jail,8,1,
126,Player 1,5102,Old Kent Road,20,332,
126,Player 2,1771,Jail,8,1,
127,Player 1,5020,Pall Mall,20,250,
127,Player 2,1771,Jail,8,1,
128,Player 1,5020,Vine Street,20,250,
128,Player 2,1771,Marylebone Station,8,1,
129,Player 1,5220,Coventry Street,20,450,
129,Player 2,1911,Trafalgar Square,8,141,
129,Player 2,0,Trafalgar Square,0,0,
1,Player 2,1500,The Angel Islington,0,1500,
1,Player 1,1500,Kings Cross Station,0,1500,
2,Player 2,1500,Marylebone Station,1,1400,
2,Player 1,1500,Pall Mall,1,1300,
3,Player 2,1500,Chance,2,1200,
3,Player 1,1500,Bow Street,2,1160,
4,Player 2,1480,Piccadilly,2,1180,
4,Player 1,1500,The Strand,3,980,
5,Player 2,1526,Old Kent Road,3,946,
5,Player 2,1526,The Angel Islington,4,886,
5,Player 1,1500,Leicester Square,4,760,
6,Player 2,1526,Pentonville Road,4,886,
6,Player 1,1500,Chance,5,500,
6,Player 1,1550,Whitechapel Road,5,550,
7,Player 2,986,Electric Company ,6,166,
7,Player 1,1548,Electric Company ,6,398,
8,Player 2,986,Community Chest,6,166,
8,Player 2,986,GO,6,166,
8,Player 1,1548,Fleet Street,6,398,
9,Player 2,986,Pentonville Road,6,166,
9,Player 1,1548,Water Works,7,178,
10,Player 2,986,Bow Street,6,166,
10,Player 1,1620,Community Chest,8,100,
11,Player 2,972,Chance,6,152,
11,Player 2,972,Fenchurch St Station,6,152,
11,Player 2,972,Go To Jail,6,152,
11,Player 2,972,Jail,6,152,
11,Player 1,2050,Old Kent Road,9,330,
12,Player 2,974,Jail,6,154,
12,Player 1,2048,The Angel Islington,9,328,
13,Player 2,930,Community Chest,6,110,
13,Player 2,930,Water Works,6,110,
13,Player 1,2112,Bow Street,9,392,
14,Player 2,860,Liverpool Street,6,40,
14,Player 1,2292,Leicester Square,10,372,
14,Player 1,2292,Piccadilly,10,372,
15,Player 2,1082,Whitechapel Road,6,262,
15,Player 1,2270,Park Lane,10,350,
16,Player 2,1082,Kings Cross Station,6,262,
16,Player 2,982,Community Chest,6,162,
16,Player 2,1002,Water Works,6,182,
16,Player 1,2876,GO,11,606,
17,Player 2,892,Mayfair,6,72,
17,Player 1,3216,Income Tax,12,346,
18,Player 2,1092,Pall Mall,6,272,
18,Player 2,1082,Marlborough Street,6,262,
18,Player 1,3026,Whitehall ,12,156,
19,Player 2,1172,Fleet Street,7,172,
19,Player 1,3093,The Strand,13,83,
20,Player 2,1154,Fenchurch St Station,7,154,
20,Player 2,1054,Oxford Street,7,54,
20,Player 1,3463,Oxford Street,14,153,
21,Player 2,1054,Chance,7,54,
21,Player 1,3463,Liverpool Street,14,153,
22,Player 2,1239,Income Tax,7,239,
22,Player 1,3663,Kings Cross Station,14,353,
23,Player 2,1116,Bow Street,7,116,
23,Player 2,1102,Marlborough Street,7,102,
23,Player 2,1102,The Strand,7,102,
23,Player 1,3695,Electric Company ,14,385,
24,Player 2,1084,Fenchurch St Station,7,84,
24,Player 1,3795,Bow Street,14,285,
24,Player 1,3795,Water Works,14,285,
24,Player 1,3795,Jail,14,285,
25,Player 2,1034,Bond Street,7,34,
25,Player 1,4083,Jail,15,253,
26,Player 2,1234,Old Kent Road,7,234,
26,Player 1,4033,Community Chest,15,203,
27,Player 2,1179,Jail,7,179,
27,Player 1,4058,Chance,15,228,
27,Player 1,4058,Marylebone Station,15,228,
28,Player 2,1204,Chance,7,204,
28,Player 2,1254,Water Works,7,254,
28,Player 2,1194,Oxford Street,7,194,
28,Player 1,4093,Marlborough Street,15,263,
29,Player 2,1408,Income Tax,7,408,
29,Player 2,1268,Euston Road,7,268,
29,Player 1,4079,Trafalgar Square,15,249,
30,Player 2,1268,Marlborough Street,8,168,
30,Player 2,1268,Trafalgar Square,8,168,
30,Player 1,4275,Regent Street,16,205,
31,Player 2,1228,Go To Jail,8,128,
31,Player 2,1228,Jail,8,128,
31,Player 1,4500,Super Tax,17,130,
32,Player 2,1228,Jail,8,128,
32,Player 1,4600,Income Tax,17,230,
33,Player 2,1178,Marlborough Street,8,78,
33,Player 1,4400,Euston Road,17,30,
34,Player 2,1190,Water Works,8,90,
34,Player 1,4488,Community Chest,17,118,
34,Player 1,4488,Old Kent Road,17,118,
35,Player 2,1142,Park Lane,8,42,
35,Player 1,4661,Kings Cross Station,17,291,
35,Player 1,4661,Pall Mall,17,291,
35,Player 1,4661,Free Parking,17,291,
36,Player 2,1317,Euston Road,8,217,
36,Player 1,4661,Water Works,17,291,
37,Player 2,1262,Whitehall ,8,162,
37,Player 1,4671,Liverpool Street,17,301,
38,Player 2,1252,Community Chest,8,152,
38,Player 1,4861,The Angel Islington,17,491,
39,Player 2,1274,Fleet Street,8,174,
39,Player 1,4885,Pall Mall,17,315,
40,Player 2,1238,Water Works,8,138,
40,Player 1,4935,Community Chest,17,365,
40,Player 1,5135,Trafalgar Square,17,565,
41,Player 2,1188,Chance,8,88,
41,Player 1,4970,Go To Jail,17,200,
41,Player 1,4970,Jail,17,200,
42,Player 2,1388,Whitechapel Road,8,288,
42,Player 1,4970,Jail,17,200,
43,Player 2,1388,Chance,8,288,
43,Player 1,4920,Vine Street,17,150,
44,Player 2,1508,Northumberland Avenue,9,208,
44,Player 1,4976,Water Works,18,46,
45,Player 2,1508,Marlborough Street,9,208,
45,Player 1,4976,Bond Street,18,46,
45,Player 1,5176,Old Kent Road,18,246,
46,Player 2,1510,Trafalgar Square,9,210,
46,Player 1,5214,Kings Cross Station,18,284,
47,Player 2,1470,Coventry Street,9,170,
47,Player 1,5383,Jail,19,193,
48,Player 2,1470,Community Chest,9,170,
48,Player 1,5383,Bow Street,19,193,
49,Player 2,1420,Chance,9,120,
49,Player 2,1420,Mayfair,9,120,
49,Player 1,5807,Trafalgar Square,19,217,
50,Player 2,1520,Euston Road,9,220,
50,Player 1,5807,Community Chest,19,217,
51,Player 2,1454,Bow Street,9,154,
51,Player 2,1440,Free Parking,9,140,
51,Player 2,1440,Water Works,9,140,
51,Player 1,6201,Community Chest,19,411,
52,Player 2,1360,Liverpool Street,9,60,
52,Player 1,6351,Chance,19,361,
52,Player 1,6351,Income Tax,19,361,
53,Player 2,1510,Whitechapel Road,9,210,
53,Player 1,6151,Jail,19,161,
54,Player 2,1455,Jail,9,155,
54,Player 1,6151,Bow Street,19,161,
55,Player 2,1455,Marlborough Street,9,155,
55,Player 1,6151,Trafalgar Square,19,161,
56,Player 2,1455,Water Works,9,155,
56,Player 2,1355,Liverpool Street,9,55,
56,Player 1,6351,Bond Street,19,361,
56,Player 1,6351,Super Tax,19,361,
57,Player 2,1505,Kings Cross Station,9,205,
57,Player 2,1405,Jail,9,105,
57,Player 1,6551,Kings Cross Station,19,561,
58,Player 2,1405,Marlborough Street,9,105,
58,Player 1,5751,Pall Mall,19,361,
59,Player 2,1405,Leicester Square,9,105,
59,Player 1,5773,Community Chest,19,383,
59,Player 1,5723,Piccadilly,19,333,
59,Player 1,5923,GO,19,533,
60,Player 2,1383,Regent Street,9,83,
60,Player 1,5175,Community Chest,19,385,
60,Player 1,5075,Pall Mall,19,285,
61,Player 2,1331,Liverpool Street,9,31,
61,Player 2,1581,Community Chest,9,281,
61,Player 2,1581,Jail,9,281,
61,Player 1,5175,Bow Street,19,385,
62,Player 2,1460,Jail,9,160,
62,Player 1,5175,Fleet Street,19,385,
63,Player 2,1410,Marylebone Station,9,110,
63,Player 1,5175,Water Works,19,385,
64,Player 2,1410,Trafalgar Square,9,110,
64,Player 1,5215,Liverpool Street,19,225,
65,Player 2,1370,Community Chest,9,70,
65,Player 1,5415,Old Kent Road,19,425,
66,Player 2,1582,Community Chest,9,282,
66,Player 2,1582,GO,9,282,
66,Player 1,5413,Jail,19,223,
67,Player 2,1582,Pentonville Road,9,282,
67,Player 1,5413,Community Chest,19,223,
68,Player 2,1582,Marylebone Station,9,282,
68,Player 1,5513,Trafalgar Square,19,323,
69,Player 2,1582,Coventry Street,9,282,
69,Player 2,1560,Liverpool Street,9,260,
69,Player 1,5635,Regent Street,19,245,
70,Player 2,1660,GO,9,360,
70,Player 1,5835,Old Kent Road,19,445,
71,Player 2,1563,The Angel Islington,9,263,
71,Player 1,5833,Income Tax,19,243,
72,Player 2,1563,Community Chest,9,263,
72,Player 2,1563,Water Works,9,263,
72,Player 1,5743,Pall Mall,19,153,
73,Player 2,1453,Community Chest,9,153,
73,Player 1,5743,Vine Street,19,153,
74,Player 2,1689,Community Chest,9,389,
74,Player 1,5727,Coventry Street,19,137,
75,Player 2,1604,Electric Company ,9,54,
75,Player 1,5827,Oxford Street,19,237,
76,Player 2,1579,Free Parking,9,79,
76,Player 2,1579,Water Works,9,79,
76,Player 1,5907,Bond Street,19,317,
76,Player 1,6107,Old Kent Road,19,517,
77,Player 2,1559,Liverpool Street,9,59,
77,Player 1,6197,The Angel Islington,19,207,
78,Player 2,1709,The Angel Islington,9,209,
78,Player 1,6197,Whitehall ,19,207,
79,Player 2,1654,Whitehall ,9,54,
79,Player 1,6217,Free Parking,19,227,
80,Player 2,1634,Vine Street,9,34,
80,Player 1,6217,Fleet Street,19,227,
81,Player 2,1634,Fenchurch St Station,9,34,
81,Player 1,6317,Coventry Street,19,327,
81,Player 1,6317,Regent Street,19,327,
82,Player 2,1684,Liverpool Street,9,84,
82,Player 2,1634,Mayfair,9,34,
82,Player 2,0,Mayfair,0,0,
82,Player 2,200,Jail,0,200,
1,Player 1,1500,Chance,0,1500,
1,Player 2,1500,Community Chest,0,1500,
1,Player 2,1510,Northumberland Avenue,0,1510,
1,Player 2,1510,The Strand,1,1350,
2,Player 1,1550,Electric Company ,0,1550,
2,Player 2,1389,Regent Street,2,1009,
3,Player 1,1550,Community Chest,1,1400,
3,Player 2,1389,Park Lane,3,709,
3,Player 2,1589,Community Chest,4,559,
4,Player 1,1570,Free Parking,1,1420,
4,Player 2,1539,Northumberland Avenue,4,509,
4,Player 2,1539,Chance,4,509,
4,Player 2,1539,Marylebone Station,4,509,
5,Player 1,1570,Piccadilly,1,1420,
5,Player 2,1539,Chance,5,309,
6,Player 1,1570,Mayfair,2,1140,
6,Player 1,1770,Income Tax,3,940,
6,Player 2,1519,Go To Jail,5,289,
6,Player 2,1519,Jail,5,289,
7,Player 1,1593,Pentonville Road,3,763,
7,Player 2,1519,Jail,5,289,
8,Player 1,1593,Marylebone Station,4,643,
8,Player 2,1494,Marlborough Street,5,264,
8,Player 2,1494,Fleet Street,5,264,
9,Player 1,1688,Free Parking,6,338,
9,Player 2,1494,Regent Street,5,264,
10,Player 1,1688,Go To Jail,6,338,
10,Player 1,1688,Jail,6,338,
10,Player 2,1494,Liverpool Street,5,264,
11,Player 1,1748,Jail,7,198,
11,Player 2,1694,Whitechapel Road,5,464,
12,Player 1,1698,Marlborough Street,7,148,
12,Player 2,1584,Pall Mall,6,294,
13,Player 1,1698,Trafalgar Square,7,148,
13,Player 2,1740,Marlborough Street,8,70,
14,Player 1,1712,Piccadilly,7,162,
14,Player 2,1726,The Strand,8,56,
15,Player 1,1712,Chance,7,162,
15,Player 2,1726,Water Works,8,56,
16,Player 1,2033,Old Kent Road,8,333,
16,Player 2,1726,Community Chest,8,56,
16,Player 2,1726,Electric Company ,8,56,
17,Player 1,2001,Electric Company ,9,241,
17,Player 2,1676,Free Parking,8,6,
18,Player 1,2001,Marylebone Station,9,241,
18,Player 2,1701,Coventry Street,8,31,
19,Player 1,2210,Fleet Street,10,190,
19,Player 2,1701,Bond Street,8,31,
20,Player 1,2498,Go To Jail,11,158,
20,Player 1,2498,Jail,11,158,
20,Player 2,1901,Community Chest,8,231,
21,Player 1,2498,Jail,11,158,
21,Player 2,1801,Euston Road,8,131,
22,Player 1,2488,Marlborough Street,12,48,
22,Player 1,2488,Leicester Square,12,48,
22,Player 2,2022,Community Chest,9,92,
23,Player 1,2488,Go To Jail,12,48,
23,Player 1,2488,Jail,12,48,
23,Player 1,2488,Chance,12,48,
23,Player 1,2488,GO,12,48,
23,Player 2,2072,Trafalgar Square,9,142,
24,Player 1,2488,GO,12,48,
24,Player 2,2072,Piccadilly,9,142,
25,Player 1,2510,GO,12,70,
25,Player 2,2050,Community Chest,9,120,
26,Player 1,2460,Community Chest,12,20,
26,Player 1,2560,The Angel Islington,12,120,
26,Player 1,2560,Marylebone Station,12,120,
26,Player 2,2190,Super Tax,10,160,
27,Player 1,2535,Trafalgar Square,12,95,
27,Player 2,2310,Chance,10,280,
27,Player 2,2310,Marylebone Station,10,280,
28,Player 1,2515,Oxford Street,12,75,
28,Player 2,2565,Free Parking,11,235,
29,Player 1,2515,Super Tax,12,75,
29,Player 1,2715,Kings Cross Station,12,275,
29,Player 2,2565,Water Works,11,235,
29,Player 2,2485,Liverpool Street,11,155,
30,Player 1,2925,Whitehall ,13,285,
30,Player 1,2925,Bow Street,14,145,
30,Player 2,2635,Chance,11,305,
30,Player 2,2635,Income Tax,11,305,
30,Player 2,2435,Electric Company ,11,105,
31,Player 1,3131,Fleet Street,15,171,
31,Player 2,2355,Marylebone Station,11,25,
32,Player 1,3131,Regent Street,15,171,
32,Player 2,2381,Chance,11,51,
33,Player 1,3105,Chance,15,145,
33,Player 1,3105,Pall Mall,15,145,
33,Player 2,2376,Water Works,11,46,
34,Player 1,3155,Bow Street,15,195,
34,Player 2,2396,Community Chest,11,66,
34,Player 2,2396,Jail,11,66,
35,Player 1,3155,Fleet Street,15,195,
35,Player 2,2396,Jail,11,66,
36,Player 1,3155,Piccadilly,15,195,
36,Player 1,3155,Bond Street,15,195,
36,Player 2,2346,Marylebone Station,11,16,
37,Player 1,3155,Super Tax,15,195,
37,Player 1,3255,Old Kent Road,15,295,
37,Player 2,2346,Trafalgar Square,11,16,
38,Player 1,3255,Chance,15,295,
38,Player 2,2346,Community Chest,11,16,
39,Player 1,3255,Electric Company ,15,295,
39,Player 2,2576,GO,11,246,
40,Player 1,3255,The Strand,15,295,
40,Player 2,2594,Pentonville Road,11,264,
41,Player 1,3245,Oxford Street,15,285,
41,Player 2,2612,Whitehall ,11,282,
42,Player 1,3429,Old Kent Road,15,469,
42,Player 2,2602,Marlborough Street,11,272,
43,Player 1,3333,Electric Company ,15,373,
43,Player 2,2588,Free Parking,11,258,
43,Player 2,2588,Leicester Square,11,258,
44,Player 1,3333,Vine Street,15,373,
44,Player 2,2588,Bond Street,11,258,
45,Player 1,3361,Water Works,16,201,
45,Player 2,2760,The Angel Islington,11,430,
45,Player 2,2760,Whitehall ,11,430,
46,Player 1,3371,Bond Street,16,211,
46,Player 2,2662,Vine Street,11,332,
47,Player 1,3603,Kings Cross Station,16,443,
47,Player 2,2630,Fenchurch St Station,11,300,
48,Player 1,3603,Northumberland Avenue,16,143,
48,Player 2,2752,Liverpool Street,12,222,
49,Player 1,3641,Fleet Street,16,181,
49,Player 2,2902,Whitechapel Road,12,372,
50,Player 1,3641,Leicester Square,16,181,
50,Player 2,2792,Kings Cross Station,12,262,
50,Player 2,2742,Marylebone Station,12,212,
51,Player 1,3691,Community Chest,16,131,
51,Player 1,3691,Old Kent Road,16,131,
51,Player 2,2742,Free Parking,12,212,
52,Player 1,3691,Pentonville Road,16,131,
52,Player 2,2742,Coventry Street,12,212,
53,Player 1,3713,Community Chest,16,153,
53,Player 2,2720,Community Chest,12,190,
53,Player 2,2745,Mayfair,12,215,
53,Player 2,2895,Chance,12,365,
54,Player 1,3963,Coventry Street,16,303,
54,Player 2,2745,Northumberland Avenue,12,215,
55,Player 1,3963,Liverpool Street,16,303,
55,Player 2,2745,Trafalgar Square,12,215,
55,Player 2,2745,Go To Jail,12,215,
55,Player 2,2745,Jail,12,215,
56,Player 1,3963,Park Lane,16,303,
56,Player 1,4128,Whitechapel Road,16,468,
56,Player 1,4124,Pall Mall,16,464,
56,Player 2,2794,Jail,12,264,
57,Player 1,4114,Marylebone Station,16,154,
57,Player 2,2794,Electric Company ,12,264,
57,Player 2,2774,Fleet Street,12,244,
58,Player 1,4102,Fleet Street,16,142,
58,Player 2,2756,Go To Jail,12,226,
58,Player 2,2756,Jail,12,226,
59,Player 1,4102,Leicester Square,16,142,
59,Player 2,2756,Jail,12,226,
60,Player 1,4102,Oxford Street,16,142,
60,Player 2,2732,Marlborough Street,12,202,
61,Player 1,4276,Mayfair,16,216,
61,Player 2,2532,Free Parking,12,2,
61,Player 2,2532,Water Works,12,2,
62,Player 1,4556,Whitechapel Road,16,396,
62,Player 2,2536,Super Tax,12,6,
63,Player 1,4552,Jail,16,292,
63,Player 2,2736,Kings Cross Station,12,206,
64,Player 1,4602,Northumberland Avenue,16,342,
64,Player 1,4602,Bow Street,16,342,
64,Player 1,4602,Jail,16,342,
64,Player 2,2686,Pentonville Road,12,156,
65,Player 1,4610,Jail,16,350,
65,Player 2,2678,Vine Street,12,148,
65,Player 2,2593,Trafalgar Square,12,63,
66,Player 1,4420,Northumberland Avenue,17,100,
66,Player 1,4420,The Strand,17,100,
66,Player 2,2533,Liverpool Street,11,63,
67,Player 1,4437,Leicester Square,17,117,
67,Player 2,2683,Kings Cross Station,11,213,
68,Player 1,4487,Liverpool Street,17,167,
68,Player 2,2633,Pentonville Road,11,163,
69,Player 1,4695,Whitechapel Road,17,375,
69,Player 2,2625,Community Chest,11,155,
69,Player 2,2625,GO,11,155,
70,Player 1,3895,Electric Company ,17,75,
70,Player 2,2625,Chance,11,155,
71,Player 1,3895,Marlborough Street,17,75,
71,Player 2,2698,Bow Street,11,228,
72,Player 1,3945,Fleet Street,18,25,
72,Player 2,2453,The Strand,10,83,
73,Player 1,3945,Piccadilly,18,25,
73,Player 1,3945,Chance,18,25,
73,Player 1,3945,Jail,18,25,
73,Player 2,2453,Go To Jail,10,83,
73,Player 2,2453,Jail,10,83,
74,Player 1,3945,Jail,18,25,
74,Player 2,2453,Jail,10,83,
75,Player 1,3945,Jail,18,25,
75,Player 2,2403,Marlborough Street,10,33,
76,Player 1,4095,Jail,18,75,
76,Player 2,2388,Trafalgar Square,10,18,
77,Player 1,4045,Vine Street,18,25,
77,Player 2,2388,Regent Street,10,18,
78,Player 1,4045,Regent Street,18,25,
78,Player 1,4045,Liverpool Street,18,25,
78,Player 1,4045,Jail,18,25,
78,Player 2,2388,Chance,10,18,
79,Player 1,4045,Jail,18,25,
79,Player 1,4045,Northumberland Avenue,18,25,
79,Player 2,2488,Super Tax,10,118,
79,Player 2,2588,Pentonville Road,10,218,
80,Player 1,4445,Vine Street,18,575,
80,Player 2,2503,Marlborough Street,10,133,
81,Player 1,5395,Chance,18,1525,
81,Player 1,5395,Mayfair,18,1525,
81,Player 2,2488,Chance,10,118,
82,Player 1,5595,Chance,18,1725,
82,Player 1,5595,Marylebone Station,18,1725,
82,Player 2,2588,Go To Jail,10,218,
82,Player 2,2588,Jail,10,218,
83,Player 1,5545,Free Parking,18,1675,
83,Player 2,2588,Jail,10,218,
84,Player 1,5545,Water Works,18,1675,
84,Player 2,2538,Marylebone Station,10,168,
85,Player 1,5545,Bond Street,18,1675,
85,Player 2,2538,Trafalgar Square,10,168,
86,Player 1,5745,Community Chest,18,1875,
86,Player 2,2528,Coventry Street,10,158,
87,Player 1,5777,Pentonville Road,18,1907,
87,Player 2,2506,Chance,10,136,
88,Player 1,5777,Community Chest,18,1907,
88,Player 2,2686,Euston Road,10,316,
88,Player 2,2476,Vine Street,10,106,
89,Player 1,7337,Chance,18,3467,
89,Player 2,2151,Piccadilly,9,41,
89,Player 2,2187,Liverpool Street,9,77,
89,Player 2,2337,Old Kent Road,9,227,
90,Player 1,4541,Community Chest,19,261,
90,Player 2,2167,Pentonville Road,9,57,
91,Player 1,5218,Kings Cross Station,19,488,
91,Player 1,5218,Pall Mall,19,488,
91,Player 2,2182,Bow Street,9,72,
92,Player 1,6168,Marlborough Street,19,238,
92,Player 2,2187,Trafalgar Square,9,77,
92,Player 2,2187,Coventry Street,9,77,
93,Player 1,5343,Chance,19,763,
93,Player 1,5343,GO,19,763,
93,Player 2,2167,Super Tax,9,57,
94,Player 1,5343,Income Tax,19,763,
94,Player 2,2367,Chance,9,257,
94,Player 2,2367,Marylebone Station,9,257,
95,Player 1,5143,Chance,19,563,
95,Player 1,5143,Income Tax,19,563,
95,Player 2,2290,Trafalgar Square,9,180,
96,Player 1,4943,Whitehall ,19,363,
96,Player 2,2290,Oxford Street,9,180,
97,Player 1,4943,Free Parking,19,363,
97,Player 2,2490,Community Chest,9,380,
97,Player 2,2440,Pentonville Road,9,330,
98,Player 1,5543,Coventry Street,19,963,
98,Player 2,2180,Marlborough Street,9,70,
99,Player 1,6493,Community Chest,19,1913,
99,Player 1,6493,Electric Company ,19,1913,
99,Player 2,2185,Trafalgar Square,9,75,
100,Player 1,6493,Vine Street,19,1913,
100,Player 2,2185,Water Works,9,75,
101,Player 1,6533,Water Works,19,1953,
101,Player 2,2145,Chance,9,35,
102,Player 1,6533,Oxford Street,19,1953,
102,Player 2,2330,Whitechapel Road,9,220,
103,Player 1,6983,Liverpool Street,19,2403,
103,Player 2,2220,Pall Mall,9,110,
104,Player 1,7183,Income Tax,19,2603,
104,Player 2,2220,Community Chest,9,110,
105,Player 1,6983,Chance,19,2403,
105,Player 1,6983,Pall Mall,19,2403,
105,Player 2,2120,Fleet Street,9,10,
106,Player 1,7001,Free Parking,19,2421,
106,Player 2,2182,Coventry Street,9,72,
106,Player 2,0,Coventry Street,0,0,
106,Player 2,0,Bond Street,0,0,
106,Player 2,0,Bond Street,0,0,
1,Player 3,1500,Chance,0,1500,
1,Player 2,1500,The Angel Islington,0,1500,
1,Player 1,1500,Electric Company ,0,1500,
1,Player 1,1500,Vine Street,1,1350,
2,Player 3,1350,Marylebone Station,0,1350,
2,Player 2,1500,Whitehall ,1,1400,
2,Player 1,1500,Coventry Street,2,1150,
3,Player 3,1240,Chance,1,1040,
3,Player 2,1500,Marlborough Street,2,1260,
3,Player 1,1500,Bond Street,3,890,
4,Player 3,1390,Oxford Street,1,1190,
4,Player 2,1500,Leicester Square,3,1080,
4,Player 1,1700,Old Kent Road,4,770,
5,Player 3,1390,Park Lane,2,890,
5,Player 2,1500,Super Tax,4,820,
5,Player 2,1600,Whitechapel Road,4,920,
5,Player 1,1640,Euston Road,4,710,
6,Player 3,1590,Chance,3,740,
6,Player 3,1590,Jail,3,740,
6,Player 2,1060,Whitehall ,6,260,
6,Player 1,1640,Northumberland Avenue,5,610,
7,Player 3,1590,Jail,3,740,
7,Player 2,1060,Community Chest,6,260,
7,Player 1,1640,Community Chest,6,450,
8,Player 3,1540,Marylebone Station,3,690,
8,Player 2,960,Chance,6,160,
8,Player 1,1690,Trafalgar Square,6,500,
9,Player 3,1540,Trafalgar Square,3,690,
9,Player 2,1060,Leicester Square,6,260,
9,Player 2,1060,Liverpool Street,6,260,
9,Player 1,1710,Bond Street,7,280,
10,Player 3,1580,Oxford Street,4,530,
10,Player 2,1260,Community Chest,6,460,
10,Player 1,1910,Income Tax,7,480,
10,Player 1,1719,Electric Company ,7,289,
11,Player 3,1780,GO,4,730,
11,Player 2,960,Euston Road,6,60,
11,Player 1,1725,Free Parking,7,295,
12,Player 3,1780,Jail,4,730,
12,Player 2,954,Electric Company ,6,54,
12,Player 1,1741,Leicester Square,7,311,
13,Player 3,1780,Free Parking,4,730,
13,Player 2,960,Vine Street,6,60,
13,Player 1,1735,Chance,7,305,
13,Player 1,1735,Mayfair,7,305,
14,Player 3,1980,Chance,5,330,
14,Player 3,2030,Water Works,5,380,
14,Player 2,944,Leicester Square,6,44,
14,Player 1,1935,Pentonville Road,7,505,
15,Player 3,2030,Bond Street,6,230,
15,Player 2,944,Oxford Street,6,44,
15,Player 1,1963,Marlborough Street,8,413,
16,Player 3,2228,Income Tax,6,428,
16,Player 2,932,Chance,6,32,
16,Player 2,932,Marylebone Station,6,32,
16,Player 2,932,Vine Street,6,32,
16,Player 1,1965,Water Works,8,415,
17,Player 3,2118,Pentonville Road,6,318,
17,Player 2,916,Leicester Square,6,16,
17,Player 1,1933,Liverpool Street,8,383,
18,Player 3,2160,Bow Street,6,360,
18,Player 2,916,Chance,6,16,
18,Player 1,1892,Mayfair,9,162,
18,Player 1,1967,Kings Cross Station,9,237,
19,Player 3,2330,Trafalgar Square,7,330,
19,Player 2,1146,GO,6,246,
19,Player 1,1987,Pentonville Road,9,257,
20,Player 3,2310,Coventry Street,7,310,
20,Player 2,1091,Euston Road,6,191,
20,Player 1,1933,Northumberland Avenue,9,203,
21,Player 3,2288,Community Chest,7,288,
21,Player 2,1085,Bow Street,6,185,
21,Player 1,1947,Fleet Street,9,217,
22,Player 3,2676,Whitechapel Road,8,456,
22,Player 2,1521,Fleet Street,6,621,
22,Player 1,1947,Oxford Street,9,217,
23,Player 3,2252,Electric Company ,8,32,
23,Player 2,1521,Go To Jail,6,621,
23,Player 2,1521,Jail,6,621,
23,Player 1,1957,Mayfair,9,227,
24,Player 3,2516,Marlborough Street,8,296,
24,Player 2,1535,Jail,6,635,
24,Player 1,1957,Income Tax,9,227,
25,Player 3,2502,Fenchurch St Station,8,282,
25,Player 2,1495,Community Chest,7,395,
25,Player 2,1495,Jail,7,395,
25,Player 1,1762,Whitehall ,9,32,
26,Player 3,2502,Go To Jail,8,282,
26,Player 3,2502,Jail,8,282,
26,Player 2,1505,Jail,7,405,
26,Player 1,1752,Marlborough Street,9,22,
27,Player 3,2502,Jail,8,282,
27,Player 2,1469,Marylebone Station,7,369,
27,Player 1,1738,Leicester Square,9,8,
28,Player 3,2552,Chance,8,332,
28,Player 3,2527,Water Works,8,307,
28,Player 3,2527,Oxford Street,8,307,
28,Player 2,1391,Free Parking,7,291,
28,Player 1,1791,Community Chest,9,61,
29,Player 3,2527,Super Tax,8,307,
29,Player 2,1391,Coventry Street,7,291,
29,Player 1,1763,Mayfair,9,33,
30,Player 3,2717,Income Tax,8,497,
30,Player 2,1369,Liverpool Street,7,269,
30,Player 2,1469,Kings Cross Station,7,369,
30,Player 1,1938,Community Chest,9,208,
30,Player 1,1938,Old Kent Road,9,208,
31,Player 3,2596,Jail,8,376,
31,Player 3,2596,Bow Street,8,376,
31,Player 2,1619,Whitehall ,7,519,
31,Player 1,1777,Chance,9,47,
31,Player 1,1777,GO,9,47,
32,Player 3,2582,Leicester Square,8,362,
32,Player 2,1641,Chance,7,541,
32,Player 2,1641,Fenchurch St Station,7,541,
32,Player 1,1777,Euston Road,9,47,
33,Player 3,2560,Go To Jail,8,340,
33,Player 3,2560,Jail,8,340,
33,Player 2,1641,Piccadilly,7,541,
33,Player 1,1777,Marylebone Station,9,47,
34,Player 3,2660,Jail,8,240,
34,Player 2,1641,Park Lane,8,261,
34,Player 1,1752,Fleet Street,9,22,
34,Player 1,1734,Regent Street,9,4,
35,Player 3,3073,Free Parking,9,353,
35,Player 3,3073,Water Works,9,353,
35,Player 2,1666,Income Tax,8,286,
35,Player 1,1734,Park Lane,9,4,
35,Player 1,1934,The Angel Islington,9,204,
36,Player 3,3248,Liverpool Street,9,328,
36,Player 2,1506,Marylebone Station,8,126,
36,Player 1,1928,Jail,9,198,
36,Player 1,1928,Vine Street,9,198,
37,Player 3,3548,Income Tax,9,428,
37,Player 2,1406,Trafalgar Square,8,26,
37,Player 1,1948,Piccadilly,9,218,
38,Player 3,3348,Electric Company ,9,228,
38,Player 2,1408,Coventry Street,8,28,
38,Player 1,1980,Liverpool Street,9,250,
39,Player 3,3416,Fleet Street,9,296,
39,Player 2,1386,Community Chest,8,6,
39,Player 1,2080,Community Chest,9,350,
40,Player 3,3416,Piccadilly,9,296,
40,Player 2,1608,Park Lane,8,228,
40,Player 1,2023,Pentonville Road,9,293,
41,Player 3,3894,Bond Street,9,374,
41,Player 2,1648,GO,8,268,
41,Player 1,2051,Northumberland Avenue,9,321,
42,Player 3,3866,Park Lane,9,346,
42,Player 2,1593,Kings Cross Station,8,213,
42,Player 1,2051,Chance,9,321,
42,Player 1,2051,Vine Street,9,321,
43,Player 3,4166,The Angel Islington,9,446,
43,Player 2,1499,Euston Road,8,119,
43,Player 1,2057,Go To Jail,9,327,
43,Player 1,2057,Jail,9,327,
44,Player 3,4160,Marylebone Station,9,240,
44,Player 2,1493,Marylebone Station,8,113,
44,Player 1,2057,Jail,9,327,
45,Player 3,4260,Fleet Street,9,340,
45,Player 2,1393,Leicester Square,8,13,
45,Player 1,2007,Whitehall ,9,277,
46,Player 3,4260,Piccadilly,9,340,
46,Player 2,1415,Oxford Street,8,35,
46,Player 1,2007,Fleet Street,9,277,
47,Player 3,4282,Super Tax,9,362,
47,Player 2,1589,Old Kent Road,8,209,
47,Player 1,1989,Leicester Square,9,259,
48,Player 3,4382,Income Tax,9,462,
48,Player 2,1589,Pall Mall,8,209,
48,Player 2,1589,Marlborough Street,8,209,
48,Player 1,2003,Liverpool Street,10,133,
49,Player 3,4282,Northumberland Avenue,9,362,
49,Player 3,4270,Marlborough Street,9,350,
49,Player 2,1589,Free Parking,8,209,
49,Player 2,1589,Piccadilly,8,209,
49,Player 1,2115,Income Tax,10,245,
50,Player 3,4270,The Strand,9,350,
50,Player 2,1589,Bond Street,8,209,
50,Player 1,1943,Pentonville Road,10,73,
51,Player 3,4380,Fenchurch St Station,10,240,
51,Player 2,1786,Income Tax,8,406,
51,Player 1,1943,Vine Street,10,73,
52,Player 3,4355,Liverpool Street,10,215,
52,Player 2,1608,Pall Mall,8,228,
52,Player 1,1953,Leicester Square,10,83,
53,Player 3,4555,Community Chest,10,415,
53,Player 3,4555,GO,10,415,
53,Player 2,1598,Marlborough Street,8,218,
53,Player 1,1953,Regent Street,10,83,
54,Player 3,4460,Jail,10,320,
54,Player 3,4460,Community Chest,10,320,
54,Player 2,1588,Leicester Square,8,208,
54,Player 1,1917,Chance,10,47,
55,Player 3,4480,Trafalgar Square,10,340,
55,Player 2,1588,Chance,8,208,
55,Player 2,1588,Pall Mall,8,208,
55,Player 1,2132,Old Kent Road,10,262,
56,Player 3,4460,Piccadilly,10,320,
56,Player 2,1674,Free Parking,8,294,
56,Player 1,1882,Income Tax,10,12,
57,Player 3,4438,Community Chest,10,298,
57,Player 2,1674,Leicester Square,8,294,
57,Player 1,1882,Electric Company ,10,12,
58,Player 3,4648,GO,10,508,
58,Player 2,1674,Go To Jail,8,294,
58,Player 2,1674,Jail,8,294,
58,Player 1,1882,Marylebone Station,10,12,
59,Player 3,3148,Kings Cross Station,10,208,
59,Player 2,1674,Jail,8,294,
59,Player 1,1957,The Strand,10,87,
60,Player 3,3166,Pall Mall,10,226,
60,Player 2,1624,Electric Company ,8,244,
60,Player 2,1616,The Strand,8,236,
60,Player 1,1957,Regent Street,10,87,
61,Player 3,3200,Free Parking,10,260,
61,Player 2,1598,Piccadilly,8,218,
61,Player 1,1931,Park Lane,10,61,
61,Player 1,0,Park Lane,0,0,
62,Player 3,5049,Leicester Square,20,239,
62,Player 2,1598,Community Chest,8,218,
62,Player 2,1818,GO,8,438,
63,Player 3,5049,Piccadilly,20,239,
63,Player 2,1840,Whitechapel Road,8,460,
64,Player 3,5027,Community Chest,20,217,
64,Player 2,1840,Electric Company ,8,460,
65,Player 3,5267,GO,20,457,
65,Player 2,1750,Community Chest,8,370,
65,Player 2,1750,Water Works,8,370,
66,Player 3,5207,Euston Road,20,397,
66,Player 2,1700,Chance,8,320,
66,Player 2,1670,Whitechapel Road,8,290,
67,Player 3,5207,Bow Street,20,397,
67,Player 2,1670,Euston Road,8,290,
68,Player 3,5213,Fleet Street,20,203,
68,Player 2,1664,Pall Mall,8,284,
69,Player 3,5223,Coventry Street,20,213,
69,Player 3,5223,Piccadilly,20,213,
69,Player 3,5201,Bond Street,20,191,
69,Player 2,1676,Community Chest,8,296,
70,Player 3,5201,Super Tax,20,191,
70,Player 3,5301,Chance,20,291,
70,Player 2,1576,Fenchurch St Station,8,196,
71,Player 3,5151,Electric Company ,20,141,
71,Player 2,1576,Piccadilly,8,196,
72,Player 3,5151,Trafalgar Square,20,141,
72,Player 3,5151,Go To Jail,20,141,
72,Player 3,5151,Jail,20,141,
72,Player 2,1576,Bond Street,8,196,
73,Player 3,5301,Jail,20,291,
73,Player 2,1426,Super Tax,8,46,
73,Player 2,1626,Old Kent Road,8,246,
74,Player 3,5251,Community Chest,20,241,
74,Player 2,1626,Chance,8,246,
75,Player 3,5301,The Strand,20,291,
75,Player 2,1776,Marylebone Station,8,396,
76,Player 3,5401,Water Works,20,391,
76,Player 2,1676,Trafalgar Square,8,296,
77,Player 3,5441,Park Lane,20,231,
77,Player 2,1636,Bond Street,8,256,
78,Player 3,5791,Whitechapel Road,20,581,
78,Player 2,1993,GO,8,613,
78,Player 2,1993,Pentonville Road,8,613,
79,Player 3,5349,Euston Road,20,139,
79,Player 2,1985,Bow Street,8,605,
80,Player 3,5363,Marlborough Street,20,153,
80,Player 2,1985,Fleet Street,8,605,
81,Player 3,5385,Fleet Street,20,175,
81,Player 2,1949,Liverpool Street,8,569,
81,Player 2,2049,Old Kent Road,8,669,
81,Player 2,2049,Chance,8,669,
81,Player 2,2049,Jail,8,669,
82,Player 3,5485,Coventry Street,20,275,
82,Player 2,2049,Jail,8,669,
83,Player 3,5485,Mayfair,20,275,
83,Player 3,5685,Kings Cross Station,20,475,
83,Player 2,1999,Vine Street,8,619,
84,Player 3,5701,Pall Mall,20,291,
84,Player 3,5701,Free Parking,20,291,
84,Player 2,1983,Chance,8,603,
85,Player 3,5701,Go To Jail,20,291,
85,Player 3,5701,Jail,20,291,
85,Player 2,2083,Coventry Street,8,703,
86,Player 3,5723,Jail,20,313,
86,Player 2,2061,Go To Jail,8,681,
86,Player 2,2061,Jail,8,681,
87,Player 3,5673,Vine Street,20,263,
87,Player 2,2061,Jail,8,681,
88,Player 3,5673,Piccadilly,20,263,
88,Player 2,2033,Free Parking,8,653,
88,Player 2,2033,Oxford Street,8,653,
88,Player 2,1903,Mayfair,8,523,
88,Player 2,0,Mayfair,0,0,
