1,Player 1,1500,The Angel Islington,0,1500,
1,Player 1,1500,Electric Company ,1,1400,
1,Player 1,1500,Jail,2,1250,
1,Player 2,1500,Jail,0,1500,
1,Player 2,1500,Bow Street,0,1500,
2,Player 1,1418,Jail,2,1168,
2,Player 2,1500,Fleet Street,1,1320,
3,Player 1,1368,Community Chest,2,1118,
3,Player 1,1368,GO,2,1118,
3,Player 2,1379,Oxford Street,2,979,
4,Player 1,1368,Chance,2,1118,
4,Player 1,1368,Marylebone Station,2,1118,
4,Player 2,1379,Chance,3,679,
4,Player 2,1379,Marylebone Station,3,679,
5,Player 1,1393,Chance,3,943,
5,Player 2,1354,Coventry Street,3,654,
5,Player 2,1354,Bond Street,4,394,
6,Player 1,1539,Water Works,4,769,
6,Player 2,1554,Kings Cross Station,4,594,
7,Player 1,1539,Go To Jail,5,619,
7,Player 1,1539,Jail,5,619,
7,Player 1,1539,Chance,5,619,
7,Player 1,1539,GO,5,619,
7,Player 1,1539,Jail,5,619,
7,Player 2,1554,Northumberland Avenue,5,394,
8,Player 1,1539,Jail,5,619,
8,Player 2,1554,Chance,6,234,
8,Player 2,1554,Vine Street,6,234,
9,Player 1,1549,The Strand,6,429,
9,Player 2,1554,Water Works,6,234,
10,Player 1,1727,Oxford Street,7,387,
10,Player 2,1490,Mayfair,6,170,
11,Player 1,1981,Park Lane,8,241,
11,Player 2,1690,The Angel Islington,6,370,
12,Player 1,2434,Income Tax,9,344,
12,Player 2,1684,Whitehall ,6,364,
13,Player 1,2234,Pentonville Road,9,144,
13,Player 2,1714,Community Chest,8,134,
13,Player 2,1664,Chance,8,84,
14,Player 1,2234,Community Chest,9,144,
14,Player 2,1664,Go To Jail,8,84,
14,Player 2,1664,Jail,8,84,
15,Player 1,2134,Leicester Square,9,44,
15,Player 2,1898,Jail,9,58,
16,Player 1,2134,Go To Jail,9,44,
16,Player 1,2134,Jail,9,44,
16,Player 2,1848,Marlborough Street,9,8,
16,Player 2,1848,Fenchurch St Station,9,8,
17,Player 1,2296,Jail,10,26,
17,Player 2,1848,Oxford Street,9,8,
18,Player 1,2296,Jail,10,26,
18,Player 2,2048,Income Tax,9,208,
18,Player 2,1848,Whitehall ,9,8,
19,Player 1,2296,Jail,10,26,
19,Player 2,1848,Marlborough Street,9,8,
20,Player 1,2310,Jail,10,40,
20,Player 2,1924,Go To Jail,9,84,
20,Player 2,1924,Jail,9,84,
21,Player 1,2310,Whitehall ,10,40,
21,Player 2,1934,Jail,9,94,
22,Player 1,2300,Chance,10,30,
22,Player 1,2300,Pall Mall,10,30,
22,Player 2,2003,Whitehall ,10,23,
23,Player 1,2300,Bow Street,10,30,
23,Player 2,2003,Free Parking,10,23,
24,Player 1,2300,Free Parking,10,30,
24,Player 2,2003,Leicester Square,10,23,
25,Player 1,2300,Leicester Square,10,30,
25,Player 1,2278,Park Lane,10,8,
25,Player 2,2025,Water Works,10,45,
25,Player 2,2005,Chance,10,25,
25,Player 2,1985,Mayfair,10,5,
26,Player 1,2548,Euston Road,10,278,
26,Player 2,2225,Euston Road,10,245,
27,Player 1,2554,Whitehall ,11,184,
27,Player 2,2239,Marylebone Station,10,259,
28,Player 1,2559,Fenchurch St Station,11,189,
28,Player 1,2559,Oxford Street,11,189,
28,Player 2,2350,Free Parking,11,170,
29,Player 1,2533,Super Tax,11,163,
29,Player 2,2350,Leicester Square,11,170,
30,Player 1,2633,Euston Road,11,263,
30,Player 1,2633,Marlborough Street,11,263,
30,Player 2,2350,Community Chest,11,170,
31,Player 1,2633,Fleet Street,11,263,
31,Player 2,2393,Park Lane,11,213,
32,Player 1,2650,Go To Jail,11,280,
32,Player 1,2650,Jail,11,280,
32,Player 2,2558,Community Chest,11,378,
33,Player 1,2650,Jail,11,280,
33,Player 2,2559,Electric Company ,11,379,
34,Player 1,2700,Whitehall ,11,330,
34,Player 2,2479,Vine Street,11,299,
35,Player 1,2696,Marylebone Station,11,326,
35,Player 1,2696,Fleet Street,11,326,
35,Player 1,2678,Piccadilly,11,308,
35,Player 2,2607,Leicester Square,12,147,
36,Player 1,2678,Community Chest,11,308,
36,Player 1,2678,Electric Company ,11,308,
36,Player 2,2607,Bond Street,12,147,
37,Player 1,2706,Chance,11,336,
37,Player 2,2579,Super Tax,12,119,
37,Player 2,2679,Kings Cross Station,12,219,
38,Player 1,2735,Community Chest,11,365,
38,Player 2,2679,Pall Mall,12,219,
38,Player 2,2679,Marylebone Station,12,219,
39,Player 1,2960,Liverpool Street,11,390,
39,Player 1,3240,Kings Cross Station,12,470,
39,Player 2,2704,Fleet Street,12,244,
39,Player 2,2704,Water Works,12,244,
40,Player 1,3240,Jail,12,270,
40,Player 2,2654,Regent Street,12,194,
41,Player 1,3420,Free Parking,13,150,
41,Player 2,2654,Super Tax,12,194,
42,Player 1,3420,Piccadilly,13,150,
42,Player 2,2754,The Angel Islington,12,294,
43,Player 1,3426,Bond Street,13,156,
43,Player 2,2748,Northumberland Avenue,12,288,
44,Player 1,3626,Whitechapel Road,13,356,
44,Player 2,2748,Free Parking,12,288,
45,Player 1,3626,The Angel Islington,14,296,
45,Player 2,2748,Piccadilly,12,288,
46,Player 1,3626,Pall Mall,14,296,
46,Player 2,2768,Regent Street,12,308,
46,Player 2,2742,Park Lane,12,282,
47,Player 1,3807,Marlborough Street,14,277,
47,Player 2,2767,Old Kent Road,12,307,
48,Player 1,3807,Chance,14,277,
48,Player 1,3657,Oxford Street,14,127,
48,Player 1,3831,Whitechapel Road,14,301,
48,Player 2,2793,Chance,13,273,
48,Player 2,2793,Jail,13,273,
49,Player 1,3831,Jail,14,301,
49,Player 2,2793,Jail,13,273,
50,Player 1,3831,Bow Street,14,301,
50,Player 2,2757,Marylebone Station,13,237,
51,Player 1,3867,Chance,14,337,
51,Player 2,2707,Chance,13,187,
51,Player 2,2707,Mayfair,13,187,
52,Player 1,4027,Piccadilly,15,237,
52,Player 2,2727,Jail,12,267,
53,Player 1,4027,Park Lane,15,237,
53,Player 2,2727,Bow Street,12,267,
54,Player 1,4227,Kings Cross Station,15,437,
54,Player 2,2777,Chance,12,317,
55,Player 1,4177,Pall Mall,15,387,
55,Player 2,2782,Go To Jail,12,322,
55,Player 2,2782,Jail,12,322,
56,Player 1,4157,Marylebone Station,15,367,
56,Player 1,4157,Leicester Square,15,367,
56,Player 2,2727,Jail,12,267,
57,Player 1,4113,Community Chest,15,323,
57,Player 2,2677,Marlborough Street,12,217,
58,Player 1,4377,Old Kent Road,15,587,
58,Player 2,2663,Fenchurch St Station,12,203,
59,Player 1,4377,Euston Road,15,387,
59,Player 2,2663,Regent Street,12,203,
59,Player 2,2637,Liverpool Street,12,177,
60,Player 1,4453,Electric Company ,15,263,
60,Player 1,4453,Chance,15,263,
60,Player 1,4303,Fenchurch St Station,15,113,
60,Player 2,2837,Whitechapel Road,12,377,
61,Player 1,4257,Bond Street,15,67,
61,Player 2,2833,Chance,12,373,
61,Player 2,2833,Marylebone Station,12,373,
61,Player 2,2783,Marlborough Street,12,323,
62,Player 1,4521,Old Kent Road,15,331,
62,Player 2,2769,Leicester Square,12,309,
63,Player 1,4521,Pentonville Road,15,331,
63,Player 2,2777,Community Chest,12,317,
64,Player 1,4513,Marylebone Station,15,323,
64,Player 2,2787,Mayfair,12,327,
65,Player 1,4833,Fleet Street,16,323,
65,Player 2,2557,Income Tax,11,217,
66,Player 1,4767,Piccadilly,16,257,
66,Player 2,2357,Jail,11,17,
66,Player 2,2357,Marlborough Street,11,17,
67,Player 1,4781,Oxford Street,16,271,
67,Player 2,2343,Coventry Street,11,3,
68,Player 1,4781,Mayfair,16,271,
68,Player 2,2343,Oxford Street,11,3,
69,Player 1,4981,Chance,16,471,
69,Player 1,4981,Marylebone Station,16,471,
69,Player 2,2543,Old Kent Road,11,203,
70,Player 1,4983,Marlborough Street,16,273,
70,Player 2,2541,Jail,11,201,
71,Player 1,4983,Trafalgar Square,16,273,
71,Player 2,2541,Marlborough Street,11,201,
72,Player 1,5117,Go To Jail,17,167,
72,Player 1,5117,Jail,17,167,
72,Player 2,2527,Coventry Street,11,187,
73,Player 1,5117,Jail,17,167,
73,Player 2,2527,Chance,11,187,
74,Player 1,5067,The Strand,17,117,
74,Player 2,2777,GO,11,437,
74,Player 2,2777,The Angel Islington,11,437,
74,Player 2,2765,Whitehall ,11,425,
75,Player 1,5079,Coventry Street,17,129,
75,Player 2,2611,Marlborough Street,11,271,
76,Player 1,5093,Bond Street,17,143,
76,Player 2,2597,Chance,11,257,
76,Player 2,2597,GO,11,257,
77,Player 1,5093,Mayfair,17,143,
77,Player 2,2597,The Angel Islington,11,257,
78,Player 1,5305,Income Tax,17,355,
78,Player 2,2585,Pall Mall,11,245,
79,Player 1,5105,Jail,17,155,
79,Player 2,2585,Community Chest,11,245,
80,Player 1,5105,Marlborough Street,17,155,
80,Player 1,5105,Fenchurch St Station,17,155,
80,Player 2,2567,Chance,11,227,
80,Player 2,2567,Vine Street,11,227,
81,Player 1,5071,Liverpool Street,17,121,
81,Player 2,2551,Chance,11,211,
82,Player 1,5271,Income Tax,17,321,
82,Player 2,2551,Coventry Street,11,211,
83,Player 1,5071,Pall Mall,17,121,
83,Player 2,2571,Community Chest,11,231,
84,Player 1,5041,Whitehall ,17,91,
84,Player 1,5021,Marlborough Street,17,71,
84,Player 2,2801,Community Chest,11,461,
85,Player 1,5021,Fleet Street,17,71,
85,Player 2,2652,Electric Company ,11,312,
86,Player 1,5121,Piccadilly,17,171,
86,Player 2,2552,Bow Street,11,212,
87,Player 1,5121,Park Lane,17,171,
87,Player 2,2552,Fleet Street,11,212,
88,Player 1,5321,Kings Cross Station,17,371,
88,Player 2,2602,Water Works,11,262,
89,Player 1,5321,Whitehall ,17,371,
89,Player 2,2772,GO,11,432,
89,Player 2,2772,Jail,11,432,
90,Player 1,5301,The Strand,17,351,
90,Player 1,5301,Fleet Street,17,351,
90,Player 1,5301,Bond Street,17,351,
90,Player 2,2662,Free Parking,11,322,
91,Player 1,5501,Kings Cross Station,17,551,
91,Player 2,2602,Go To Jail,11,262,
91,Player 2,2602,Jail,11,262,
92,Player 1,4651,Euston Road,17,301,
92,Player 2,2602,Jail,11,262,
93,Player 1,4651,Marylebone Station,17,301,
93,Player 2,2552,Electric Company ,11,212,
93,Player 2,2532,Vine Street,11,192,
94,Player 1,4687,Free Parking,17,337,
94,Player 2,2516,Fleet Street,11,176,
94,Player 2,2516,Piccadilly,11,176,
95,Player 1,4687,Leicester Square,17,337,
95,Player 2,2516,Mayfair,11,176,
95,Player 2,0,Mayfair,0,0,
1,Player 1,1500,Whitechapel Road,0,1500,
1,Player 2,1500,Chance,0,1500,
1,Player 2,1500,Jail,0,1500,
2,Player 1,1500,Euston Road,1,1440,
2,Player 2,1500,Jail,0,1500,
3,Player 1,1500,Marlborough Street,2,1340,
3,Player 2,1450,Marylebone Station,0,1450,
4,Player 1,1500,Leicester Square,3,1160,
4,Player 2,1450,Vine Street,1,1250,
5,Player 1,1500,Bond Street,4,900,
5,Player 2,1450,Fleet Street,2,1050,
5,Player 2,1450,Oxford Street,3,830,
6,Player 1,1700,Whitechapel Road,5,780,
6,Player 2,1650,GO,4,730,
7,Player 1,1524,The Angel Islington,5,604,
7,Player 2,1650,Chance,4,730,
7,Player 2,1650,Pall Mall,4,730,
8,Player 1,1524,Community Chest,6,504,
8,Player 1,1524,Old Kent Road,6,504,
8,Player 2,1650,Bow Street,5,590,
9,Player 1,1524,Euston Road,7,94,
9,Player 2,1650,Trafalgar Square,6,410,
10,Player 1,1524,Marlborough Street,7,94,
10,Player 2,1650,Water Works,7,170,
11,Player 1,1524,Leicester Square,7,94,
11,Player 2,1750,Park Lane,8,120,
12,Player 1,1524,Liverpool Street,7,94,
12,Player 2,2248,Income Tax,9,268,
13,Player 1,1884,Income Tax,8,254,
13,Player 2,2048,Pentonville Road,9,68,
14,Player 1,1780,Jail,9,30,
14,Player 1,1780,Vine Street,9,30,
14,Player 2,2064,Bow Street,9,84,
15,Player 1,1764,Trafalgar Square,9,14,
15,Player 2,2084,Marlborough Street,9,104,
15,Player 2,2070,Fenchurch St Station,9,90,
16,Player 1,1733,Chance,9,33,
16,Player 1,1938,Community Chest,9,288,
16,Player 2,2250,Go To Jail,10,70,
16,Player 2,2250,Jail,10,70,
17,Player 1,1884,Jail,9,234,
17,Player 2,2250,Jail,10,70,
18,Player 1,1884,Northumberland Avenue,9,234,
18,Player 1,2028,Chance,10,218,
18,Player 1,2028,Vine Street,10,218,
18,Player 2,2216,Bow Street,10,36,
19,Player 1,2012,Fenchurch St Station,10,202,
19,Player 2,2266,Coventry Street,10,86,
20,Player 1,2170,Piccadilly,11,100,
20,Player 2,2266,Oxford Street,10,86,
21,Player 1,2394,Chance,12,44,
21,Player 2,2466,GO,10,286,
22,Player 1,2694,Old Kent Road,12,344,
22,Player 2,2466,Pentonville Road,10,286,
23,Player 1,2710,Whitehall ,12,360,
23,Player 1,2710,Chance,13,220,
23,Player 1,2710,Mayfair,13,220,
23,Player 2,2710,The Strand,11,130,
23,Player 2,2710,Water Works,11,130,
24,Player 1,3042,The Angel Islington,14,332,
24,Player 2,2710,Super Tax,11,130,
24,Player 2,2810,GO,11,230,
24,Player 2,2810,Chance,11,230,
25,Player 1,3042,Whitehall ,14,332,
25,Player 2,2960,Marylebone Station,11,380,
26,Player 1,3042,Free Parking,14,332,
26,Player 2,2960,Free Parking,11,380,
27,Player 1,3042,Piccadilly,14,332,
27,Player 2,2960,Water Works,11,380,
28,Player 1,3042,Super Tax,14,332,
28,Player 2,2960,Liverpool Street,11,380,
29,Player 1,3167,Income Tax,14,457,
29,Player 2,3135,The Angel Islington,11,555,
30,Player 1,2979,Northumberland Avenue,14,269,
30,Player 2,3123,Northumberland Avenue,11,343,
31,Player 1,2991,Chance,14,281,
31,Player 1,2841,Water Works,14,131,
31,Player 2,3135,The Strand,11,355,
32,Player 1,2835,Super Tax,14,125,
32,Player 2,3117,Coventry Street,11,337,
33,Player 1,2935,Whitechapel Road,14,225,
33,Player 2,3117,Bond Street,11,337,
34,Player 1,2963,Northumberland Avenue,14,253,
34,Player 2,3289,Old Kent Road,11,509,
35,Player 1,3123,Chance,14,263,
35,Player 2,3129,Jail,11,349,
36,Player 1,3173,Oxford Street,14,313,
36,Player 2,3155,Whitehall ,11,375,
37,Player 1,3157,Mayfair,14,297,
37,Player 2,3145,Chance,11,365,
37,Player 2,3145,Fenchurch St Station,11,365,
38,Player 1,3357,Whitechapel Road,14,497,
38,Player 1,3357,Euston Road,14,497,
38,Player 2,3145,Chance,11,365,
39,Player 1,3214,Marylebone Station,14,354,
39,Player 2,3380,The Angel Islington,11,400,
40,Player 1,3176,Trafalgar Square,14,316,
40,Player 2,3388,Pall Mall,11,208,
41,Player 1,3156,Regent Street,14,296,
41,Player 2,3388,Marlborough Street,11,208,
42,Player 1,3350,Super Tax,15,190,
42,Player 2,3374,Trafalgar Square,11,194,
43,Player 1,3450,Community Chest,15,290,
43,Player 1,3450,GO,15,290,
43,Player 2,3374,Piccadilly,11,194,
44,Player 1,3450,Jail,15,290,
44,Player 2,3374,Chance,11,194,
45,Player 1,3450,Northumberland Avenue,15,290,
45,Player 2,3554,Income Tax,11,374,
46,Player 1,3450,Marlborough Street,15,290,
46,Player 2,3354,Electric Company ,11,174,
47,Player 1,3473,Fleet Street,16,163,
47,Player 2,3372,Chance,11,192,
47,Player 2,3372,Marylebone Station,11,192,
48,Player 1,3455,Bond Street,16,145,
48,Player 2,3372,Trafalgar Square,11,192,
49,Player 1,3455,Chance,16,145,
49,Player 1,3455,GO,16,145,
49,Player 1,3455,The Angel Islington,16,145,
49,Player 2,3372,Oxford Street,11,192,
50,Player 1,3455,Marylebone Station,16,145,
50,Player 2,3422,Super Tax,11,242,
51,Player 1,3405,Trafalgar Square,16,95,
51,Player 2,3542,Kings Cross Station,11,362,
52,Player 1,3385,Water Works,16,75,
52,Player 2,3558,Pall Mall,12,178,
52,Player 2,3558,Bow Street,12,178,
53,Player 1,3369,Regent Street,16,59,
53,Player 2,3558,Fleet Street,12,178,
54,Player 1,3369,Super Tax,16,59,
54,Player 2,3558,Bond Street,12,178,
55,Player 1,3597,Kings Cross Station,16,287,
55,Player 2,3830,Kings Cross Station,12,450,
56,Player 1,3497,Electric Company ,16,187,
56,Player 2,3830,Pentonville Road,12,250,
57,Player 1,3513,Trafalgar Square,16,203,
57,Player 1,3493,Coventry Street,16,183,
57,Player 2,3834,Marylebone Station,12,254,
57,Player 2,3834,Chance,12,254,
58,Player 1,3493,Community Chest,16,183,
58,Player 2,3734,Piccadilly,12,154,
59,Player 1,3793,GO,16,483,
59,Player 2,3734,Super Tax,12,154,
60,Player 1,3650,The Angel Islington,16,340,
60,Player 2,3834,Kings Cross Station,12,254,
61,Player 1,3650,Community Chest,16,340,
61,Player 2,3834,Northumberland Avenue,12,254,
62,Player 1,3562,Water Works,16,252,
62,Player 2,3866,Vine Street,12,286,
63,Player 1,3518,Chance,16,208,
63,Player 1,3518,Jail,16,208,
63,Player 2,3866,Coventry Street,12,286,
64,Player 1,3562,Jail,16,252,
64,Player 2,3822,Bond Street,12,242,
65,Player 1,3540,Community Chest,16,230,
65,Player 2,3994,Community Chest,12,414,
66,Player 1,3560,Fenchurch St Station,16,250,
66,Player 1,3460,Go To Jail,16,150,
66,Player 1,3460,Jail,16,150,
66,Player 2,4104,Jail,12,324,
67,Player 1,3460,Jail,16,150,
67,Player 2,4104,Marlborough Street,12,324,
67,Player 2,4090,Coventry Street,12,310,
68,Player 1,3468,The Strand,16,158,
68,Player 2,4046,Piccadilly,12,266,
68,Player 2,4046,Liverpool Street,12,266,
69,Player 1,3493,Water Works,16,183,
69,Player 2,4249,Whitechapel Road,12,469,
69,Player 2,4229,Electric Company ,12,449,
70,Player 1,3521,Liverpool Street,16,211,
70,Player 2,4193,Bow Street,12,213,
70,Player 2,4193,Chance,12,213,
70,Player 2,4193,Pall Mall,12,213,
71,Player 1,3721,Community Chest,16,411,
71,Player 2,4193,Chance,12,213,
72,Player 1,3671,Pall Mall,16,361,
72,Player 2,4063,Piccadilly,12,83,
73,Player 1,3661,Marylebone Station,16,351,
73,Player 1,3561,The Strand,16,251,
73,Player 2,4363,Old Kent Road,12,383,
73,Player 2,4203,Whitechapel Road,12,223,
73,Player 2,4183,The Angel Islington,12,203,
74,Player 1,3753,Fenchurch St Station,16,293,
74,Player 1,3653,Bond Street,16,193,
74,Player 2,4271,Bow Street,12,291,
75,Player 1,3853,Income Tax,16,393,
75,Player 2,4271,Leicester Square,12,291,
76,Player 1,3697,Jail,16,237,
76,Player 2,4227,Liverpool Street,12,247,
77,Player 1,3722,Bow Street,16,262,
77,Player 2,4416,Whitechapel Road,12,436,
77,Player 2,4396,Euston Road,12,416,
78,Player 1,3740,Fleet Street,16,280,
78,Player 2,4292,Pall Mall,12,312,
79,Player 1,3722,Fenchurch St Station,16,262,
79,Player 1,3622,Oxford Street,16,162,
79,Player 2,4418,Community Chest,12,238,
80,Player 1,3796,GO,16,336,
80,Player 1,3796,Euston Road,16,336,
80,Player 2,4443,Coventry Street,12,263,
81,Player 1,3906,Electric Company ,16,296,
81,Player 2,4333,Bond Street,12,153,
82,Player 1,3934,Free Parking,16,174,
82,Player 2,4505,Community Chest,12,325,
83,Player 1,3934,Water Works,16,174,
83,Player 2,4737,Pentonville Road,12,357,
84,Player 1,3918,Chance,16,158,
84,Player 1,3918,Community Chest,16,158,
84,Player 2,4721,Northumberland Avenue,12,341,
85,Player 1,4180,Income Tax,16,420,
85,Player 2,4709,The Strand,12,329,
86,Player 1,3998,Pall Mall,16,238,
86,Player 2,4701,Piccadilly,12,321,
87,Player 1,3988,Marlborough Street,16,228,
87,Player 2,4701,Park Lane,12,321,
88,Player 1,3988,Water Works,16,228,
88,Player 2,4941,Income Tax,12,561,
89,Player 1,3948,Community Chest,16,188,
89,Player 1,3948,Jail,16,188,
89,Player 2,4741,Pall Mall,12,361,
90,Player 1,3948,Jail,16,188,
90,Player 2,4741,Northumberland Avenue,12,361,
91,Player 1,3910,Bow Street,16,150,
91,Player 2,4743,Marlborough Street,12,363,
92,Player 1,3910,Marlborough Street,16,150,
92,Player 1,3910,Trafalgar Square,16,150,
92,Player 1,3890,Jail,16,130,
92,Player 2,4749,Trafalgar Square,12,369,
93,Player 1,3890,Jail,16,130,
93,Player 2,4749,Bond Street,12,369,
93,Player 2,4721,Super Tax,12,341,
94,Player 1,3868,Electric Company ,16,108,
94,Player 1,3868,Vine Street,16,108,
94,Player 2,4837,Kings Cross Station,12,457,
95,Player 1,3852,Water Works,16,92,
95,Player 2,4073,Pall Mall,12,293,
96,Player 1,3816,Chance,16,56,
96,Player 2,4073,Marlborough Street,12,293,
97,Player 1,4130,Income Tax,16,370,
97,Player 2,4059,Fenchurch St Station,12,279,
98,Player 1,3930,Euston Road,16,170,
98,Player 2,4059,Community Chest,12,279,
99,Player 1,3930,Whitehall ,16,170,
99,Player 2,4209,Income Tax,12,429,
100,Player 1,3930,Free Parking,16,170,
100,Player 2,4009,Bow Street,12,229,
100,Player 2,4009,The Strand,12,229,
101,Player 1,3948,Fleet Street,16,188,
101,Player 2,4009,Fenchurch St Station,12,229,
101,Player 2,4009,Water Works,12,229,
102,Player 1,3930,Regent Street,16,170,
102,Player 2,4009,Oxford Street,12,229,
102,Player 2,4009,Mayfair,12,229,
103,Player 1,4130,GO,16,370,
103,Player 2,4209,Pentonville Road,12,429,
104,Player 1,4146,Income Tax,16,236,
104,Player 2,3393,Northumberland Avenue,12,213,
105,Player 1,3958,Bow Street,16,48,
105,Player 1,3944,Fenchurch St Station,16,34,
105,Player 2,3495,Fenchurch St Station,12,315,
106,Player 1,3869,Regent Street,16,9,
106,Player 2,3495,Oxford Street,12,315,
107,Player 1,3869,Park Lane,16,9,
107,Player 1,3444,Mayfair,16,84,
107,Player 1,3644,Whitechapel Road,16,284,
107,Player 2,3425,Super Tax,13,95,
107,Player 2,3625,Community Chest,13,295,
108,Player 1,3341,The Angel Islington,15,131,
108,Player 2,3553,Electric Company ,13,223,
109,Player 1,3341,Northumberland Avenue,15,131,
109,Player 2,3553,The Strand,13,223,
110,Player 1,3341,Vine Street,15,131,
110,Player 2,3569,Piccadilly,13,239,
111,Player 1,3325,Chance,15,115,
111,Player 1,3325,Mayfair,15,115,
111,Player 1,0,Mayfair,0,0,
1,Player 2,1500,Jail,0,1500,
1,Player 2,1500,Northumberland Avenue,0,1500,
1,Player 2,1500,Chance,1,1340,
1,Player 2,1500,Vine Street,1,1340,
1,Player 1,1500,Chance,0,1500,
2,Player 2,1500,Trafalgar Square,2,1140,
2,Player 1,1600,Marylebone Station,0,1600,
3,Player 2,1368,Oxford Street,3,768,
3,Player 1,1490,Trafalgar Square,1,1290,
4,Player 2,1388,Super Tax,4,488,
4,Player 1,1470,Oxford Street,1,1270,
5,Player 2,1514,Income Tax,4,614,
5,Player 1,1644,Community Chest,1,1444,
5,Player 1,1644,GO,1,1444,
6,Player 2,1363,Pentonville Road,4,463,
6,Player 1,1644,Kings Cross Station,1,1444,
7,Player 2,1363,Vine Street,5,343,
7,Player 2,1363,Fenchurch St Station,5,343,
7,Player 1,1454,Euston Road,3,854,
8,Player 2,1363,Go To Jail,5,343,
8,Player 2,1363,Jail,5,343,
8,Player 1,1454,Marlborough Street,4,754,
9,Player 2,1363,Jail,5,343,
9,Player 1,1355,Fenchurch St Station,5,475,
10,Player 2,1313,Marylebone Station,5,293,
10,Player 1,1455,Go To Jail,5,575,
10,Player 1,1455,Jail,5,575,
11,Player 2,1213,Fleet Street,5,193,
11,Player 2,1213,Oxford Street,5,193,
11,Player 1,1554,Jail,6,454,
12,Player 2,1213,Mayfair,5,193,
12,Player 1,1804,Vine Street,7,304,
13,Player 2,1429,Income Tax,5,409,
13,Player 1,1788,Water Works,7,288,
14,Player 2,1287,Pentonville Road,5,267,
14,Player 1,1788,Chance,8,138,
14,Player 1,1788,Mayfair,8,138,
15,Player 2,1287,Bow Street,5,267,
15,Player 1,1988,Income Tax,8,338,
16,Player 2,1377,Leicester Square,6,177,
16,Player 2,1559,Go To Jail,7,99,
16,Player 2,1559,Jail,7,99,
16,Player 1,1790,Pentonville Road,8,140,
17,Player 2,1567,Jail,7,107,
17,Player 1,1782,Bow Street,8,132,
18,Player 2,1531,Marylebone Station,7,71,
18,Player 1,1868,Coventry Street,8,218,
19,Player 2,1511,Coventry Street,7,51,
19,Player 2,1511,Bond Street,7,51,
19,Player 1,2377,Regent Street,10,147,
20,Player 2,1511,Mayfair,7,51,
20,Player 1,2697,Super Tax,11,167,
21,Player 2,1661,Euston Road,7,201,
21,Player 1,2803,Kings Cross Station,11,273,
22,Player 2,1655,Bow Street,7,195,
22,Player 1,2803,Whitehall ,11,273,
23,Player 2,1655,Fleet Street,7,195,
23,Player 1,2842,Vine Street,12,172,
24,Player 2,1653,Leicester Square,7,193,
24,Player 1,2826,Fleet Street,12,156,
25,Player 2,1653,Bond Street,7,193,
25,Player 1,2854,Oxford Street,12,184,
26,Player 2,1651,Super Tax,7,191,
26,Player 2,1751,Community Chest,7,291,
26,Player 2,1851,Kings Cross Station,7,391,
26,Player 1,2928,Chance,12,258,
26,Player 1,3078,Mayfair,12,408,
27,Player 2,1751,Northumberland Avenue,7,291,
27,Player 1,3278,Kings Cross Station,12,608,
27,Player 1,3278,Jail,12,608,
28,Player 2,1751,Free Parking,7,291,
28,Player 1,3135,Marylebone Station,12,465,
29,Player 2,1751,Coventry Street,7,291,
29,Player 1,3157,The Strand,12,487,
30,Player 2,1729,Liverpool Street,7,269,
30,Player 2,1929,Community Chest,7,469,
30,Player 1,3227,Regent Street,14,137,
30,Player 1,3427,Community Chest,14,337,
31,Player 2,1741,The Angel Islington,7,281,
31,Player 2,1741,Whitehall ,8,181,
31,Player 1,3347,Pentonville Road,14,257,
32,Player 2,1739,Free Parking,8,179,
32,Player 1,3339,Marlborough Street,14,249,
33,Player 2,1739,Leicester Square,8,179,
33,Player 1,3339,Piccadilly,14,249,
34,Player 2,1739,Park Lane,8,179,
34,Player 1,3721,Old Kent Road,15,351,
34,Player 1,3721,Electric Company ,16,291,
35,Player 2,2186,Old Kent Road,9,276,
35,Player 2,2184,The Angel Islington,9,274,
35,Player 1,3723,Community Chest,17,143,
36,Player 2,2184,Pall Mall,9,274,
36,Player 1,3733,Trafalgar Square,17,153,
37,Player 2,2204,Marlborough Street,10,154,
37,Player 1,3727,Piccadilly,17,147,
38,Player 2,2190,Chance,10,140,
38,Player 1,3927,Old Kent Road,17,347,
38,Player 1,3927,Income Tax,17,347,
39,Player 2,2120,Regent Street,10,70,
39,Player 1,3753,Whitehall ,17,173,
40,Player 2,2094,Community Chest,10,44,
40,Player 2,2124,Mayfair,10,74,
40,Player 1,3803,Chance,17,223,
41,Player 2,2274,The Angel Islington,10,224,
41,Player 1,3853,Oxford Street,17,273,
42,Player 2,2300,Jail,10,250,
42,Player 1,3827,Mayfair,17,247,
43,Player 2,2300,Vine Street,10,250,
43,Player 1,4027,Pentonville Road,17,447,
44,Player 2,2308,Water Works,10,258,
44,Player 1,4109,Vine Street,17,529,
44,Player 1,4093,Coventry Street,17,513,
45,Player 2,2234,Bond Street,10,184,
45,Player 2,2406,Kings Cross Station,10,356,
45,Player 1,4321,Bond Street,17,741,
46,Player 2,2206,Bow Street,10,156,
46,Player 1,4521,Community Chest,17,941,
47,Player 2,2206,Trafalgar Square,10,156,
47,Player 1,4546,Pentonville Road,17,966,
48,Player 2,2214,Regent Street,10,164,
48,Player 1,4564,Marlborough Street,17,984,
49,Player 2,2388,Old Kent Road,10,338,
49,Player 2,2386,Euston Road,10,336,
49,Player 1,4572,Fenchurch St Station,17,992,
50,Player 2,2292,Bow Street,10,242,
50,Player 1,4572,Community Chest,17,992,
51,Player 2,2292,Trafalgar Square,10,242,
51,Player 2,2292,Bond Street,10,242,
51,Player 1,4800,Park Lane,17,1220,
52,Player 2,2499,Community Chest,10,449,
52,Player 1,4965,Income Tax,17,1385,
53,Player 2,2549,Chance,10,499,
53,Player 2,2549,Marylebone Station,10,499,
53,Player 1,4965,Pall Mall,17,1385,
54,Player 2,2359,Community Chest,10,309,
54,Player 2,2359,Jail,10,309,
54,Player 1,4955,Free Parking,17,1375,
55,Player 2,2359,Jail,10,309,
55,Player 1,4955,Fleet Street,17,1375,
56,Player 2,2309,Northumberland Avenue,10,259,
56,Player 2,2309,Free Parking,10,259,
56,Player 1,4955,Go To Jail,17,1375,
56,Player 1,4955,Jail,17,1375,
57,Player 2,2309,Water Works,10,259,
57,Player 1,5035,Jail,17,1455,
58,Player 2,2229,Chance,10,179,
58,Player 1,4985,Community Chest,17,1405,
59,Player 2,2414,Community Chest,10,364,
59,Player 1,4925,Vine Street,17,1345,
59,Player 1,4909,Coventry Street,17,1329,
60,Player 2,2440,Jail,10,390,
60,Player 1,4909,Bond Street,17,1329,
61,Player 2,2440,Marlborough Street,10,390,
61,Player 1,4923,Super Tax,17,1343,
62,Player 2,2426,Coventry Street,10,376,
62,Player 1,5045,Old Kent Road,17,1465,
63,Player 2,2404,Go To Jail,10,354,
63,Player 2,2404,Jail,10,354,
63,Player 1,5045,Euston Road,17,1465,
64,Player 2,2404,Jail,10,354,
64,Player 1,5045,Marylebone Station,17,1465,
65,Player 2,2354,Whitehall ,10,304,
65,Player 1,5055,Vine Street,17,1475,
65,Player 1,5039,Piccadilly,17,1459,
65,Player 1,5039,Jail,17,1459,
66,Player 2,2360,Trafalgar Square,10,310,
66,Player 1,5039,Jail,17,1459,
67,Player 2,2360,Bond Street,10,310,
67,Player 1,5017,Community Chest,17,1437,
67,Player 1,5017,Water Works,17,1437,
68,Player 2,2532,Community Chest,10,482,
68,Player 2,2532,Old Kent Road,10,482,
68,Player 1,5019,Liverpool Street,17,1439,
69,Player 2,2530,The Angel Islington,10,480,
69,Player 1,5219,Whitechapel Road,17,1639,
70,Player 2,2530,Marylebone Station,10,480,
70,Player 1,5019,Pall Mall,18,1279,
71,Player 2,2340,Leicester Square,10,290,
71,Player 1,5009,Northumberland Avenue,18,1269,
72,Player 2,2352,Bond Street,10,302,
72,Player 1,5025,Trafalgar Square,18,1285,
73,Player 2,2544,Old Kent Road,10,494,
73,Player 1,5255,Piccadilly,18,1515,
74,Player 2,2294,Pentonville Road,10,244,
74,Player 1,5255,Bond Street,18,1515,
75,Player 2,2294,Bow Street,10,244,
75,Player 1,5255,Super Tax,18,1515,
75,Player 1,5355,The Angel Islington,18,1615,
76,Player 2,2300,Fenchurch St Station,10,250,
76,Player 1,5549,Community Chest,18,1809,
77,Player 2,2100,Go To Jail,10,50,
77,Player 2,2100,Jail,10,50,
77,Player 1,5649,Fleet Street,18,1909,
78,Player 2,2100,Jail,10,50,
78,Player 2,2100,Free Parking,10,50,
78,Player 1,5649,Coventry Street,18,1909,
79,Player 2,2100,Piccadilly,10,50,
79,Player 1,5671,Chance,18,1931,
80,Player 2,2078,Oxford Street,10,28,
80,Player 1,5851,Old Kent Road,18,2111,
81,Player 2,2278,GO,10,228,
81,Player 1,5851,Euston Road,18,2111,
82,Player 2,2278,Electric Company ,10,228,
82,Player 2,2158,Vine Street,10,108,
82,Player 1,5971,Northumberland Avenue,18,2231,
83,Player 2,2170,Go To Jail,10,120,
83,Player 2,2170,Jail,10,120,
83,Player 1,5959,Trafalgar Square,18,2219,
83,Player 1,5939,Water Works,18,2199,
84,Player 2,2190,Jail,10,140,
84,Player 1,5939,Super Tax,18,2199,
85,Player 2,2140,Northumberland Avenue,10,90,
85,Player 1,6039,Whitechapel Road,18,2299,
86,Player 2,2140,Chance,10,90,
86,Player 2,2140,Marylebone Station,10,90,
86,Player 1,6239,Jail,18,2499,
87,Player 2,1880,Vine Street,9,70,
87,Player 1,4079,Marlborough Street,19,99,
88,Player 2,1880,Fleet Street,9,70,
88,Player 2,1844,Coventry Street,9,34,
88,Player 2,1822,Oxford Street,9,12,
88,Player 1,4137,Coventry Street,19,157,
89,Player 2,2022,Whitechapel Road,9,212,
89,Player 1,4587,Super Tax,19,157,
90,Player 2,1902,Northumberland Avenue,9,92,
90,Player 1,4687,Euston Road,19,257,
90,Player 1,4687,Marylebone Station,19,257,
91,Player 2,1902,The Strand,9,92,
91,Player 1,4777,Fleet Street,19,197,
92,Player 2,1812,Leicester Square,9,2,
92,Player 1,4777,Coventry Street,19,197,
93,Player 2,1812,Oxford Street,9,2,
93,Player 1,4777,Bond Street,19,197,
94,Player 2,1812,Park Lane,9,2,
94,Player 1,4977,Old Kent Road,19,397,
95,Player 2,2012,Community Chest,9,202,
95,Player 2,2012,GO,9,202,
95,Player 1,4977,The Angel Islington,19,247,
96,Player 2,2018,Kings Cross Station,9,208,
96,Player 1,5171,Pentonville Road,19,291,
97,Player 2,1826,Bow Street,9,16,
97,Player 1,5163,Community Chest,19,283,
98,Player 2,1826,Trafalgar Square,9,16,
98,Player 1,6013,Fenchurch St Station,19,383,
98,Player 1,6013,Community Chest,19,383,
99,Player 2,1911,Oxford Street,9,101,
99,Player 1,5913,Super Tax,19,283,
100,Player 2,1911,Super Tax,9,101,
100,Player 1,6013,The Angel Islington,19,383,
101,Player 2,2011,Euston Road,9,201,
101,Player 1,6019,Bow Street,19,239,
101,Player 1,6019,Chance,19,239,
101,Player 1,6019,GO,19,239,
101,Player 1,6019,The Angel Islington,19,239,
102,Player 2,1956,Marylebone Station,9,146,
102,Player 1,5613,Whitehall ,19,283,
103,Player 2,1836,Vine Street,9,26,
103,Player 1,5613,Free Parking,19,283,
104,Player 2,1836,Leicester Square,9,26,
104,Player 1,5613,Piccadilly,19,283,
105,Player 2,1836,Community Chest,9,26,
105,Player 1,5613,Bond Street,19,283,
106,Player 2,1856,Chance,9,46,
106,Player 1,5813,Whitechapel Road,19,483,
107,Player 2,2056,Old Kent Road,9,246,
107,Player 1,4863,Pall Mall,19,433,
107,Player 1,4853,Marlborough Street,19,423,
108,Player 2,1896,The Angel Islington,9,86,
108,Player 1,4853,The Strand,19,423,
109,Player 2,1896,Community Chest,9,86,
109,Player 1,4853,Piccadilly,19,423,
110,Player 2,1906,Leicester Square,9,96,
110,Player 1,4853,Bond Street,19,423,
111,Player 2,1906,Liverpool Street,9,96,
111,Player 1,5253,Community Chest,19,823,
112,Player 2,2086,GO,9,276,
112,Player 1,5203,The Angel Islington,19,773,
112,Player 1,5197,Marylebone Station,19,767,
113,Player 2,2026,Pall Mall,9,216,
113,Player 1,5197,Chance,19,767,
113,Player 1,5197,Jail,19,767,
114,Player 2,2026,The Strand,9,216,
114,Player 2,1811,Coventry Street,9,1,
114,Player 1,6269,Jail,19,1839,
115,Player 2,1869,Go To Jail,9,59,
115,Player 2,1869,Jail,9,59,
115,Player 1,6219,Marlborough Street,19,1789,
116,Player 2,1869,Jail,9,59,
116,Player 1,6219,Go To Jail,19,1789,
116,Player 1,6219,Jail,19,1789,
117,Player 2,1819,Community Chest,9,9,
117,Player 1,6219,Jail,19,1789,
118,Player 2,1844,Fleet Street,9,34,
118,Player 2,0,Fleet Street,0,0,
1,Player 2,1500,Pall Mall,0,1500,
1,Player 1,1500,Whitechapel Road,0,1500,
2,Player 2,1500,Chance,1,1360,
2,Player 2,1500,Pall Mall,1,1360,
2,Player 1,1500,Northumberland Avenue,1,1440,
3,Player 2,1500,Northumberland Avenue,1,1360,
3,Player 1,1512,Fenchurch St Station,2,1292,
4,Player 2,1488,Vine Street,1,1348,
4,Player 1,1402,Chance,3,982,
5,Player 2,1378,Chance,2,1038,
5,Player 1,1752,The Angel Islington,3,1332,
6,Player 2,1478,Piccadilly,2,1138,
6,Player 1,1697,Marylebone Station,4,1177,
7,Player 2,1478,Chance,3,858,
7,Player 2,1478,GO,3,858,
7,Player 1,1697,Marlborough Street,5,977,
8,Player 2,1478,Whitechapel Road,3,858,
8,Player 1,1602,Trafalgar Square,6,702,
9,Player 2,1474,Pall Mall,3,854,
9,Player 1,1470,Bond Street,7,330,
9,Player 1,1470,Mayfair,7,330,
10,Player 2,1834,Vine Street,5,494,
10,Player 1,1670,The Angel Islington,7,530,
11,Player 2,1834,Chance,5,494,
11,Player 2,1834,Jail,5,494,
11,Player 1,1670,Marylebone Station,7,530,
12,Player 2,1834,Jail,5,494,
12,Player 1,1670,Chance,7,530,
13,Player 2,1784,Marlborough Street,5,444,
13,Player 2,1770,The Strand,5,430,
13,Player 1,1545,Piccadilly,8,185,
14,Player 2,1792,Water Works,5,452,
14,Player 1,1523,Mayfair,8,163,
15,Player 2,1792,Chance,6,302,
15,Player 1,1723,Kings Cross Station,8,363,
15,Player 1,1723,Jail,9,163,
16,Player 2,1992,GO,6,502,
16,Player 2,1992,Kings Cross Station,6,502,
16,Player 1,1823,Marylebone Station,9,263,
17,Player 2,1892,Northumberland Avenue,6,402,
17,Player 1,1835,Free Parking,9,275,
18,Player 2,1880,Chance,6,390,
18,Player 2,1880,Mayfair,6,390,
18,Player 1,1835,Water Works,9,275,
19,Player 2,2112,Income Tax,6,622,
19,Player 1,1803,Park Lane,9,243,
20,Player 2,2125,Euston Road,7,285,
20,Player 1,2003,Whitechapel Road,9,443,
21,Player 2,2125,Pall Mall,8,185,
21,Player 1,1882,Whitehall ,9,322,
22,Player 2,2125,Chance,8,185,
22,Player 2,2125,Marylebone Station,8,185,
22,Player 1,1982,Chance,10,282,
22,Player 1,1982,Fenchurch St Station,10,282,
23,Player 2,2025,Leicester Square,8,85,
23,Player 1,2203,Piccadilly,11,243,
23,Player 1,2181,Liverpool Street,11,221,
24,Player 2,2047,Go To Jail,8,107,
24,Player 2,2047,Jail,8,107,
24,Player 1,2531,GO,12,371,
25,Player 2,2047,Jail,8,107,
25,Player 1,2531,Chance,12,371,
26,Player 2,1997,Vine Street,8,57,
26,Player 1,2581,Whitehall ,12,421,
27,Player 2,1997,Fleet Street,8,57,
27,Player 1,2768,Free Parking,13,238,
28,Player 2,1997,Bond Street,8,57,
28,Player 1,2768,Regent Street,13,238,
29,Player 2,2197,Old Kent Road,8,257,
29,Player 1,3023,Park Lane,14,193,
30,Player 2,2197,Pall Mall,9,197,
30,Player 1,3223,Income Tax,14,393,
31,Player 2,2197,The Strand,9,197,
31,Player 1,3059,Pentonville Road,14,229,
32,Player 2,2161,Piccadilly,9,161,
32,Player 1,3059,Pall Mall,15,109,
32,Player 1,3049,Community Chest,15,99,
32,Player 1,3049,GO,15,99,
33,Player 2,2171,Chance,9,171,
33,Player 1,3049,Chance,15,99,
34,Player 2,2371,Kings Cross Station,9,371,
34,Player 1,3163,Whitehall ,15,213,
35,Player 2,2171,Jail,9,171,
35,Player 1,3163,Vine Street,15,213,
36,Player 2,2187,Bow Street,9,187,
36,Player 1,3210,Trafalgar Square,16,80,
37,Player 2,2187,Marlborough Street,9,187,
37,Player 2,2173,Leicester Square,9,173,
37,Player 1,3246,Water Works,16,116,
38,Player 2,2167,Community Chest,9,167,
38,Player 2,2167,Old Kent Road,9,167,
38,Player 1,3230,Liverpool Street,16,100,
39,Player 2,2167,Pall Mall,9,167,
39,Player 1,3230,Super Tax,16,100,
40,Player 2,2167,Marlborough Street,9,167,
40,Player 1,3344,Income Tax,16,214,
41,Player 2,2153,Leicester Square,9,153,
41,Player 2,2131,Chance,9,131,
41,Player 2,2131,Community Chest,9,131,
41,Player 2,2141,Mayfair,9,141,
41,Player 1,3156,Bow Street,16,26,
41,Player 1,3156,Chance,16,26,
42,Player 2,2341,Euston Road,9,341,
42,Player 1,3141,Regent Street,16,11,
43,Player 2,2341,Vine Street,9,341,
43,Player 1,3341,Community Chest,16,211,
44,Player 2,2341,Trafalgar Square,9,341,
44,Player 1,3367,Jail,16,237,
45,Player 2,2241,Coventry Street,9,241,
45,Player 1,3367,Northumberland Avenue,16,237,
46,Player 2,2371,Oxford Street,10,111,
46,Player 1,3592,Trafalgar Square,17,162,
46,Player 1,3592,Regent Street,17,162,
47,Player 2,2571,Old Kent Road,10,311,
47,Player 1,3592,Chance,17,162,
47,Player 1,3592,Pall Mall,17,162,
48,Player 2,2581,Chance,10,321,
48,Player 1,3582,Bow Street,17,152,
49,Player 2,2731,Electric Company ,10,271,
49,Player 1,3582,Fleet Street,17,152,
50,Player 2,2731,The Strand,11,121,
50,Player 1,3618,Regent Street,17,188,
50,Player 1,3618,Liverpool Street,17,188,
50,Player 1,3818,Whitechapel Road,17,388,
51,Player 2,2695,Go To Jail,11,85,
51,Player 2,2695,Jail,11,85,
51,Player 1,3818,Jail,17,388,
52,Player 2,2695,Jail,11,85,
52,Player 1,3818,Northumberland Avenue,17,388,
53,Player 2,2645,Community Chest,11,35,
53,Player 1,3818,Vine Street,17,388,
54,Player 2,2681,Vine Street,11,71,
54,Player 2,2681,Fenchurch St Station,11,71,
54,Player 2,2651,Bond Street,11,41,
54,Player 1,3881,Leicester Square,17,151,
55,Player 2,2651,Mayfair,11,41,
55,Player 1,3881,Regent Street,17,151,
56,Player 2,2851,Kings Cross Station,11,241,
56,Player 1,4281,GO,17,401,
57,Player 2,2651,Pentonville Road,11,41,
57,Player 1,4289,Kings Cross Station,17,259,
58,Player 2,2643,Bow Street,11,33,
58,Player 1,4303,Bow Street,17,273,
59,Player 2,2629,The Strand,11,19,
59,Player 1,4393,Free Parking,17,213,
59,Player 1,4393,Coventry Street,17,213,
60,Player 2,2731,Piccadilly,11,121,
60,Player 1,4371,Liverpool Street,17,191,
61,Player 2,2731,Super Tax,11,121,
61,Player 1,4571,Community Chest,17,391,
62,Player 2,2831,Whitechapel Road,11,221,
62,Player 1,4625,Whitehall ,17,295,
63,Player 2,2827,Pall Mall,11,217,
63,Player 1,4625,The Strand,17,295,
64,Player 2,2827,Fleet Street,11,217,
64,Player 2,2647,Go To Jail,11,37,
64,Player 2,2647,Jail,11,37,
64,Player 1,4875,Community Chest,17,245,
64,Player 1,4775,Mayfair,17,145,
65,Player 2,2647,Jail,11,37,
65,Player 1,4975,Chance,17,345,
66,Player 2,2647,Jail,11,37,
66,Player 1,5075,Marylebone Station,17,295,
67,Player 2,2647,Jail,11,37,
67,Player 2,2647,Northumberland Avenue,11,37,
67,Player 1,5087,Chance,17,157,
67,Player 1,5087,GO,17,157,
68,Player 2,2635,The Strand,11,25,
68,Player 1,5457,Pentonville Road,17,377,
69,Player 2,2555,Go To Jail,11,145,
69,Player 2,2555,Jail,11,145,
69,Player 1,4857,Marlborough Street,17,227,
70,Player 2,2555,Jail,11,145,
70,Player 1,4857,Coventry Street,17,227,
71,Player 2,2527,Marylebone Station,11,117,
71,Player 1,4435,Oxford Street,17,255,
72,Player 2,2497,The Strand,11,87,
72,Player 1,4370,Community Chest,18,580,
73,Player 2,2482,Leicester Square,10,132,
73,Player 1,4002,The Angel Islington,18,112,
74,Player 2,2460,Regent Street,10,110,
74,Player 1,4028,Marylebone Station,18,138,
75,Player 2,2634,GO,10,284,
75,Player 1,4028,Trafalgar Square,18,138,
76,Player 2,2557,Chance,10,207,
76,Player 2,2557,Jail,10,207,
76,Player 1,4028,Regent Street,18,138,
77,Player 2,2557,Jail,10,207,
77,Player 1,4228,GO,18,338,
78,Player 2,2507,Vine Street,10,157,
78,Player 1,4228,Euston Road,18,338,
79,Player 2,2513,Leicester Square,10,163,
79,Player 1,4244,Whitehall ,18,354,
80,Player 2,2491,Bond Street,10,141,
80,Player 1,4244,The Strand,18,354,
81,Player 2,2691,GO,10,341,
81,Player 1,4244,Leicester Square,18,354,
82,Player 2,2609,Jail,10,259,
82,Player 2,2609,The Strand,10,259,
82,Player 1,4394,Liverpool Street,19,54,
83,Player 2,2379,Water Works,9,129,
83,Player 1,4594,Old Kent Road,19,254,
84,Player 2,2379,Liverpool Street,9,129,
84,Player 1,4794,Pentonville Road,19,254,
85,Player 2,2549,Community Chest,9,299,
85,Player 1,4794,Marlborough Street,19,254,
86,Player 2,2499,Euston Road,9,249,
86,Player 1,4994,Fleet Street,19,554,
87,Player 2,2269,Electric Company ,9,19,
87,Player 2,2269,Fleet Street,9,19,
87,Player 1,4384,Piccadilly,20,104,
88,Player 2,2129,Leicester Square,8,19,
88,Player 1,4406,Mayfair,20,126,
89,Player 2,2207,Bond Street,8,97,
89,Player 1,4606,Chance,20,326,
89,Player 1,4456,Bow Street,20,176,
90,Player 2,2407,Community Chest,8,297,
90,Player 1,4456,The Strand,20,176,
91,Player 2,2425,Electric Company ,8,315,
91,Player 2,2425,Marlborough Street,8,315,
91,Player 1,4470,Coventry Street,20,190,
92,Player 2,2411,The Strand,8,301,
92,Player 1,5443,Super Tax,20,163,
93,Player 2,2211,Leicester Square,8,101,
93,Player 1,5565,Chance,20,285,
94,Player 2,2189,Regent Street,8,79,
94,Player 1,6840,Electric Company ,20,110,
95,Player 2,2239,Mayfair,8,129,
95,Player 1,6790,Marlborough Street,20,60,
96,Player 2,2439,Income Tax,8,329,
96,Player 1,6790,Trafalgar Square,20,60,
97,Player 2,2239,Jail,8,129,
97,Player 1,6790,Piccadilly,20,60,
98,Player 2,2239,Marylebone Station,8,129,
98,Player 1,6990,Mayfair,20,260,
99,Player 2,2139,Chance,8,29,
99,Player 2,2139,Mayfair,8,29,
99,Player 1,7190,Chance,20,460,
99,Player 1,7190,Marylebone Station,20,460,
99,Player 1,7190,Fenchurch St Station,20,460,
100,Player 2,2339,Whitechapel Road,8,229,
100,Player 2,2119,Euston Road,8,9,
100,Player 1,5578,Community Chest,20,198,
101,Player 2,2169,Marlborough Street,8,59,
101,Player 2,2155,Go To Jail,8,45,
101,Player 2,2155,Jail,8,45,
101,Player 1,5392,Super Tax,20,112,
102,Player 2,2155,Jail,8,45,
102,Player 1,5492,Community Chest,20,212,
102,Player 1,5492,Electric Company ,20,212,
103,Player 2,2195,Jail,8,85,
103,Player 1,5452,Northumberland Avenue,20,172,
103,Player 1,5452,Fleet Street,20,172,
104,Player 2,2145,Vine Street,8,35,
104,Player 1,5452,Bond Street,20,172,
105,Player 2,2145,Piccadilly,8,35,
105,Player 1,5652,Community Chest,20,372,
105,Player 1,5652,Jail,20,372,
106,Player 2,2345,Old Kent Road,8,235,
106,Player 2,2195,Pentonville Road,8,85,
106,Player 1,5537,Jail,20,657,
107,Player 2,2195,Whitehall ,8,85,
107,Player 2,2120,Marylebone Station,8,10,
107,Player 2,2160,The Strand,8,50,
107,Player 1,5287,Marlborough Street,21,107,
107,Player 1,5287,Chance,21,107,
107,Player 1,5287,Fenchurch St Station,21,107,
108,Player 2,1965,Water Works,7,55,
108,Player 1,5287,Regent Street,21,107,
109,Player 2,1965,Liverpool Street,7,55,
109,Player 1,5487,Super Tax,21,307,
110,Player 2,2065,Mayfair,7,155,
110,Player 1,5587,Chance,21,407,
111,Player 2,2265,Chance,7,355,
111,Player 1,5527,Marylebone Station,21,347,
112,Player 2,2183,Bow Street,7,273,
112,Player 1,5597,Trafalgar Square,21,117,
113,Player 2,2113,Free Parking,7,203,
113,Player 1,5597,Piccadilly,21,117,
114,Player 2,2113,Trafalgar Square,7,203,
114,Player 1,6697,Oxford Street,21,817,
115,Player 2,1968,Piccadilly,7,58,
115,Player 1,6297,Mayfair,21,617,
116,Player 2,1968,Park Lane,7,58,
116,Player 1,6497,Whitechapel Road,21,817,
116,Player 1,6497,Euston Road,21,817,
117,Player 2,1968,Mayfair,7,58,
117,Player 2,2168,Old Kent Road,7,258,
117,Player 2,1918,Euston Road,7,8,
117,Player 1,7297,Whitehall ,21,1617,
118,Player 2,1943,Northumberland Avenue,7,33,
118,Player 2,1923,Vine Street,7,13,
118,Player 1,6117,Marlborough Street,22,117,
119,Player 2,1683,Coventry Street,6,93,
119,Player 1,6117,Fleet Street,22,117,
120,Player 2,1683,Regent Street,6,93,
120,Player 2,1631,Super Tax,6,41,
120,Player 1,6169,Leicester Square,22,169,
121,Player 2,1831,Income Tax,6,241,
121,Player 1,6169,Chance,22,169,
122,Player 2,1648,Pentonville Road,6,58,
122,Player 1,6773,Kings Cross Station,22,573,
123,Player 2,1638,Marlborough Street,6,48,
123,Player 1,7523,Electric Company ,22,723,
124,Player 2,1678,Trafalgar Square,6,88,
124,Player 2,0,Trafalgar Square,0,0,
1,Player 2,1500,Chance,0,1500,
1,Player 2,1500,Jail,0,1500,
1,Player 1,1500,Chance,0,1500,
2,Player 2,1500,Jail,0,1500,
2,Player 1,1350,Marylebone Station,0,1350,
3,Player 2,1450,Community Chest,0,1450,
3,Player 1,1350,Fleet Street,1,1150,
4,Player 2,1550,The Strand,0,1550,
4,Player 1,1350,Bond Street,2,930,
5,Player 2,1550,Water Works,1,1330,
5,Player 1,1550,Community Chest,3,810,
5,Player 1,1750,Pall Mall,3,1010,
6,Player 2,1550,Chance,2,1180,
6,Player 1,1750,Whitehall ,4,870,
6,Player 1,1750,Free Parking,5,730,
7,Player 2,1750,Chance,2,1380,
7,Player 2,1750,Mayfair,2,1380,
7,Player 1,1750,Regent Street,5,730,
8,Player 2,1950,Kings Cross Station,3,1180,
8,Player 1,1750,Park Lane,6,430,
9,Player 2,2027,Euston Road,5,307,
9,Player 1,1950,The Angel Islington,6,630,
10,Player 2,2027,Marylebone Station,6,207,
10,Player 1,1975,Marylebone Station,7,555,
11,Player 2,2002,Free Parking,6,182,
11,Player 1,1975,Free Parking,7,555,
12,Player 2,2002,Regent Street,6,182,
12,Player 1,2001,Coventry Street,7,581,
13,Player 2,1976,Park Lane,6,156,
13,Player 1,2001,Piccadilly,8,321,
13,Player 1,2211,Community Chest,9,251,
13,Player 1,2211,Electric Company ,9,251,
14,Player 2,2176,Old Kent Road,6,356,
14,Player 1,2255,Marlborough Street,10,145,
15,Player 2,2284,Chance,8,224,
15,Player 2,2284,Marylebone Station,8,224,
15,Player 2,2259,Free Parking,8,199,
15,Player 1,2280,Coventry Street,10,170,
16,Player 2,2259,Coventry Street,8,199,
16,Player 1,2302,Super Tax,10,192,
17,Player 2,2237,Mayfair,8,177,
17,Player 2,2437,Pentonville Road,8,377,
17,Player 2,2437,Free Parking,9,257,
17,Player 1,2402,Euston Road,10,292,
18,Player 2,2443,Trafalgar Square,9,263,
18,Player 1,2480,Whitehall ,11,130,
19,Player 2,2443,Water Works,9,263,
19,Player 1,2480,Community Chest,11,130,
19,Player 1,2480,Jail,11,130,
20,Player 2,2443,Bond Street,9,263,
20,Player 1,2508,Jail,11,158,
21,Player 2,2615,Old Kent Road,9,435,
21,Player 1,2458,Free Parking,11,108,
22,Player 2,2615,Pentonville Road,9,235,
22,Player 1,2458,Go To Jail,11,108,
22,Player 1,2458,Jail,11,108,
23,Player 2,2615,Marlborough Street,9,235,
23,Player 1,2458,Jail,11,108,
24,Player 2,2615,Fenchurch St Station,9,235,
24,Player 1,2408,Bow Street,11,58,
25,Player 2,2939,Bond Street,11,179,
25,Player 1,2436,Chance,11,86,
25,Player 1,2436,Fenchurch St Station,11,86,
26,Player 2,3161,Community Chest,11,401,
26,Player 2,3111,Kings Cross Station,11,351,
26,Player 1,2386,Go To Jail,11,36,
26,Player 1,2386,Jail,11,36,
27,Player 2,3111,Whitehall ,11,351,
27,Player 1,2396,Jail,11,46,
28,Player 2,3101,Marylebone Station,11,341,
28,Player 2,3076,Community Chest,11,316,
28,Player 2,3176,The Strand,11,416,
28,Player 1,2421,Jail,11,71,
29,Player 2,3176,Oxford Street,11,216,
29,Player 1,2371,Bow Street,11,21,
30,Player 2,3460,Mayfair,12,200,
30,Player 1,2357,Fleet Street,11,7,
31,Player 2,3660,Jail,12,400,
31,Player 1,2357,Coventry Street,11,7,
32,Player 2,3660,Bow Street,12,200,
32,Player 1,2357,Liverpool Street,11,7,
33,Player 2,3840,Marlborough Street,13,180,
33,Player 2,3840,Trafalgar Square,13,180,
33,Player 1,2577,Income Tax,11,227,
34,Player 2,3820,Water Works,13,160,
34,Player 1,2377,Chance,11,27,
35,Player 2,3820,Chance,13,160,
35,Player 1,2427,Electric Company ,11,77,
36,Player 2,3895,Community Chest,13,235,
36,Player 2,3895,GO,13,235,
36,Player 1,2427,The Strand,11,77,
37,Player 2,3913,Whitechapel Road,13,253,
37,Player 1,2409,Go To Jail,11,59,
37,Player 1,2409,Jail,11,59,
38,Player 2,3913,Chance,14,193,
38,Player 1,2409,Jail,11,59,
39,Player 2,3893,Northumberland Avenue,14,173,
39,Player 1,2359,Community Chest,11,9,
39,Player 1,2359,Old Kent Road,11,9,
40,Player 2,4039,Vine Street,15,159,
40,Player 1,2357,Chance,11,7,
40,Player 1,2357,Income Tax,11,7,
41,Player 2,4219,Fenchurch St Station,16,139,
41,Player 2,4219,Oxford Street,16,139,
41,Player 1,2357,Northumberland Avenue,11,7,
41,Player 1,2445,The Strand,11,95,
42,Player 2,4249,Liverpool Street,16,169,
42,Player 1,2427,Oxford Street,11,77,
43,Player 2,4475,Income Tax,16,395,
43,Player 1,2401,Mayfair,11,51,
43,Player 1,0,Mayfair,0,0,
1,Player 2,1500,Chance,0,1500,
1,Player 1,1500,Income Tax,0,1500,
1,Player 1,1350,Euston Road,0,1350,
2,Player 2,1550,Northumberland Avenue,0,1550,
2,Player 1,1350,Marlborough Street,1,1250,
3,Player 2,1550,Chance,1,1390,
3,Player 1,1350,Coventry Street,2,1070,
4,Player 2,1550,Coventry Street,1,1390,
4,Player 1,1372,Super Tax,3,832,
5,Player 2,1528,Regent Street,1,1368,
5,Player 1,1472,Chance,3,932,
6,Player 2,1528,Mayfair,2,1068,
6,Player 1,1472,Vine Street,3,932,
6,Player 1,1472,Chance,4,732,
6,Player 1,1472,Mayfair,4,732,
7,Player 2,1728,Community Chest,3,868,
7,Player 1,1552,The Angel Islington,4,812,
8,Player 2,1518,Pentonville Road,3,658,
8,Player 1,1552,Whitehall ,5,712,
9,Player 2,1518,Bow Street,4,538,
9,Player 1,1552,Bow Street,6,572,
10,Player 2,1433,Free Parking,5,273,
10,Player 1,1538,Fleet Street,6,558,
11,Player 2,1433,Leicester Square,5,273,
11,Player 1,1655,Regent Street,8,195,
12,Player 2,1459,Regent Street,5,299,
12,Player 1,1829,GO,8,369,
13,Player 2,1459,Super Tax,5,299,
13,Player 1,1829,Kings Cross Station,8,369,
14,Player 2,1559,Community Chest,5,399,
14,Player 1,1939,Marylebone Station,9,279,
15,Player 2,1819,Jail,6,459,
15,Player 1,1939,Chance,9,279,
15,Player 1,1939,Vine Street,9,279,
16,Player 2,1819,Community Chest,6,459,
16,Player 1,1939,Go To Jail,9,279,
16,Player 1,1939,Jail,9,279,
17,Player 2,1769,Fenchurch St Station,6,409,
17,Player 1,1939,Jail,9,279,
18,Player 2,1769,Piccadilly,7,209,
18,Player 1,2071,Electric Company ,10,131,
18,Player 1,2071,Trafalgar Square,10,131,
18,Player 1,2251,Piccadilly,11,71,
19,Player 2,1848,Mayfair,8,138,
19,Player 2,2048,The Angel Islington,8,338,
19,Player 1,2257,Liverpool Street,11,77,
19,Player 1,2457,Income Tax,11,277,
20,Player 2,2202,Marylebone Station,9,292,
20,Player 1,2257,Electric Company ,11,77,
21,Player 2,2234,Trafalgar Square,9,324,
21,Player 1,2225,Fleet Street,11,45,
22,Player 2,2234,Bond Street,9,324,
22,Player 1,2225,Liverpool Street,11,45,
22,Player 1,2465,Old Kent Road,11,285,
23,Player 2,2822,Whitechapel Road,10,592,
23,Player 1,2410,Electric Company ,12,170,
24,Player 2,2866,Jail,11,576,
24,Player 1,2366,Marlborough Street,12,126,
24,Player 1,2366,Leicester Square,12,126,
25,Player 2,2866,Community Chest,11,576,
25,Player 1,2306,Go To Jail,11,126,
25,Player 1,2306,Jail,11,126,
26,Player 2,2426,The Strand,12,76,
26,Player 2,2426,Water Works,12,76,
26,Player 1,2593,Jail,13,43,
27,Player 2,2426,Liverpool Street,12,76,
27,Player 1,2593,Jail,13,43,
28,Player 2,2426,Super Tax,12,76,
28,Player 1,2593,Jail,13,43,
29,Player 2,2626,Community Chest,12,276,
29,Player 1,2593,Jail,13,43,
30,Player 2,2676,Jail,12,326,
30,Player 1,2593,Vine Street,13,43,
31,Player 2,2676,Community Chest,12,326,
31,Player 1,2593,Trafalgar Square,13,43,
32,Player 2,2626,Leicester Square,12,276,
32,Player 1,2593,Water Works,13,43,
33,Player 2,2626,Community Chest,12,276,
33,Player 1,2593,Park Lane,13,43,
34,Player 2,3041,Community Chest,13,341,
34,Player 2,3041,Jail,13,341,
34,Player 1,2793,Whitechapel Road,13,243,
35,Player 2,3045,Jail,13,345,
35,Player 1,2789,Euston Road,13,239,
36,Player 2,2995,Community Chest,13,295,
36,Player 1,2789,Northumberland Avenue,13,239,
37,Player 2,3017,Trafalgar Square,13,317,
37,Player 1,2777,Fleet Street,13,227,
38,Player 2,3017,Regent Street,13,317,
38,Player 1,2777,Piccadilly,13,227,
38,Player 1,2777,Super Tax,13,227,
39,Player 2,3017,Park Lane,13,317,
39,Player 1,2877,Income Tax,13,327,
40,Player 2,3217,Whitechapel Road,13,517,
40,Player 1,2677,Pall Mall,13,127,
41,Player 2,3287,The Angel Islington,14,247,
41,Player 1,2683,Bow Street,13,133,
42,Player 2,3295,Electric Company ,14,255,
42,Player 1,2669,Fleet Street,13,119,
43,Player 2,3295,Bow Street,14,255,
43,Player 1,2669,Oxford Street,13,119,
44,Player 2,3535,Free Parking,15,195,
44,Player 1,2869,Old Kent Road,13,319,
45,Player 2,3537,Fenchurch St Station,15,197,
45,Player 1,2867,Income Tax,13,167,
46,Player 2,3537,Regent Street,15,197,
46,Player 1,2867,The Angel Islington,13,167,
46,Player 1,2867,Bow Street,13,167,
47,Player 2,3551,Liverpool Street,15,211,
47,Player 1,2853,The Strand,13,153,
48,Player 2,3751,The Angel Islington,15,411,
48,Player 1,2859,Water Works,13,159,
49,Player 2,3745,Northumberland Avenue,15,205,
49,Player 1,2859,Oxford Street,13,159,
50,Player 2,3797,Free Parking,15,257,
50,Player 2,3797,Piccadilly,15,257,
50,Player 1,2807,Park Lane,13,107,
51,Player 2,3972,Super Tax,15,232,
51,Player 1,2972,Kings Cross Station,13,272,
52,Player 2,4072,Income Tax,15,332,
52,Player 1,2917,Marylebone Station,13,217,
52,Player 1,2817,Chance,13,117,
53,Player 2,3972,Whitehall ,15,232,
53,Player 1,2977,Regent Street,13,277,
54,Player 2,4014,Marlborough Street,15,274,
54,Player 1,3125,Old Kent Road,13,425,
55,Player 2,4016,Leicester Square,15,276,
55,Player 1,3024,Euston Road,13,174,
56,Player 2,4016,Piccadilly,15,276,
56,Player 1,3024,Electric Company ,13,174,
57,Player 2,4032,Bond Street,15,292,
57,Player 1,3008,Chance,13,158,
58,Player 2,4232,Whitechapel Road,15,492,
58,Player 1,3108,Coventry Street,13,258,
59,Player 2,4232,Euston Road,15,292,
59,Player 1,3114,Liverpool Street,13,264,
59,Player 1,3214,GO,13,364,
60,Player 2,4326,Marlborough Street,15,386,
60,Player 2,4312,Fleet Street,15,372,
60,Player 1,3264,Pentonville Road,13,264,
61,Player 2,4284,Piccadilly,15,344,
61,Player 1,3256,Whitehall ,13,256,
61,Player 1,3256,Chance,13,256,
61,Player 1,3256,Jail,13,256,
62,Player 2,4284,Chance,15,344,
62,Player 2,4284,GO,15,344,
62,Player 1,3256,Jail,13,256,
63,Player 2,4284,Chance,15,344,
63,Player 2,4284,Pall Mall,15,344,
63,Player 1,3206,The Strand,13,206,
64,Player 2,4284,Chance,15,344,
64,Player 1,3206,Piccadilly,13,206,
65,Player 2,4264,Fenchurch St Station,15,324,
65,Player 1,3206,Community Chest,13,206,
65,Player 1,3206,GO,13,206,
66,Player 2,4264,Go To Jail,15,324,
66,Player 2,4264,Jail,15,324,
66,Player 1,3206,The Angel Islington,13,206,
67,Player 2,4264,Jail,15,324,
67,Player 1,3206,Marylebone Station,13,206,
68,Player 2,4314,Community Chest,15,374,
68,Player 1,3106,Trafalgar Square,13,106,
69,Player 2,4414,Leicester Square,15,274,
69,Player 1,3106,Regent Street,13,106,
70,Player 2,4466,Liverpool Street,15,326,
70,Player 1,3054,Super Tax,13,54,
71,Player 2,4666,Old Kent Road,15,526,
71,Player 1,3254,The Angel Islington,13,254,
72,Player 2,4666,Pentonville Road,15,326,
72,Player 1,3254,Bow Street,13,254,
72,Player 1,3240,Fenchurch St Station,13,240,
73,Player 2,4780,Free Parking,15,240,
73,Player 1,3140,Bond Street,13,140,
74,Player 2,4836,Water Works,15,296,
74,Player 1,3316,Old Kent Road,13,316,
75,Player 2,4806,Liverpool Street,15,266,
75,Player 1,3314,Electric Company ,13,164,
76,Player 2,5050,The Angel Islington,15,510,
76,Player 1,3276,Vine Street,13,126,
77,Player 2,5044,Pall Mall,15,304,
77,Player 1,3276,Piccadilly,13,126,
78,Player 2,5044,The Strand,15,304,
78,Player 1,3312,Bond Street,13,162,
79,Player 2,5064,Piccadilly,15,324,
79,Player 1,3456,Community Chest,13,306,
79,Player 1,3456,Electric Company ,13,306,
80,Player 2,5096,Chance,15,356,
80,Player 1,3424,Trafalgar Square,13,274,
80,Player 1,3424,Regent Street,13,274,
81,Player 2,4998,Mayfair,15,258,
81,Player 1,3372,Park Lane,13,222,
82,Player 2,5148,Kings Cross Station,16,258,
82,Player 2,5123,Electric Company ,16,233,
82,Player 1,2797,Whitechapel Road,12,247,
82,Player 1,2793,Jail,12,243,
83,Player 2,5127,Marlborough Street,16,237,
83,Player 1,2683,Bow Street,12,133,
83,Player 1,2669,Trafalgar Square,12,119,
84,Player 2,5141,Chance,16,251,
84,Player 2,5141,Fenchurch St Station,16,251,
84,Player 1,2669,Regent Street,12,119,
85,Player 2,5111,Coventry Street,16,221,
85,Player 2,5067,Oxford Street,16,177,
85,Player 1,2861,GO,12,311,
86,Player 2,5067,Super Tax,16,177,
86,Player 1,2784,Income Tax,12,234,
86,Player 1,2584,Pall Mall,12,34,
87,Player 2,5177,Whitechapel Road,16,287,
87,Player 1,2574,The Strand,12,24,
88,Player 2,5177,Electric Company ,16,287,
88,Player 1,2574,Go To Jail,12,24,
88,Player 1,2574,Jail,12,24,
89,Player 2,5177,Fleet Street,16,287,
89,Player 1,2574,Jail,12,24,
90,Player 2,5177,Piccadilly,16,287,
90,Player 1,2574,Jail,12,24,
91,Player 2,5177,Park Lane,16,287,
91,Player 1,2574,Jail,12,24,
92,Player 2,5377,Whitechapel Road,16,487,
92,Player 1,2574,Jail,12,24,
93,Player 2,4577,Pall Mall,16,287,
93,Player 1,2574,Marlborough Street,12,24,
94,Player 2,4577,Marlborough Street,16,287,
94,Player 1,2574,Leicester Square,12,24,
95,Player 2,4577,Fleet Street,16,287,
95,Player 1,2574,Community Chest,12,24,
96,Player 2,4577,Regent Street,16,287,
96,Player 1,2794,GO,12,244,
97,Player 2,4577,Super Tax,16,287,
97,Player 1,2794,Chance,12,244,
98,Player 2,4677,Income Tax,16,387,
98,Player 1,2779,Electric Company ,12,229,
99,Player 2,4527,Whitehall ,16,237,
99,Player 1,2739,Marlborough Street,12,189,
100,Player 2,4517,Community Chest,16,227,
100,Player 2,4542,Fenchurch St Station,16,252,
100,Player 1,2739,Chance,12,189,
100,Player 1,2739,Marylebone Station,12,189,
101,Player 2,4642,Community Chest,16,352,
101,Player 2,4642,Old Kent Road,16,352,
101,Player 2,4642,Kings Cross Station,16,352,
101,Player 1,2664,Leicester Square,12,114,
102,Player 2,4617,Electric Company ,16,327,
102,Player 1,2664,Regent Street,12,114,
103,Player 2,4669,Vine Street,16,379,
103,Player 1,2812,GO,12,262,
104,Player 2,4669,Fenchurch St Station,16,379,
104,Player 1,2812,Chance,12,262,
105,Player 2,4669,Liverpool Street,16,379,
105,Player 2,4869,Community Chest,16,579,
105,Player 1,2852,Electric Company ,12,152,
106,Player 2,4129,Pentonville Road,16,239,
106,Player 1,2802,Free Parking,12,102,
107,Player 2,4129,Marylebone Station,16,239,
107,Player 1,2802,Piccadilly,12,102,
108,Player 2,4129,The Strand,16,239,
108,Player 1,2802,Park Lane,12,102,
108,Player 1,0,Park Lane,0,0,
1,Player 2,1500,The Angel Islington,0,1500,
1,Player 1,1500,The Angel Islington,0,1500,
1,Player 1,1494,Northumberland Avenue,0,1494,
2,Player 2,1506,Bow Street,1,1406,
2,Player 1,1494,Free Parking,1,1334,
2,Player 1,1494,Fleet Street,1,1334,
3,Player 2,1506,The Strand,2,1226,
3,Player 1,1494,Bond Street,2,1114,
4,Player 2,1506,Piccadilly,3,1006,
4,Player 1,1694,Old Kent Road,3,994,
5,Player 2,1506,Chance,4,726,
5,Player 2,1506,Mayfair,4,726,
5,Player 1,1694,Pall Mall,4,934,
6,Player 2,1706,Euston Road,5,526,
6,Player 1,1694,Community Chest,5,794,
6,Player 1,1694,GO,5,794,
7,Player 2,1706,Marylebone Station,6,426,
7,Player 1,1694,Pentonville Road,5,794,
8,Player 2,1706,Fleet Street,7,226,
8,Player 1,1712,Northumberland Avenue,6,692,
9,Player 2,1688,Piccadilly,7,208,
9,Player 1,1712,Trafalgar Square,6,692,
9,Player 1,1712,Go To Jail,7,452,
9,Player 1,1712,Jail,7,452,
10,Player 2,1688,Bond Street,7,208,
10,Player 1,1608,Jail,7,348,
11,Player 2,1860,GO,7,380,
11,Player 1,1558,Free Parking,7,298,
12,Player 2,1750,Whitechapel Road,7,270,
12,Player 1,1558,Oxford Street,7,298,
12,Player 1,1753,Mayfair,8,193,
13,Player 2,1800,Pall Mall,8,260,
13,Player 1,1913,Pentonville Road,8,353,
14,Player 2,1790,Fleet Street,8,250,
14,Player 2,1772,Regent Street,8,232,
14,Player 1,2126,Pall Mall,9,266,
14,Player 1,2126,Bow Street,9,266,
15,Player 2,1786,Mayfair,8,246,
15,Player 2,1986,Income Tax,8,446,
15,Player 1,2112,Vine Street,9,252,
16,Player 2,1868,The Angel Islington,9,128,
16,Player 2,1868,Marylebone Station,9,128,
16,Player 1,2112,Coventry Street,9,252,
17,Player 2,1868,Chance,9,128,
17,Player 2,1868,Vine Street,9,128,
17,Player 1,2307,Bond Street,10,187,
18,Player 2,1868,Fleet Street,9,128,
18,Player 1,2525,Whitechapel Road,10,405,
19,Player 2,1854,Piccadilly,9,114,
19,Player 1,2521,Pall Mall,10,201,
20,Player 2,1854,Community Chest,9,114,
20,Player 1,2521,Free Parking,10,201,
21,Player 2,1954,Chance,9,214,
21,Player 1,2521,Piccadilly,10,201,
22,Player 2,2016,Mayfair,9,276,
22,Player 1,2499,Liverpool Street,10,179,
23,Player 2,2336,Whitechapel Road,10,396,
23,Player 1,2499,Mayfair,10,179,
24,Player 2,2386,Chance,10,446,
24,Player 1,2649,Whitechapel Road,10,329,
25,Player 2,2490,Whitehall ,10,550,
25,Player 1,2645,The Angel Islington,10,325,
26,Player 2,2496,The Strand,11,416,
26,Player 2,2496,Piccadilly,11,416,
26,Player 1,2639,Whitehall ,10,319,
27,Player 2,2506,Oxford Street,11,426,
27,Player 1,2681,Chance,10,361,
27,Player 1,2681,Jail,10,361,
28,Player 2,2454,Mayfair,11,374,
28,Player 1,2681,Jail,10,361,
29,Player 2,2654,Euston Road,11,574,
29,Player 1,2631,Whitehall ,10,311,
30,Player 2,2664,Electric Company ,11,584,
30,Player 2,2664,Community Chest,12,434,
30,Player 2,2664,Water Works,12,434,
30,Player 1,2621,Free Parking,10,301,
31,Player 2,2664,Chance,13,284,
31,Player 2,2664,GO,13,284,
31,Player 1,2621,Piccadilly,10,301,
32,Player 2,2686,Jail,13,306,
32,Player 1,2599,Regent Street,10,279,
32,Player 1,2799,GO,10,479,
33,Player 2,2686,Community Chest,13,306,
33,Player 1,2656,Kings Cross Station,10,336,
34,Player 2,2746,Chance,14,166,
34,Player 2,2746,Pall Mall,14,166,
34,Player 1,2666,Pentonville Road,10,346,
34,Player 1,2666,Bow Street,10,346,
35,Player 2,2750,Free Parking,14,170,
35,Player 1,2652,Leicester Square,10,332,
35,Player 1,2821,Bond Street,11,241,
35,Player 1,2821,Jail,11,241,
36,Player 2,2750,Water Works,14,170,
36,Player 1,2821,Jail,11,241,
37,Player 2,2750,Community Chest,14,170,
37,Player 1,2771,Community Chest,11,191,
37,Player 1,2771,Old Kent Road,11,191,
38,Player 2,2975,Kings Cross Station,14,395,
38,Player 2,2975,Euston Road,14,395,
38,Player 1,2771,Kings Cross Station,11,191,
38,Player 1,2671,Jail,11,91,
39,Player 2,3075,Northumberland Avenue,14,495,
39,Player 1,2683,Marlborough Street,11,103,
40,Player 2,3189,The Strand,15,129,
40,Player 1,2683,Leicester Square,11,103,
41,Player 2,3189,Piccadilly,15,129,
41,Player 2,3189,Chance,15,129,
41,Player 1,2683,Oxford Street,11,103,
42,Player 2,3369,Whitechapel Road,15,309,
42,Player 1,2683,Park Lane,11,103,
43,Player 2,3650,Northumberland Avenue,16,40,
43,Player 1,2895,Kings Cross Station,11,315,
44,Player 2,3738,Leicester Square,16,128,
44,Player 2,3716,Oxford Street,16,106,
44,Player 2,3664,Mayfair,16,54,
44,Player 1,2869,Electric Company ,11,289,
45,Player 2,3934,Income Tax,16,324,
45,Player 1,2799,The Strand,11,219,
46,Player 2,3752,Jail,16,142,
46,Player 2,3752,Bow Street,16,142,
46,Player 1,2781,Coventry Street,11,201,
47,Player 2,3752,Fleet Street,16,142,
47,Player 1,2799,Chance,11,219,
48,Player 2,3734,Oxford Street,16,124,
48,Player 1,2901,Community Chest,11,321,
49,Player 2,3872,Whitechapel Road,16,262,
49,Player 1,2911,The Angel Islington,11,331,
50,Player 2,3878,Pall Mall,16,268,
50,Player 1,2915,Bow Street,11,335,
50,Player 1,2715,Trafalgar Square,11,135,
51,Player 2,4068,Free Parking,16,258,
51,Player 1,2715,Go To Jail,11,135,
51,Player 1,2715,Jail,11,135,
52,Player 2,4068,Fenchurch St Station,16,258,
52,Player 1,2715,Jail,11,135,
53,Player 2,4208,Go To Jail,17,198,
53,Player 2,4208,Jail,17,198,
53,Player 1,2665,Vine Street,11,85,
54,Player 2,4428,Jail,17,218,
54,Player 1,2635,Trafalgar Square,11,55,
55,Player 2,4378,Vine Street,17,168,
55,Player 1,2635,Regent Street,11,55,
56,Player 2,4378,Piccadilly,17,168,
56,Player 1,2635,Liverpool Street,11,55,
57,Player 2,4578,Oxford Street,17,368,
57,Player 1,2877,Old Kent Road,11,297,
58,Player 2,4526,Liverpool Street,17,316,
58,Player 1,2789,Pall Mall,11,209,
59,Player 2,4726,Kings Cross Station,17,516,
59,Player 2,4726,Whitehall ,17,516,
59,Player 2,4726,Fleet Street,17,516,
59,Player 1,2789,Marylebone Station,11,209,
60,Player 2,4926,Water Works,17,216,
60,Player 1,2589,Fleet Street,11,9,
61,Player 2,4926,Community Chest,17,216,
61,Player 1,2589,Go To Jail,11,9,
61,Player 1,2589,Jail,11,9,
62,Player 2,5326,Old Kent Road,17,416,
62,Player 1,2591,Jail,11,11,
63,Player 2,5324,The Angel Islington,17,114,
63,Player 1,2591,Jail,11,11,
64,Player 2,5324,Northumberland Avenue,17,114,
64,Player 1,2603,Jail,11,23,
65,Player 2,5312,Fleet Street,17,102,
65,Player 1,2603,Jail,11,23,
66,Player 2,5312,Water Works,17,102,
66,Player 1,2603,Northumberland Avenue,11,23,
67,Player 2,5312,Community Chest,17,102,
67,Player 1,2603,Fleet Street,11,23,
68,Player 2,5462,GO,17,252,
68,Player 1,2603,Go To Jail,11,23,
68,Player 1,2603,Jail,11,23,
69,Player 2,5462,The Angel Islington,17,252,
69,Player 2,5462,Electric Company ,17,252,
69,Player 1,2603,Jail,11,23,
70,Player 2,5462,Chance,17,252,
70,Player 2,5462,Fenchurch St Station,17,252,
70,Player 1,2603,Jail,11,23,
70,Player 1,2603,Electric Company ,11,23,
71,Player 2,5482,Community Chest,17,272,
71,Player 2,5782,GO,17,572,
71,Player 1,2583,Vine Street,11,3,
72,Player 2,5842,Chance,18,372,
72,Player 1,2443,Coventry Street,10,123,
73,Player 2,5794,Electric Company ,18,324,
73,Player 1,2443,Regent Street,10,123,
73,Player 1,2443,Bond Street,10,123,
74,Player 2,5794,The Strand,18,324,
74,Player 1,2643,Whitechapel Road,10,323,
75,Player 2,5798,Community Chest,18,328,
75,Player 2,5848,Super Tax,18,378,
75,Player 1,2573,Chance,10,253,
75,Player 1,2573,Marylebone Station,10,253,
75,Player 1,2373,Fleet Street,10,53,
76,Player 2,6148,The Angel Islington,18,378,
76,Player 1,2373,Coventry Street,10,53,
76,Player 1,2373,Piccadilly,10,53,
76,Player 1,2351,Jail,10,31,
77,Player 2,5370,Community Chest,18,200,
77,Player 1,2351,Jail,10,31,
78,Player 2,5320,Leicester Square,18,150,
78,Player 1,2373,Jail,10,53,
79,Player 2,5298,Super Tax,18,128,
79,Player 2,5398,The Angel Islington,18,228,
79,Player 1,2323,Bow Street,10,3,
80,Player 2,5148,Northumberland Avenue,18,378,
80,Player 1,2373,The Strand,10,53,
81,Player 2,5166,Fleet Street,18,396,
81,Player 1,2355,Go To Jail,10,35,
81,Player 1,2355,Jail,10,35,
82,Player 2,5166,Bond Street,18,396,
82,Player 1,2355,Jail,10,35,
83,Player 2,5366,Old Kent Road,18,596,
83,Player 1,2355,Jail,10,35,
84,Player 2,5366,Kings Cross Station,18,196,
84,Player 1,2355,Jail,10,35,
85,Player 2,5366,Chance,18,196,
85,Player 2,5416,Bow Street,18,246,
85,Player 1,2355,Jail,10,35,
86,Player 2,5416,Fleet Street,18,246,
86,Player 1,2355,Whitehall ,10,35,
87,Player 2,5426,Regent Street,18,256,
87,Player 2,5374,Chance,18,204,
87,Player 1,2397,Marylebone Station,10,77,
87,Player 1,2387,Fenchurch St Station,10,67,
87,Player 1,2377,Oxford Street,10,57,
88,Player 2,6269,Community Chest,18,599,
88,Player 1,2577,Old Kent Road,10,257,
89,Player 2,5278,Jail,18,58,
89,Player 1,2481,Euston Road,10,161,
90,Player 2,5284,Bow Street,18,64,
90,Player 1,2475,Marlborough Street,10,155,
91,Player 2,4680,Fenchurch St Station,18,260,
91,Player 1,2325,Chance,10,5,
92,Player 2,4680,Piccadilly,18,260,
92,Player 2,4680,Park Lane,18,260,
92,Player 1,2325,Coventry Street,10,5,
93,Player 2,4880,Kings Cross Station,18,460,
93,Player 1,2325,Super Tax,10,5,
94,Player 2,4680,Marylebone Station,18,360,
94,Player 1,2525,Community Chest,10,205,
94,Player 1,2525,Jail,10,205,
95,Player 2,4680,Free Parking,18,360,
95,Player 1,2525,Jail,10,205,
96,Player 2,4680,Coventry Street,18,360,
96,Player 1,2497,Vine Street,10,177,
97,Player 2,4578,Piccadilly,19,138,
97,Player 2,4578,Bond Street,19,138,
97,Player 1,2277,Water Works,9,77,
98,Player 2,4802,Whitechapel Road,19,362,
98,Player 1,2267,Bond Street,9,67,
98,Player 1,2267,Mayfair,9,67,
98,Player 1,0,Mayfair,0,0,
1,Player 2,1500,Chance,0,1500,
1,Player 1,1500,Euston Road,0,1500,
1,Player 1,1500,Marlborough Street,1,1400,
2,Player 2,1550,Community Chest,0,1550,
2,Player 2,1600,Chance,0,1600,
2,Player 2,1600,Marylebone Station,0,1600,
2,Player 1,1500,Leicester Square,2,1220,
3,Player 2,1600,Vine Street,1,1400,
3,Player 1,1500,Bond Street,3,960,
4,Player 2,1600,Leicester Square,2,1200,
4,Player 1,1722,Kings Cross Station,4,862,
5,Player 2,1578,Regent Street,2,1178,
5,Player 1,1722,Whitehall ,5,662,
6,Player 2,1778,GO,3,1078,
6,Player 1,1722,The Strand,6,522,
7,Player 2,1778,Euston Road,3,1078,
7,Player 1,1728,Leicester Square,7,308,
8,Player 2,1772,Bow Street,3,1072,
8,Player 1,1728,Regent Street,7,308,
9,Player 2,1798,Fenchurch St Station,4,918,
9,Player 1,1702,Mayfair,7,282,
10,Player 2,2038,Bond Street,6,558,
10,Player 1,1930,Pall Mall,7,510,
10,Player 1,1930,Free Parking,8,370,
11,Player 2,2010,Mayfair,6,530,
11,Player 1,1930,Go To Jail,8,370,
11,Player 1,1930,Jail,8,370,
12,Player 2,2210,Income Tax,6,730,
12,Player 1,1930,Jail,8,370,
13,Player 2,2010,Jail,6,530,
13,Player 1,1880,Electric Company ,8,320,
13,Player 1,1880,Vine Street,9,170,
14,Player 2,2026,Community Chest,6,546,
14,Player 1,1864,Leicester Square,9,154,
15,Player 2,2126,Coventry Street,6,646,
15,Player 1,1864,Liverpool Street,9,154,
16,Player 2,2246,Park Lane,8,306,
16,Player 2,2693,The Angel Islington,9,403,
16,Player 1,2064,Whitechapel Road,9,354,
17,Player 2,2693,Northumberland Avenue,10,303,
17,Player 2,2693,Trafalgar Square,10,303,
17,Player 1,2072,Jail,11,142,
18,Player 2,2837,Regent Street,11,207,
18,Player 1,2072,Marylebone Station,11,142,
19,Player 2,2937,Park Lane,11,307,
19,Player 1,1972,Chance,11,42,
20,Player 2,3137,The Angel Islington,11,507,
20,Player 1,1952,Regent Street,11,22,
21,Player 2,3163,Bow Street,11,333,
21,Player 1,1976,Super Tax,11,46,
22,Player 2,3163,Fleet Street,11,333,
22,Player 1,2176,Kings Cross Station,11,246,
23,Player 2,3361,Regent Street,12,311,
23,Player 2,3361,Mayfair,12,311,
23,Player 2,3561,The Angel Islington,12,511,
23,Player 1,2121,Northumberland Avenue,11,191,
24,Player 2,3561,Pall Mall,12,311,
24,Player 1,2141,Chance,11,211,
25,Player 2,3541,Vine Street,12,291,
25,Player 1,2141,Coventry Street,11,211,
26,Player 2,3563,Water Works,12,313,
26,Player 1,2119,Go To Jail,11,189,
26,Player 1,2119,Jail,11,189,
27,Player 2,3563,Chance,13,163,
27,Player 2,3563,GO,13,163,
27,Player 1,2119,Jail,11,189,
28,Player 2,3563,Income Tax,13,163,
28,Player 2,3563,Whitehall ,13,163,
28,Player 1,2089,Vine Street,11,159,
29,Player 2,3559,Fleet Street,13,159,
29,Player 1,2073,Water Works,11,143,
30,Player 2,3595,Fenchurch St Station,13,195,
30,Player 2,3595,Piccadilly,13,195,
30,Player 1,2037,Oxford Street,11,107,
31,Player 2,4059,Park Lane,15,79,
31,Player 1,2237,GO,11,307,
32,Player 2,4259,Kings Cross Station,15,279,
32,Player 1,2262,Euston Road,11,332,
33,Player 2,4234,Pall Mall,15,254,
33,Player 2,4214,Free Parking,15,234,
33,Player 1,2282,Bow Street,11,352,
34,Player 2,4228,Piccadilly,15,248,
34,Player 1,2268,The Strand,11,338,
35,Player 2,4228,Bond Street,15,248,
35,Player 1,2296,Piccadilly,11,366,
35,Player 1,2274,Chance,11,344,
35,Player 1,2274,Kings Cross Station,11,344,
36,Player 2,4422,Community Chest,15,442,
36,Player 1,2274,Pall Mall,11,344,
37,Player 2,4522,Jail,15,342,
37,Player 1,2274,Bow Street,11,344,
38,Player 2,4536,Vine Street,15,356,
38,Player 1,2260,Coventry Street,11,330,
39,Player 2,4558,Leicester Square,15,378,
39,Player 1,2260,Bond Street,11,330,
40,Player 2,4536,Oxford Street,15,356,
40,Player 1,2460,Income Tax,11,530,
41,Player 2,4536,Park Lane,15,356,
41,Player 1,2260,Whitehall ,11,330,
42,Player 2,4736,Income Tax,15,556,
42,Player 1,2260,Vine Street,11,330,
43,Player 2,4552,Electric Company ,15,372,
43,Player 1,2276,Fenchurch St Station,11,346,
44,Player 2,4620,The Strand,15,240,
44,Player 1,2194,Chance,11,264,
44,Player 1,2194,Community Chest,11,264,
44,Player 1,2194,Jail,11,264,
45,Player 2,4602,Fenchurch St Station,15,222,
45,Player 1,2194,Jail,11,264,
46,Player 2,4602,Go To Jail,15,222,
46,Player 2,4602,Jail,15,222,
46,Player 1,2144,Bow Street,11,214,
47,Player 2,4616,Jail,15,236,
47,Player 1,2130,Chance,11,200,
48,Player 2,4566,The Strand,15,186,
48,Player 1,2133,Regent Street,11,203,
49,Player 2,4574,Regent Street,15,194,
49,Player 2,4774,Community Chest,15,394,
49,Player 1,2107,Mayfair,11,177,
49,Player 1,2137,The Angel Islington,11,207,
50,Player 2,5330,Pall Mall,15,350,
50,Player 1,2096,Whitehall ,11,166,
51,Player 2,5310,Marylebone Station,15,330,
51,Player 2,5310,Leicester Square,15,330,
51,Player 1,2096,Free Parking,11,166,
52,Player 2,5310,Liverpool Street,15,330,
52,Player 1,2096,Trafalgar Square,11,166,
52,Player 1,2076,Regent Street,11,146,
53,Player 2,5556,Whitechapel Road,15,576,
53,Player 1,2054,Liverpool Street,11,124,
54,Player 2,4852,Pentonville Road,15,272,
54,Player 1,2154,The Angel Islington,11,224,
55,Player 2,4858,Pall Mall,16,158,
55,Player 2,4838,Marlborough Street,16,138,
55,Player 1,2168,Jail,11,238,
56,Player 2,4838,Trafalgar Square,16,138,
56,Player 1,2168,Whitehall ,11,238,
57,Player 2,4838,Oxford Street,16,138,
57,Player 1,2168,Vine Street,11,238,
57,Player 1,2152,Chance,11,222,
57,Player 1,2152,Pall Mall,11,222,
58,Player 2,4854,Mayfair,16,154,
58,Player 1,2152,Vine Street,11,222,
59,Player 2,5070,Euston Road,16,370,
59,Player 1,2142,Water Works,11,212,
60,Player 2,4300,Marylebone Station,16,200,
60,Player 1,2106,Bond Street,11,176,
60,Player 1,2306,Old Kent Road,11,376,
61,Player 2,4300,Vine Street,16,200,
61,Player 1,2306,Pentonville Road,12,316,
62,Player 2,4308,Coventry Street,16,208,
62,Player 1,2298,Marlborough Street,12,308,
63,Player 2,4308,Oxford Street,16,208,
63,Player 1,2298,Leicester Square,12,308,
63,Player 1,2298,Bond Street,12,308,
64,Player 2,4508,GO,16,408,
64,Player 2,4508,The Angel Islington,16,408,
64,Player 1,2498,GO,12,508,
65,Player 2,4508,Whitehall ,16,408,
65,Player 1,2449,Income Tax,12,109,
66,Player 2,4458,Marlborough Street,16,358,
66,Player 1,2463,Electric Company ,12,123,
67,Player 2,4444,Fenchurch St Station,16,344,
67,Player 1,2463,Free Parking,12,123,
68,Player 2,4444,Liverpool Street,16,344,
68,Player 1,2463,Piccadilly,12,123,
69,Player 2,4666,Old Kent Road,16,566,
69,Player 2,4656,Electric Company ,16,556,
69,Player 1,2495,Super Tax,12,155,
70,Player 2,4612,Bow Street,16,512,
70,Player 1,2595,Community Chest,12,255,
70,Player 1,2595,Old Kent Road,12,255,
71,Player 2,4612,Fenchurch St Station,16,512,
71,Player 1,2595,Euston Road,12,155,
72,Player 2,4612,Water Works,16,512,
72,Player 1,2595,Whitehall ,12,155,
73,Player 2,4612,Chance,16,512,
73,Player 1,2595,Chance,12,155,
74,Player 2,4582,Euston Road,16,482,
74,Player 2,4576,Bow Street,16,476,
74,Player 1,2451,Water Works,12,11,
75,Player 2,4600,Fleet Street,16,500,
75,Player 1,2477,Community Chest,12,37,
76,Player 2,4600,Go To Jail,16,500,
76,Player 2,4600,Jail,16,500,
76,Player 1,2822,Community Chest,12,382,
77,Player 2,4600,Jail,16,500,
77,Player 1,2847,Jail,12,157,
77,Player 1,2847,Free Parking,12,157,
77,Player 1,2847,Water Works,12,157,
78,Player 2,4582,Bow Street,16,482,
78,Player 1,2815,Bond Street,12,125,
79,Player 2,4582,Fleet Street,16,482,
79,Player 1,3015,Kings Cross Station,12,325,
80,Player 2,4582,Go To Jail,16,482,
80,Player 2,4582,Jail,16,482,
80,Player 1,3015,Northumberland Avenue,12,225,
81,Player 2,4582,Jail,16,482,
81,Player 1,3015,The Strand,12,225,
82,Player 2,4532,Community Chest,16,432,
82,Player 2,4532,GO,16,432,
82,Player 1,3015,Water Works,12,225,
83,Player 2,4560,Pentonville Road,16,460,
83,Player 1,2987,Chance,12,197,
84,Player 2,4560,Bow Street,16,460,
84,Player 1,3337,GO,12,547,
85,Player 2,4560,Leicester Square,16,460,
85,Player 1,3216,Community Chest,12,126,
85,Player 1,3226,The Angel Islington,12,136,
86,Player 2,4534,Oxford Street,16,434,
86,Player 1,3220,Jail,12,130,
86,Player 1,3220,Northumberland Avenue,12,130,
87,Player 2,4734,Old Kent Road,16,634,
87,Player 1,3250,Free Parking,12,160,
87,Player 1,3250,Trafalgar Square,12,160,
87,Player 1,3230,Regent Street,12,140,
88,Player 2,4750,Euston Road,16,650,
88,Player 1,3410,GO,12,320,
89,Player 2,4744,Northumberland Avenue,16,644,
89,Player 1,3134,Kings Cross Station,12,144,
90,Player 2,4144,Bow Street,16,44,
90,Player 2,4144,Free Parking,16,44,
90,Player 1,3134,Whitehall ,12,144,
91,Player 2,4144,Regent Street,16,44,
91,Player 1,3134,Chance,12,144,
91,Player 1,3134,Jail,12,144,
92,Player 2,4144,Liverpool Street,16,44,
92,Player 1,3134,Jail,12,144,
93,Player 2,4344,The Angel Islington,16,244,
93,Player 1,3084,Northumberland Avenue,12,94,
93,Player 1,3084,The Strand,12,94,
94,Player 2,4344,Pall Mall,16,244,
94,Player 1,3034,Coventry Street,12,644,
95,Player 2,4156,Free Parking,16,56,
95,Player 1,3012,Liverpool Street,12,622,
96,Player 2,4256,Go To Jail,16,156,
96,Player 2,4256,Jail,16,156,
96,Player 1,3112,Community Chest,12,722,
97,Player 2,4256,Jail,16,156,
97,Player 1,3122,Pall Mall,12,732,
98,Player 2,4206,Electric Company ,16,106,
98,Player 2,4198,Fleet Street,16,98,
98,Player 1,3130,The Strand,12,740,
98,Player 1,3130,Go To Jail,12,740,
98,Player 1,3130,Jail,12,740,
99,Player 2,4198,Piccadilly,16,98,
99,Player 1,3130,Jail,12,740,
100,Player 2,4198,Bond Street,16,98,
100,Player 1,3108,Marylebone Station,12,718,
101,Player 2,4470,GO,16,370,
101,Player 2,4470,Euston Road,16,370,
101,Player 1,3014,Vine Street,12,624,
101,Player 1,3014,Piccadilly,12,624,
102,Player 2,4387,Vine Street,16,287,
102,Player 1,2992,Park Lane,12,602,
102,Player 1,3807,Kings Cross Station,12,217,
103,Player 2,4492,Piccadilly,17,292,
103,Player 2,4492,Chance,17,292,
103,Player 1,3307,Electric Company ,11,117,
104,Player 2,4737,Chance,17,537,
104,Player 2,4737,Mayfair,17,537,
104,Player 1,3307,Northumberland Avenue,11,117,
104,Player 1,3307,Free Parking,11,117,
105,Player 2,4937,Chance,17,287,
105,Player 2,4987,Whitehall ,17,337,
105,Player 1,2520,Go To Jail,11,80,
105,Player 1,2520,Jail,11,80,
106,Player 2,4712,Bow Street,17,62,
106,Player 1,2520,Jail,11,80,
107,Player 2,4712,Fleet Street,17,62,
107,Player 1,2470,Bow Street,11,30,
108,Player 2,4726,Piccadilly,17,76,
108,Player 1,2456,Fenchurch St Station,11,16,
109,Player 2,4826,Chance,17,176,
109,Player 2,4826,Marylebone Station,17,176,
109,Player 1,2446,Water Works,11,6,
110,Player 2,4838,Chance,17,188,
110,Player 1,2524,Chance,11,84,
111,Player 2,4818,Leicester Square,17,168,
111,Player 2,4818,Liverpool Street,17,168,
111,Player 1,2704,The Angel Islington,11,264,
112,Player 2,5178,GO,17,528,
112,Player 1,2524,Pentonville Road,11,84,
113,Player 2,5153,Pentonville Road,17,503,
113,Player 1,2454,Northumberland Avenue,11,14,
114,Player 2,4753,Bow Street,17,403,
114,Player 1,2454,Vine Street,11,14,
115,Player 2,4769,Fenchurch St Station,17,419,
115,Player 1,2528,Coventry Street,11,88,
116,Player 2,4791,Piccadilly,17,441,
116,Player 2,4791,Bond Street,17,441,
116,Player 1,2506,Piccadilly,11,66,
116,Player 1,2484,Oxford Street,11,44,
117,Player 2,5039,Old Kent Road,17,689,
117,Player 1,2708,Whitechapel Road,11,418,
118,Player 2,4789,Euston Road,17,439,
118,Player 1,2609,Kings Cross Station,11,319,
118,Player 1,2609,Whitehall ,11,319,
119,Player 2,4789,Bow Street,17,439,
119,Player 1,2609,Community Chest,11,319,
119,Player 1,2629,Chance,11,339,
119,Player 1,2629,GO,11,339,
120,Player 2,4789,Fleet Street,17,439,
120,Player 1,2629,Income Tax,11,339,
121,Player 2,4789,Piccadilly,17,439,
121,Player 1,2429,Jail,11,139,
122,Player 2,4789,Regent Street,17,439,
122,Player 2,4989,GO,17,639,
122,Player 1,2429,Northumberland Avenue,11,139,
122,Player 1,2429,Chance,11,139,
122,Player 1,2429,Fenchurch St Station,11,139,
123,Player 2,5089,Kings Cross Station,17,739,
123,Player 1,2354,Regent Street,11,64,
124,Player 2,5090,Bow Street,17,740,
124,Player 1,2328,Chance,11,38,
124,Player 1,2328,Community Chest,11,38,
125,Player 2,5090,Water Works,17,740,
125,Player 2,5090,Chance,17,740,
125,Player 1,2368,Mayfair,11,78,
125,Player 1,0,Mayfair,0,0,
1,Player 2,1500,Euston Road,0,1500,
1,Player 1,1500,The Angel Islington,0,1500,
1,Player 3,1500,Chance,0,1500,
2,Player 2,1500,Bow Street,1,1400,
2,Player 1,1500,Marylebone Station,1,1400,
2,Player 3,1600,Bow Street,0,1600,
3,Player 2,1415,Fleet Street,2,1135,
3,Player 1,1500,The Strand,2,1200,
3,Player 1,1500,Leicester Square,3,980,
3,Player 3,1586,Coventry Street,0,1586,
4,Player 2,1415,Go To Jail,3,915,
4,Player 2,1415,Jail,3,915,
4,Player 1,1379,Bond Street,4,599,
4,Player 3,1442,Go To Jail,2,862,
4,Player 3,1442,Jail,2,862,
5,Player 2,1415,Jail,3,915,
5,Player 1,1379,Super Tax,4,599,
5,Player 3,1442,Jail,2,862,
6,Player 2,1365,Northumberland Avenue,3,865,
6,Player 1,1479,GO,4,699,
6,Player 1,1479,Kings Cross Station,4,699,
6,Player 3,1392,Marylebone Station,2,812,
7,Player 2,1365,The Strand,4,705,
7,Player 1,1547,Chance,5,567,
7,Player 1,1547,Mayfair,5,567,
7,Player 1,1747,The Angel Islington,5,767,
7,Player 3,1342,Fleet Street,3,362,
8,Player 2,1365,Piccadilly,4,705,
8,Player 1,1747,Euston Road,5,767,
8,Player 1,1741,Bow Street,5,761,
8,Player 3,1324,Piccadilly,3,344,
9,Player 2,1407,Chance,5,467,
9,Player 1,1727,Chance,5,747,
9,Player 1,1727,Marylebone Station,5,747,
9,Player 3,1302,Chance,3,322,
10,Player 2,1657,Chance,5,717,
10,Player 1,1727,Vine Street,5,747,
10,Player 1,1727,Fenchurch St Station,6,547,
10,Player 3,1482,Income Tax,3,502,
10,Player 3,1334,Electric Company ,3,354,
11,Player 2,1657,Bow Street,5,717,
11,Player 1,1727,Oxford Street,7,347,
11,Player 3,1334,The Strand,4,204,
12,Player 2,1777,Chance,6,537,
12,Player 2,1777,GO,6,537,
12,Player 1,1745,Mayfair,7,365,
12,Player 3,1316,Trafalgar Square,4,186,
13,Player 2,1801,Chance,7,321,
13,Player 2,1801,Marylebone Station,7,321,
13,Player 1,2045,Income Tax,7,665,
13,Player 3,1316,Regent Street,4,186,
14,Player 2,1701,Fleet Street,7,221,
14,Player 1,2010,Pall Mall,8,330,
14,Player 3,1316,Bond Street,4,186,
15,Player 2,1701,Bond Street,7,221,
15,Player 1,2010,Vine Street,9,190,
15,Player 3,1344,Mayfair,4,214,
16,Player 2,1873,Old Kent Road,7,393,
16,Player 1,2010,Leicester Square,9,190,
16,Player 3,1544,The Angel Islington,4,414,
17,Player 2,1873,Euston Road,8,333,
17,Player 1,2016,Liverpool Street,9,196,
17,Player 3,1456,Whitehall ,4,326,
18,Player 2,1913,Electric Company ,9,173,
18,Player 1,2216,Old Kent Road,9,396,
18,Player 3,1472,Chance,5,202,
18,Player 3,1472,Vine Street,5,202,
19,Player 2,1899,Marlborough Street,9,159,
19,Player 2,1899,Trafalgar Square,9,159,
19,Player 1,2311,Income Tax,10,311,
19,Player 3,1456,Piccadilly,5,186,
19,Player 3,1434,Liverpool Street,5,164,
20,Player 2,1946,Community Chest,9,206,
20,Player 2,1946,Jail,9,206,
20,Player 1,2111,Electric Company ,10,111,
20,Player 3,1641,Old Kent Road,5,371,
21,Player 2,1948,Jail,9,208,
21,Player 1,2079,Community Chest,10,79,
21,Player 3,1639,Whitechapel Road,5,369,
21,Player 3,1639,The Angel Islington,6,309,
22,Player 2,1898,Marlborough Street,9,158,
22,Player 2,1884,Chance,9,144,
22,Player 1,2049,Coventry Street,10,49,
22,Player 1,2027,Oxford Street,10,27,
22,Player 3,1655,Northumberland Avenue,6,325,
23,Player 2,1907,Leicester Square,9,167,
23,Player 1,2023,Chance,10,23,
23,Player 1,2023,Pall Mall,10,23,
23,Player 3,1643,Trafalgar Square,6,313,
24,Player 2,1905,Community Chest,9,165,
24,Player 2,1905,Old Kent Road,9,165,
24,Player 1,2023,Community Chest,10,23,
24,Player 3,1623,Bond Street,6,293,
25,Player 2,1905,Chance,9,165,
25,Player 1,2223,Leicester Square,10,223,
25,Player 3,1823,GO,6,493,
26,Player 2,1905,Community Chest,9,165,
26,Player 2,1930,The Strand,9,190,
26,Player 2,1912,Fenchurch St Station,9,172,
26,Player 1,2341,Regent Street,10,341,
26,Player 3,1823,Jail,6,493,
27,Player 2,1812,Chance,9,72,
27,Player 1,2341,Super Tax,10,341,
27,Player 3,1823,Marlborough Street,6,493,
28,Player 2,1802,Mayfair,9,62,
28,Player 1,2455,GO,10,455,
28,Player 1,2455,Jail,10,455,
28,Player 3,1809,Coventry Street,6,479,
29,Player 2,2002,Kings Cross Station,9,262,
29,Player 1,2555,Whitehall ,10,555,
29,Player 3,1819,Super Tax,6,489,
30,Player 2,1902,Electric Company ,9,162,
30,Player 1,2545,Free Parking,10,545,
30,Player 3,1947,GO,6,617,
30,Player 3,1947,Chance,6,617,
31,Player 2,1874,The Strand,9,134,
31,Player 1,2563,Water Works,10,563,
31,Player 3,1877,Community Chest,6,547,
31,Player 3,1877,GO,6,547,
31,Player 3,1877,The Angel Islington,6,547,
32,Player 2,1856,Water Works,9,116,
32,Player 1,2715,GO,11,565,
32,Player 1,2715,Pentonville Road,11,565,
32,Player 3,1871,Electric Company ,6,541,
33,Player 2,1828,Bond Street,9,88,
33,Player 1,2715,Community Chest,12,445,
33,Player 3,1889,Vine Street,6,559,
34,Player 2,1990,Old Kent Road,9,250,
34,Player 1,2751,Fleet Street,12,481,
34,Player 3,1873,Leicester Square,6,543,
35,Player 2,1953,Kings Cross Station,9,213,
35,Player 1,2855,Regent Street,12,585,
35,Player 1,3055,GO,12,785,
35,Player 3,1851,Bond Street,6,521,
36,Player 2,1853,Marylebone Station,9,113,
36,Player 1,3155,Pall Mall,12,885,
36,Player 3,2051,The Angel Islington,6,721,
36,Player 3,2045,Pall Mall,6,715,
37,Player 2,1753,Marlborough Street,9,13,
37,Player 1,3185,Marlborough Street,12,915,
37,Player 3,1495,Bow Street,7,105,
38,Player 2,1729,Piccadilly,8,49,
38,Player 1,3185,Fenchurch St Station,12,915,
38,Player 3,1495,Leicester Square,7,105,
39,Player 2,1729,Chance,8,49,
39,Player 2,1729,Jail,8,49,
39,Player 1,3207,Piccadilly,12,937,
39,Player 3,1473,Bond Street,7,83,
39,Player 3,1673,Old Kent Road,7,283,
40,Player 2,1751,Jail,8,71,
40,Player 1,3185,Community Chest,12,915,
40,Player 3,1673,Euston Road,7,283,
41,Player 2,1701,Community Chest,8,21,
41,Player 1,3395,Whitechapel Road,12,1125,
41,Player 3,1677,Marylebone Station,7,287,
42,Player 2,1621,Chance,7,41,
42,Player 1,2536,Whitehall ,13,166,
42,Player 3,1587,The Strand,7,197,
43,Player 2,1721,Trafalgar Square,7,141,
43,Player 2,1721,Water Works,7,141,
43,Player 1,2560,Chance,13,190,
43,Player 1,2560,Mayfair,13,190,
43,Player 3,1619,Coventry Street,7,229,
43,Player 3,1619,Liverpool Street,7,229,
44,Player 2,1730,Bond Street,7,150,
44,Player 1,2710,The Angel Islington,13,340,
44,Player 3,1822,Kings Cross Station,7,432,
44,Player 3,1722,Jail,7,332,
45,Player 2,1902,GO,7,322,
45,Player 1,2810,Community Chest,13,90,
45,Player 3,1722,Marlborough Street,7,332,
46,Player 2,1902,Jail,7,322,
46,Player 2,1902,Community Chest,7,322,
46,Player 2,1902,Water Works,7,322,
46,Player 1,2802,Vine Street,13,82,
46,Player 1,2802,Fleet Street,13,82,
46,Player 1,2784,Regent Street,13,64,
46,Player 3,1708,Chance,7,318,
47,Player 2,1892,Community Chest,7,312,
47,Player 1,2784,Super Tax,13,64,
47,Player 3,1758,Water Works,7,368,
48,Player 2,1792,Mayfair,7,212,
48,Player 1,3008,GO,13,288,
48,Player 1,3008,The Angel Islington,13,288,
48,Player 3,1784,Bond Street,7,394,
49,Player 2,1942,Jail,7,362,
49,Player 1,3008,Northumberland Avenue,13,288,
49,Player 3,1984,Old Kent Road,7,594,
50,Player 2,1855,Bow Street,7,275,
50,Player 1,2996,Marlborough Street,13,276,
50,Player 1,2996,Fenchurch St Station,13,276,
50,Player 3,1584,Kings Cross Station,7,94,
50,Player 3,1614,Whitehall ,7,124,
51,Player 2,1855,The Strand,7,275,
51,Player 1,3114,Oxford Street,13,394,
51,Player 3,1614,Free Parking,7,124,
52,Player 2,1863,Coventry Street,7,283,
52,Player 2,1863,Liverpool Street,7,283,
52,Player 1,3288,GO,13,568,
52,Player 3,1614,Chance,7,124,
52,Player 3,1614,Marylebone Station,7,124,
52,Player 3,1514,Community Chest,7,24,
52,Player 3,1564,Water Works,7,74,
53,Player 2,2063,Old Kent Road,7,483,
53,Player 1,2832,Euston Road,13,312,
53,Player 3,1770,Chance,7,280,
54,Player 2,1813,The Angel Islington,7,233,
54,Player 1,3382,Whitehall ,13,862,
54,Player 3,1960,Kings Cross Station,7,470,
55,Player 2,1683,Bow Street,7,103,
55,Player 1,3472,Fleet Street,13,952,
55,Player 1,3472,Regent Street,13,952,
55,Player 3,1860,Chance,7,370,
55,Player 3,1660,Electric Company ,7,170,
56,Player 2,1683,Fleet Street,7,103,
56,Player 1,3472,Liverpool Street,13,952,
56,Player 1,3647,Whitechapel Road,13,1127,
56,Player 3,1967,Vine Street,7,477,
57,Player 2,1708,Oxford Street,7,128,
57,Player 1,3213,The Angel Islington,13,693,
57,Player 3,1951,Regent Street,7,461,
57,Player 3,1925,Chance,7,435,
57,Player 3,1925,GO,7,435,
58,Player 2,1908,GO,7,328,
58,Player 1,3239,Jail,13,719,
58,Player 3,1925,Whitechapel Road,7,435,
59,Player 2,1820,Chance,7,240,
59,Player 2,1820,Marylebone Station,7,240,
59,Player 1,3339,Marylebone Station,13,819,
59,Player 3,1925,Pall Mall,7,435,
60,Player 2,1720,Free Parking,7,140,
60,Player 1,3349,Chance,13,829,
60,Player 1,3349,Vine Street,13,829,
60,Player 3,1915,Bow Street,7,425,
61,Player 2,1720,Leicester Square,7,140,
61,Player 1,3371,Leicester Square,13,851,
61,Player 3,1915,Trafalgar Square,7,425,
62,Player 2,1718,Piccadilly,7,138,
62,Player 1,3371,Liverpool Street,13,851,
62,Player 3,1895,Community Chest,7,405,
63,Player 2,1743,Bond Street,7,163,
63,Player 1,3546,GO,13,1026,
63,Player 3,2223,GO,7,733,
64,Player 2,1715,Chance,7,135,
64,Player 2,1900,Income Tax,7,320,
64,Player 1,3546,Pentonville Road,13,1026,
64,Player 3,2223,Pall Mall,7,733,
65,Player 2,1710,Whitehall ,7,130,
65,Player 1,3556,Marlborough Street,13,1036,
65,Player 3,2223,Community Chest,7,733,
66,Player 2,1700,Community Chest,7,120,
66,Player 2,1700,Jail,7,120,
66,Player 1,3556,Chance,13,1036,
66,Player 1,3556,Pall Mall,13,1036,
66,Player 3,2323,Coventry Street,7,833,
67,Player 2,1700,Jail,7,120,
67,Player 1,3556,Vine Street,13,1036,
67,Player 3,2323,Oxford Street,7,833,
68,Player 2,1676,Community Chest,7,96,
68,Player 1,3556,Chance,13,1036,
68,Player 3,2297,Super Tax,7,807,
69,Player 2,1626,Fenchurch St Station,7,46,
69,Player 1,3311,Coventry Street,13,791,
69,Player 3,2419,Kings Cross Station,7,929,
70,Player 2,1616,Community Chest,7,36,
70,Player 2,1616,Old Kent Road,7,36,
70,Player 2,1646,Euston Road,7,66,
70,Player 1,3939,Chance,13,1419,
70,Player 3,2569,Northumberland Avenue,7,1079,
71,Player 2,1666,Whitehall ,7,86,
71,Player 1,3989,Whitechapel Road,13,1469,
71,Player 3,1679,Free Parking,8,39,
72,Player 2,1656,Chance,7,76,
72,Player 1,3389,Whitehall ,12,1019,
72,Player 3,1689,Go To Jail,8,49,
72,Player 3,1689,Jail,8,49,
73,Player 2,1806,Coventry Street,7,226,
73,Player 1,3379,Marlborough Street,12,1009,
73,Player 3,1711,Jail,8,71,
74,Player 2,1784,Liverpool Street,7,204,
74,Player 1,3379,Piccadilly,12,1009,
74,Player 3,1661,Marylebone Station,8,21,
75,Player 2,1984,GO,7,404,
75,Player 1,3479,Park Lane,12,1109,
75,Player 3,1691,Free Parking,8,51,
76,Player 2,1896,Pentonville Road,7,316,
76,Player 1,4279,Income Tax,13,1559,
76,Player 3,1691,Fenchurch St Station,8,51,
77,Player 2,1716,Northumberland Avenue,7,136,
77,Player 1,4179,Pentonville Road,13,1459,
77,Player 3,1721,Oxford Street,8,81,
78,Player 2,1716,Trafalgar Square,7,136,
78,Player 1,4179,Marylebone Station,13,1459,
78,Player 3,1721,Super Tax,8,81,
79,Player 2,1716,Go To Jail,7,136,
79,Player 2,1716,Jail,7,136,
79,Player 1,4179,The Strand,13,1459,
79,Player 3,1921,Pentonville Road,8,281,
80,Player 2,1536,Jail,6,136,
80,Player 1,3159,Water Works,14,259,
80,Player 3,1881,Marlborough Street,8,241,
81,Player 2,1486,Northumberland Avenue,6,86,
81,Player 2,1486,Marlborough Street,6,86,
81,Player 1,3145,Liverpool Street,14,245,
81,Player 3,1853,Trafalgar Square,8,213,
81,Player 3,1833,Bond Street,8,193,
82,Player 2,1503,Fleet Street,6,103,
82,Player 1,3120,Mayfair,14,220,
82,Player 3,1833,Park Lane,8,193,
83,Player 2,1503,Piccadilly,6,103,
83,Player 2,1503,Regent Street,6,103,
83,Player 2,1477,Park Lane,6,77,
83,Player 1,3416,Chance,14,516,
83,Player 1,3416,Jail,14,516,
83,Player 3,1998,Kings Cross Station,8,358,
84,Player 2,1642,Kings Cross Station,6,242,
84,Player 1,3517,Jail,14,217,
84,Player 3,1898,Northumberland Avenue,8,258,
85,Player 2,1542,Pall Mall,6,142,
85,Player 1,3477,Vine Street,14,177,
85,Player 3,1898,Chance,8,258,
86,Player 2,1532,Vine Street,6,132,
86,Player 1,3697,Fleet Street,14,397,
86,Player 3,1998,Regent Street,8,358,
87,Player 2,1422,Trafalgar Square,6,22,
87,Player 1,3723,Coventry Street,14,123,
87,Player 3,1972,Mayfair,8,332,
88,Player 2,1422,Go To Jail,6,22,
88,Player 2,1422,Jail,6,22,
88,Player 1,3723,Community Chest,14,123,
88,Player 3,2172,Chance,8,532,
88,Player 3,2172,Mayfair,8,532,
89,Player 2,1422,Jail,6,22,
89,Player 1,4123,GO,14,423,
89,Player 3,2229,Whitechapel Road,8,589,
90,Player 2,1422,Jail,6,22,
90,Player 1,4123,Whitechapel Road,14,123,
90,Player 3,2283,The Angel Islington,8,643,
91,Player 2,1422,Jail,6,22,
91,Player 2,1422,Northumberland Avenue,6,22,
91,Player 1,4478,Chance,14,328,
91,Player 1,4528,Marylebone Station,14,378,
91,Player 1,4528,Chance,14,378,
91,Player 1,4528,Marylebone Station,14,378,
91,Player 3,1883,Pentonville Road,8,243,
92,Player 2,1422,Chance,6,22,
92,Player 1,3864,Trafalgar Square,14,364,
92,Player 3,1773,Marylebone Station,8,133,
93,Player 2,1422,Fenchurch St Station,6,22,
93,Player 1,3644,Bond Street,14,444,
93,Player 3,1673,Fenchurch St Station,8,33,
94,Player 2,1432,Bond Street,6,32,
94,Player 1,3744,Mayfair,14,544,
94,Player 3,1703,Water Works,8,63,
95,Player 2,1432,Mayfair,6,32,
95,Player 1,3944,Pentonville Road,14,744,
95,Player 3,1703,Chance,8,63,
95,Player 3,1993,Chance,8,353,
95,Player 3,1993,GO,8,353,
96,Player 2,1632,Chance,6,232,
96,Player 2,1632,Marylebone Station,6,232,
96,Player 2,1532,Free Parking,6,132,
96,Player 1,4044,Pall Mall,14,844,
96,Player 1,4044,The Strand,14,844,
96,Player 3,1993,Chance,8,353,
96,Player 3,1993,Income Tax,8,353,
97,Player 2,1532,Fenchurch St Station,6,132,
97,Player 1,4144,Oxford Street,14,944,
97,Player 3,1794,Pall Mall,8,154,
98,Player 2,1432,Community Chest,6,32,
98,Player 1,4154,Mayfair,14,954,
98,Player 3,1784,Northumberland Avenue,8,144,
99,Player 2,1457,Chance,6,57,
99,Player 1,4354,Kings Cross Station,14,1154,
99,Player 1,4354,Jail,14,1154,
99,Player 3,1784,Vine Street,8,144,
99,Player 3,0,Vine Street,0,0,
100,Player 2,1642,Community Chest,6,242,
100,Player 2,1642,GO,6,242,
100,Player 1,5599,Community Chest,22,359,
101,Player 2,1632,Chance,6,232,
101,Player 2,1632,Pall Mall,6,232,
101,Player 1,5619,Trafalgar Square,22,379,
102,Player 2,1642,Bow Street,6,242,
102,Player 2,0,Bow Street,0,0,
