1,Player 1,1500,Pentonville Road,0,1500,
1,Player 2,1500,Chance,0,1500,
1,Player 2,1500,Marylebone Station,0,1500,
2,Player 1,1434,Marlborough Street,1,1314,
2,Player 2,1500,Chance,1,1300,
3,Player 1,1434,Coventry Street,2,1134,
3,Player 2,1550,Piccadilly,1,1350,
4,Player 1,1434,Bond Street,3,874,
4,Player 2,1750,GO,2,1270,
5,Player 1,1634,Whitechapel Road,4,754,
5,Player 2,1750,Euston Road,2,1270,
6,Player 1,1458,Jail,5,518,
6,Player 2,1750,Community Chest,3,1170,
7,Player 1,1458,Marlborough Street,5,518,
7,Player 2,1700,Fleet Street,3,1120,
8,Player 1,1458,Chance,5,518,
8,Player 1,1458,GO,5,518,
8,Player 1,1458,Income Tax,5,518,
8,Player 1,1313,Northumberland Avenue,5,373,
8,Player 2,1579,Regent Street,4,779,
9,Player 1,1313,Trafalgar Square,6,213,
9,Player 1,1313,Water Works,6,213,
9,Player 2,1741,Super Tax,7,251,
10,Player 1,1313,Chance,6,213,
10,Player 1,1313,Community Chest,6,213,
10,Player 1,1313,Old Kent Road,6,213,
10,Player 2,1841,Kings Cross Station,7,351,
11,Player 1,1313,Pentonville Road,7,153,
11,Player 2,1971,Euston Road,8,281,
12,Player 1,1313,Northumberland Avenue,7,153,
12,Player 2,1971,Bow Street,8,281,
12,Player 2,2052,Free Parking,9,182,
13,Player 1,1313,Chance,7,153,
13,Player 2,2052,Leicester Square,9,182,
14,Player 1,1313,Oxford Street,7,153,
14,Player 2,2221,Oxford Street,10,91,
14,Player 2,2421,Old Kent Road,10,291,
15,Player 1,1555,Bond Street,8,95,
15,Player 1,1755,Whitechapel Road,8,295,
15,Player 2,2419,Kings Cross Station,10,289,
15,Player 2,2419,Pall Mall,10,289,
16,Player 1,1755,Jail,8,295,
16,Player 2,2419,Chance,11,149,
16,Player 2,2419,Pall Mall,11,149,
17,Player 1,1755,Bow Street,8,295,
17,Player 2,2419,Vine Street,11,149,
18,Player 1,1875,Coventry Street,9,215,
18,Player 2,2419,Leicester Square,11,149,
19,Player 1,1875,Bond Street,9,215,
19,Player 2,2419,Piccadilly,11,149,
20,Player 1,2075,Whitechapel Road,9,415,
20,Player 2,2419,Liverpool Street,11,149,
21,Player 1,2085,Jail,10,225,
21,Player 2,2619,The Angel Islington,11,349,
22,Player 1,2085,Community Chest,10,225,
22,Player 1,2085,Jail,10,225,
22,Player 2,2619,Marylebone Station,12,249,
23,Player 1,2085,Jail,10,225,
23,Player 2,2619,The Strand,12,249,
24,Player 1,2035,Bow Street,10,175,
24,Player 2,2762,Fenchurch St Station,13,172,
25,Player 1,2035,Free Parking,10,175,
25,Player 2,2872,Bond Street,14,82,
26,Player 1,2063,Go To Jail,10,203,
26,Player 1,2063,Jail,10,203,
26,Player 2,2844,Mayfair,14,54,
27,Player 1,2423,Jail,11,163,
27,Player 2,3044,The Angel Islington,14,254,
28,Player 1,2373,Northumberland Avenue,11,113,
28,Player 1,2373,Bow Street,11,113,
28,Player 1,2373,Jail,11,113,
28,Player 2,3044,Northumberland Avenue,14,254,
29,Player 1,2385,Jail,11,125,
29,Player 2,3032,The Strand,14,242,
30,Player 1,2335,Marylebone Station,11,75,
30,Player 2,3055,Regent Street,14,265,
30,Player 2,3255,GO,14,465,
31,Player 1,2295,The Strand,11,35,
31,Player 1,2295,Piccadilly,11,35,
31,Player 2,3068,Kings Cross Station,14,278,
32,Player 1,2273,Community Chest,11,13,
32,Player 1,2373,Mayfair,11,113,
32,Player 2,3068,Whitehall ,14,278,
33,Player 1,2573,The Angel Islington,11,313,
33,Player 2,3074,Free Parking,15,144,
34,Player 1,2501,Whitehall ,11,241,
34,Player 2,3074,Leicester Square,15,144,
34,Player 2,3074,Community Chest,15,144,
34,Player 2,3074,GO,15,144,
35,Player 1,2501,The Strand,11,241,
35,Player 2,3074,The Angel Islington,15,144,
36,Player 1,2501,Community Chest,11,241,
36,Player 1,2451,Park Lane,11,191,
36,Player 2,3074,Pentonville Road,15,144,
37,Player 1,2940,Chance,12,330,
37,Player 2,3066,Community Chest,15,136,
38,Player 1,2920,Whitehall ,12,310,
38,Player 1,2920,Fleet Street,12,310,
38,Player 2,3002,The Strand,15,72,
39,Player 1,2884,Regent Street,12,274,
39,Player 2,3002,Leicester Square,15,72,
40,Player 1,2884,Liverpool Street,12,274,
40,Player 1,3084,Old Kent Road,12,474,
40,Player 2,3002,Community Chest,15,72,
41,Player 1,3084,Income Tax,12,274,
41,Player 2,3227,Income Tax,15,297,
42,Player 1,2884,Pall Mall,12,74,
42,Player 2,3037,The Angel Islington,15,107,
42,Player 2,3037,Pall Mall,15,107,
43,Player 1,2874,The Strand,12,64,
43,Player 2,3037,Community Chest,15,107,
44,Player 1,2874,Coventry Street,12,64,
44,Player 2,3137,Chance,15,207,
45,Player 1,2874,Liverpool Street,12,64,
45,Player 1,2874,Park Lane,12,64,
45,Player 1,3074,The Angel Islington,12,264,
45,Player 2,3216,Coventry Street,15,286,
46,Player 1,3090,Electric Company ,12,280,
46,Player 2,3194,Liverpool Street,15,264,
46,Player 2,3369,Income Tax,15,439,
47,Player 1,3115,Free Parking,13,155,
47,Player 2,3169,Electric Company ,15,239,
48,Player 1,3147,Go To Jail,13,187,
48,Player 1,3147,Jail,13,187,
48,Player 2,3137,Free Parking,15,207,
49,Player 1,3147,Jail,13,187,
49,Player 2,3137,Piccadilly,15,207,
50,Player 1,3097,Free Parking,13,137,
50,Player 1,3097,Leicester Square,13,137,
50,Player 2,3159,Park Lane,15,229,
51,Player 1,3110,Chance,13,150,
51,Player 2,3324,Whitechapel Road,15,394,
52,Player 1,2964,Mayfair,13,4,
52,Player 2,3320,Northumberland Avenue,15,390,
53,Player 1,3176,Whitechapel Road,13,216,
53,Player 2,3308,Fleet Street,15,378,
54,Player 1,3176,Chance,13,216,
54,Player 1,3176,Jail,13,216,
54,Player 2,3308,Community Chest,15,378,
54,Player 2,3308,Electric Company ,15,378,
55,Player 1,3216,Jail,13,256,
55,Player 2,3268,Free Parking,15,338,
55,Player 2,3268,Leicester Square,15,338,
56,Player 1,3166,Vine Street,13,206,
56,Player 2,3268,Oxford Street,15,338,
57,Player 1,3166,Coventry Street,13,206,
57,Player 1,3166,Regent Street,13,206,
57,Player 1,3166,Mayfair,13,206,
57,Player 2,3468,Old Kent Road,15,538,
58,Player 1,3368,Kings Cross Station,13,408,
58,Player 2,3445,Euston Road,15,365,
59,Player 1,3186,Community Chest,13,226,
59,Player 1,3386,The Strand,13,426,
59,Player 2,3481,Northumberland Avenue,15,251,
60,Player 1,3362,Leicester Square,13,202,
60,Player 2,3491,Fleet Street,15,261,
61,Player 1,3340,Oxford Street,13,180,
61,Player 1,3540,Old Kent Road,13,380,
61,Player 2,3491,Leicester Square,15,261,
62,Player 1,3540,Pall Mall,13,380,
62,Player 2,3501,Oxford Street,15,271,
63,Player 1,3530,Community Chest,13,370,
63,Player 1,3580,Leicester Square,13,420,
63,Player 2,3723,Old Kent Road,15,493,
64,Player 1,3560,Piccadilly,13,200,
64,Player 2,3743,Income Tax,15,213,
65,Player 1,3538,Bond Street,13,178,
65,Player 2,3543,Northumberland Avenue,15,13,
65,Player 2,3531,Leicester Square,15,1,
65,Player 2,3531,Jail,15,1,
66,Player 1,3750,Community Chest,13,390,
66,Player 1,3760,Jail,13,400,
66,Player 2,3531,Jail,15,1,
67,Player 1,3760,Free Parking,13,200,
67,Player 2,3531,Jail,15,1,
68,Player 1,3760,Fenchurch St Station,13,200,
68,Player 2,3631,Jail,15,101,
69,Player 1,3660,Bond Street,13,100,
69,Player 2,3581,Vine Street,15,51,
70,Player 1,3876,Old Kent Road,13,316,
70,Player 2,3565,Piccadilly,15,35,
71,Player 1,3876,Pall Mall,13,316,
71,Player 1,3866,Bow Street,13,306,
71,Player 2,3589,Chance,15,59,
72,Player 1,3852,The Strand,13,292,
72,Player 2,3979,Income Tax,15,449,
73,Player 1,3762,Water Works,13,202,
73,Player 2,3807,Pentonville Road,15,277,
74,Player 1,3742,Mayfair,13,182,
74,Player 2,3799,Community Chest,15,269,
75,Player 1,3942,Old Kent Road,13,382,
75,Player 1,3942,Pall Mall,13,382,
75,Player 2,3829,Coventry Street,15,299,
76,Player 1,3954,Bow Street,13,394,
76,Player 2,3821,Community Chest,15,291,
77,Player 1,3930,Leicester Square,13,370,
77,Player 2,4053,GO,15,373,
78,Player 1,3908,Chance,13,348,
78,Player 1,3908,Mayfair,13,348,
78,Player 2,4053,Jail,15,223,
79,Player 1,4108,Chance,13,548,
79,Player 2,4053,Community Chest,15,223,
80,Player 1,4093,Pentonville Road,13,333,
80,Player 1,4093,Vine Street,13,333,
80,Player 2,4003,Fenchurch St Station,15,173,
80,Player 2,4003,Liverpool Street,15,173,
81,Player 1,4118,Coventry Street,13,358,
81,Player 2,4178,GO,15,348,
82,Player 1,4118,Liverpool Street,13,358,
82,Player 2,4178,Kings Cross Station,15,198,
83,Player 1,4318,Whitechapel Road,13,558,
83,Player 2,4178,Marylebone Station,15,198,
83,Player 2,4178,Trafalgar Square,15,198,
84,Player 1,4153,Whitehall ,13,393,
84,Player 2,4188,Community Chest,15,208,
84,Player 2,4188,Old Kent Road,15,208,
85,Player 1,4145,The Strand,13,385,
85,Player 2,4436,The Angel Islington,15,156,
86,Player 1,3895,Piccadilly,13,135,
86,Player 2,4458,Marylebone Station,15,178,
87,Player 1,3873,Super Tax,13,113,
87,Player 2,4458,Vine Street,15,178,
88,Player 1,3989,Pentonville Road,13,229,
88,Player 2,4442,Regent Street,15,162,
88,Player 2,4442,Mayfair,15,162,
89,Player 1,4039,Bow Street,14,129,
89,Player 2,3922,Community Chest,14,242,
89,Player 2,3922,Jail,14,242,
90,Player 1,4039,Free Parking,14,129,
90,Player 1,4039,Coventry Street,14,129,
90,Player 2,3812,Jail,14,132,
91,Player 1,4039,Chance,14,129,
91,Player 2,3762,Northumberland Avenue,14,82,
91,Player 2,3750,Free Parking,14,70,
91,Player 2,3750,Regent Street,14,70,
92,Player 1,4126,Whitechapel Road,14,216,
92,Player 2,3750,Super Tax,14,70,
93,Player 1,4126,Euston Road,14,216,
93,Player 2,3956,Whitechapel Road,14,276,
94,Player 1,4124,Whitehall ,14,214,
94,Player 2,3885,Pall Mall,14,205,
95,Player 1,4114,Marylebone Station,14,204,
95,Player 1,4014,Coventry Street,14,104,
95,Player 1,4014,Chance,14,104,
95,Player 1,4014,Kings Cross Station,14,104,
95,Player 2,3986,The Strand,14,156,
96,Player 1,3914,Electric Company ,14,4,
96,Player 2,3986,Leicester Square,14,156,
97,Player 1,3914,Community Chest,14,4,
97,Player 2,3986,Park Lane,14,156,
98,Player 1,4432,Leicester Square,14,322,
98,Player 2,3901,Income Tax,14,221,
99,Player 1,4432,Go To Jail,14,322,
99,Player 1,4432,Jail,14,322,
99,Player 2,3701,Northumberland Avenue,14,21,
99,Player 2,3689,Free Parking,14,9,
100,Player 1,4444,Jail,14,334,
100,Player 2,3689,Coventry Street,14,9,
101,Player 1,4416,Bow Street,14,306,
101,Player 2,3781,Community Chest,14,101,
101,Player 2,3781,GO,14,101,
102,Player 1,4402,Fleet Street,14,292,
102,Player 2,3816,Income Tax,14,136,
103,Player 1,4312,Water Works,14,202,
103,Player 2,3816,Electric Company ,14,136,
104,Player 1,4392,Super Tax,14,282,
104,Player 1,4492,Community Chest,14,382,
104,Player 1,4442,Kings Cross Station,14,332,
104,Player 2,3836,Chance,14,156,
104,Player 2,3836,Marylebone Station,14,156,
105,Player 1,4342,Pentonville Road,14,232,
105,Player 1,4342,Community Chest,14,232,
105,Player 1,4242,Chance,14,132,
105,Player 2,3836,Fleet Street,14,156,
106,Player 1,4292,Leicester Square,14,182,
106,Player 2,3836,Liverpool Street,14,156,
106,Player 2,4011,The Angel Islington,14,331,
107,Player 1,4317,Chance,14,207,
107,Player 1,4317,GO,14,207,
107,Player 2,4011,Pentonville Road,14,331,
108,Player 1,4325,Jail,14,215,
108,Player 1,4325,Free Parking,14,215,
108,Player 2,4003,Marylebone Station,14,323,
109,Player 1,4325,Piccadilly,14,215,
109,Player 2,4003,Fenchurch St Station,14,323,
110,Player 1,4325,Community Chest,14,215,
110,Player 1,4550,Whitechapel Road,14,440,
110,Player 2,4003,Piccadilly,14,323,
110,Player 2,4003,Park Lane,14,323,
111,Player 1,4450,Euston Road,14,440,
111,Player 2,3583,Income Tax,14,203,
112,Player 1,3650,Marlborough Street,14,240,
112,Player 1,3650,Fenchurch St Station,14,240,
112,Player 2,3483,Pall Mall,14,103,
113,Player 1,3550,Piccadilly,14,140,
113,Player 2,3483,Free Parking,14,103,
114,Player 1,3550,Bond Street,14,140,
114,Player 2,3483,Water Works,14,103,
115,Player 1,3830,GO,14,420,
115,Player 2,3403,Bond Street,14,23,
116,Player 1,3858,The Angel Islington,14,448,
116,Player 2,3481,Super Tax,14,101,
117,Player 1,3852,Marylebone Station,14,442,
117,Player 2,3681,GO,14,301,
117,Player 2,3681,Chance,14,301,
117,Player 2,3681,Income Tax,14,301,
118,Player 1,3752,Fenchurch St Station,14,342,
118,Player 2,3526,Chance,14,146,
119,Player 1,3652,Water Works,14,242,
119,Player 2,3466,Marylebone Station,14,86,
120,Player 1,3652,Community Chest,14,242,
120,Player 2,3466,Free Parking,14,86,
121,Player 1,3952,Old Kent Road,14,542,
121,Player 2,3466,Trafalgar Square,14,86,
122,Player 1,3952,Kings Cross Station,14,542,
122,Player 1,3852,Electric Company ,14,442,
122,Player 2,3566,Go To Jail,14,186,
122,Player 2,3566,Jail,14,186,
123,Player 1,3852,The Strand,14,442,
123,Player 2,3717,Jail,14,337,
124,Player 1,3602,Oxford Street,14,192,
124,Player 2,3667,Electric Company ,14,287,
124,Player 2,3647,Community Chest,14,267,
124,Player 2,3647,Water Works,14,267,
125,Player 1,3672,Super Tax,14,262,
125,Player 2,3597,Mayfair,14,217,
125,Player 2,0,Mayfair,0,0,
1,Player 1,1500,Euston Road,0,1500,
1,Player 2,1500,Euston Road,0,1500,
2,Player 1,1506,Whitehall ,1,1406,
2,Player 2,1494,Bow Street,0,1494,
2,Player 2,1494,Vine Street,1,1314,
3,Player 1,1506,Chance,2,1266,
3,Player 2,1494,Water Works,2,1114,
4,Player 1,1556,Oxford Street,2,1316,
4,Player 1,1756,GO,3,1216,
4,Player 2,1494,Liverpool Street,3,964,
5,Player 1,1756,Pentonville Road,3,1216,
5,Player 2,1694,Old Kent Road,4,964,
6,Player 1,1756,Pall Mall,4,1096,
6,Player 1,1756,Northumberland Avenue,5,956,
6,Player 2,1694,Jail,5,904,
7,Player 1,1756,Free Parking,6,196,
7,Player 2,1694,Marlborough Street,5,904,
8,Player 1,1756,Fenchurch St Station,6,196,
8,Player 2,1694,Fenchurch St Station,6,124,
9,Player 1,1921,Liverpool Street,7,161,
9,Player 2,1694,Go To Jail,6,124,
9,Player 2,1694,Jail,6,124,
10,Player 1,1896,Mayfair,7,136,
10,Player 1,2416,Income Tax,8,256,
10,Player 2,1694,Jail,6,124,
11,Player 1,2216,Pall Mall,8,56,
11,Player 2,1644,Free Parking,6,74,
12,Player 1,2216,Marlborough Street,8,56,
12,Player 2,1844,Oxford Street,6,174,
12,Player 2,2044,Old Kent Road,6,374,
13,Player 1,2166,Leicester Square,8,106,
13,Player 1,2166,Chance,8,106,
13,Player 1,2166,Kings Cross Station,8,106,
13,Player 2,2389,Chance,8,59,
14,Player 1,2166,Whitehall ,8,106,
14,Player 2,2374,Community Chest,8,44,
15,Player 1,2166,Chance,8,106,
15,Player 2,2474,Water Works,8,144,
16,Player 1,2146,Oxford Street,8,86,
16,Player 2,2474,Liverpool Street,8,144,
17,Player 1,2346,Community Chest,8,286,
17,Player 1,2346,GO,8,286,
17,Player 1,2346,Chance,8,286,
17,Player 1,2346,Marylebone Station,8,286,
17,Player 2,2674,The Angel Islington,8,344,
18,Player 1,2411,Trafalgar Square,9,151,
18,Player 2,2674,Marlborough Street,9,144,
18,Player 2,2674,Leicester Square,9,144,
19,Player 1,2579,Liverpool Street,10,79,
19,Player 2,2724,Oxford Street,9,194,
20,Player 1,2729,Kings Cross Station,10,229,
20,Player 2,2774,Liverpool Street,9,144,
21,Player 1,2679,Northumberland Avenue,10,179,
21,Player 2,2974,Community Chest,9,344,
22,Player 1,2679,Marlborough Street,10,179,
22,Player 1,2339,Fleet Street,10,139,
22,Player 2,2646,Pall Mall,10,596,
23,Player 1,2334,Bond Street,10,134,
23,Player 2,2836,Vine Street,11,466,
24,Player 1,2534,GO,10,334,
24,Player 2,2836,Chance,11,466,
24,Player 2,2836,GO,11,466,
25,Player 1,2468,Income Tax,10,268,
25,Player 2,2836,Whitechapel Road,11,466,
26,Player 1,2268,Pall Mall,10,68,
26,Player 2,2836,Euston Road,12,56,
27,Player 1,2274,Bow Street,10,74,
27,Player 2,3580,Pall Mall,12,900,
28,Player 1,2094,Fenchurch St Station,10,94,
28,Player 2,3360,The Strand,12,830,
28,Player 2,3360,Fenchurch St Station,13,610,
29,Player 1,2144,Go To Jail,10,144,
29,Player 1,2144,Jail,10,144,
29,Player 2,3310,Community Chest,13,560,
30,Player 1,2144,Jail,10,144,
30,Player 2,3210,Park Lane,13,460,
31,Player 1,2094,Free Parking,10,94,
31,Player 2,3508,Mayfair,14,408,
31,Player 2,3708,Income Tax,14,608,
32,Player 1,2094,Trafalgar Square,10,94,
32,Player 1,2094,Oxford Street,10,94,
32,Player 2,3508,Euston Road,14,408,
32,Player 2,3508,Northumberland Avenue,14,408,
32,Player 2,3484,Vine Street,14,384,
33,Player 1,2318,Whitechapel Road,10,318,
33,Player 2,3742,Fleet Street,14,642,
34,Player 1,2138,Pentonville Road,10,138,
34,Player 1,2138,Marylebone Station,10,138,
34,Player 2,3742,Piccadilly,14,642,
34,Player 2,3742,Park Lane,15,362,
35,Player 1,2138,Vine Street,10,138,
35,Player 2,4942,Euston Road,15,1562,
36,Player 1,2018,Chance,10,18,
36,Player 2,4942,Bow Street,15,1562,
37,Player 1,2018,Regent Street,10,18,
37,Player 2,5212,Chance,16,1532,
37,Player 2,5212,Jail,16,1532,
38,Player 1,2218,Old Kent Road,10,218,
38,Player 1,2018,The Angel Islington,10,18,
38,Player 2,5468,Jail,16,1788,
39,Player 1,2012,Electric Company ,10,12,
39,Player 2,5553,Vine Street,17,1723,
40,Player 1,2012,Northumberland Avenue,10,12,
40,Player 1,2012,Trafalgar Square,10,12,
40,Player 2,5553,Water Works,17,1723,
41,Player 1,2012,Oxford Street,10,12,
41,Player 2,5553,Park Lane,17,1723,
42,Player 1,2012,Super Tax,10,12,
42,Player 2,5753,Old Kent Road,17,1923,
42,Player 2,5753,Euston Road,17,1923,
43,Player 1,2212,The Angel Islington,10,212,
43,Player 2,5759,Marylebone Station,17,1929,
44,Player 1,2201,Electric Company ,10,201,
44,Player 2,5769,Fleet Street,17,1939,
45,Player 1,2141,Free Parking,10,141,
45,Player 2,5769,Leicester Square,17,1939,
46,Player 1,2141,Leicester Square,10,141,
46,Player 2,5791,Community Chest,17,1961,
47,Player 1,2119,Oxford Street,10,119,
47,Player 2,6011,GO,17,2181,
48,Player 1,2319,GO,10,319,
48,Player 2,6011,Chance,17,2181,
48,Player 2,6011,Pall Mall,17,2181,
49,Player 1,2253,Income Tax,10,253,
49,Player 2,6011,Vine Street,17,2181,
50,Player 1,2053,Marylebone Station,10,53,
50,Player 2,6011,Leicester Square,17,2181,
51,Player 1,2053,Trafalgar Square,10,53,
51,Player 2,6011,Piccadilly,17,2181,
52,Player 1,2053,Community Chest,10,53,
52,Player 2,6211,GO,17,2381,
53,Player 1,2263,Old Kent Road,10,263,
53,Player 2,6461,Pentonville Road,17,2631,
54,Player 1,1781,Jail,9,21,
54,Player 2,4293,Bow Street,18,223,
55,Player 1,1781,Bow Street,9,21,
55,Player 1,0,Bow Street,0,0,
1,Player 1,1500,Euston Road,0,1500,
1,Player 1,1500,Free Parking,1,1400,
1,Player 1,1500,Water Works,1,1400,
1,Player 2,1500,Pall Mall,0,1500,
2,Player 1,1500,Chance,2,1250,
2,Player 2,1500,The Strand,1,1360,
2,Player 2,1500,Go To Jail,2,1140,
2,Player 2,1500,Jail,2,1140,
3,Player 1,1800,GO,2,1550,
3,Player 1,1800,Euston Road,2,1550,
3,Player 2,1500,Jail,2,1140,
4,Player 1,1800,Whitehall ,2,1550,
4,Player 2,1450,Community Chest,2,1090,
5,Player 1,1800,Chance,3,1410,
5,Player 1,1800,Mayfair,3,1410,
5,Player 2,1400,Water Works,2,1040,
6,Player 1,2044,Chance,4,1254,
6,Player 2,1356,Chance,2,996,
7,Player 1,2194,Vine Street,4,1404,
7,Player 1,2194,Go To Jail,5,1204,
7,Player 1,2194,Jail,5,1204,
7,Player 2,1406,Old Kent Road,2,1046,
8,Player 1,2194,Jail,5,1204,
8,Player 2,1406,Electric Company ,3,986,
9,Player 1,2144,Community Chest,5,1154,
9,Player 2,1396,Marlborough Street,4,826,
9,Player 2,1396,Fleet Street,5,646,
10,Player 1,2154,Trafalgar Square,5,1164,
10,Player 2,1297,Go To Jail,6,327,
10,Player 2,1297,Jail,6,327,
11,Player 1,2154,Leicester Square,6,924,
11,Player 1,2154,Liverpool Street,7,664,
11,Player 2,1297,Jail,6,327,
12,Player 1,2354,Whitechapel Road,8,664,
12,Player 2,1247,Electric Company ,6,277,
12,Player 2,1247,Bow Street,6,277,
12,Player 2,1247,Jail,6,277,
13,Player 1,2273,Whitehall ,10,343,
13,Player 2,1247,Jail,6,277,
14,Player 1,2273,The Strand,10,343,
14,Player 2,1215,Bow Street,6,245,
15,Player 1,2269,Piccadilly,10,339,
15,Player 2,1201,Trafalgar Square,6,231,
16,Player 1,2457,Regent Street,11,247,
16,Player 1,2867,Whitechapel Road,12,357,
16,Player 1,2867,Pall Mall,12,357,
16,Player 2,1191,Leicester Square,6,221,
16,Player 2,1169,Oxford Street,6,199,
17,Player 1,3089,Northumberland Avenue,13,279,
17,Player 2,1369,Community Chest,6,399,
17,Player 2,1369,Electric Company ,6,399,
18,Player 1,3089,Vine Street,14,119,
18,Player 2,1369,Vine Street,6,399,
19,Player 1,3105,Fenchurch St Station,14,135,
19,Player 2,1483,Coventry Street,7,313,
20,Player 1,3105,Liverpool Street,14,135,
20,Player 2,1652,Community Chest,8,222,
20,Player 2,1652,Old Kent Road,8,222,
21,Player 1,3305,Old Kent Road,14,335,
21,Player 1,3303,The Angel Islington,14,333,
21,Player 2,1654,Pentonville Road,8,224,
22,Player 1,3315,Electric Company ,16,125,
22,Player 2,1678,Marlborough Street,8,248,
23,Player 1,3291,Free Parking,16,101,
23,Player 2,1678,Coventry Street,8,248,
24,Player 1,3291,Leicester Square,16,101,
24,Player 2,1678,Super Tax,8,248,
25,Player 1,3291,Oxford Street,16,101,
25,Player 2,1778,Kings Cross Station,8,348,
26,Player 1,3291,Liverpool Street,16,101,
26,Player 2,1928,Whitehall ,9,298,
27,Player 1,3501,Old Kent Road,16,311,
27,Player 2,1920,Vine Street,9,290,
28,Player 1,3515,Pentonville Road,16,325,
28,Player 2,1904,Chance,9,274,
29,Player 1,3515,Community Chest,16,325,
29,Player 2,1954,Oxford Street,9,324,
30,Player 1,3615,Trafalgar Square,16,75,
30,Player 2,2154,Old Kent Road,9,524,
31,Player 1,3615,Bond Street,16,75,
31,Player 2,2283,Pall Mall,10,333,
31,Player 2,2283,The Strand,10,333,
32,Player 1,3815,Old Kent Road,16,275,
32,Player 2,2285,Coventry Street,10,335,
33,Player 1,3813,Jail,16,73,
33,Player 2,2285,Liverpool Street,10,335,
34,Player 1,3838,Northumberland Avenue,16,98,
34,Player 2,2260,Mayfair,10,310,
35,Player 1,3888,Community Chest,16,98,
35,Player 1,3888,GO,16,98,
35,Player 2,2410,Euston Road,10,460,
36,Player 1,3688,Jail,16,348,
36,Player 2,2010,Marylebone Station,10,60,
37,Player 1,3848,Vine Street,17,308,
37,Player 2,2010,The Strand,10,60,
38,Player 1,3848,Fleet Street,17,308,
38,Player 2,2028,Oxford Street,10,78,
39,Player 1,3830,Go To Jail,17,290,
39,Player 1,3830,Jail,17,290,
39,Player 2,2228,Old Kent Road,10,278,
40,Player 1,3830,Jail,17,290,
40,Player 2,2228,Euston Road,10,278,
41,Player 1,4011,Marlborough Street,17,471,
41,Player 2,1977,Marylebone Station,10,27,
42,Player 1,4047,Fenchurch St Station,17,507,
42,Player 2,2047,The Strand,10,97,
43,Player 1,3997,Liverpool Street,17,457,
43,Player 2,2047,Leicester Square,10,97,
44,Player 1,4219,The Angel Islington,17,679,
44,Player 2,2025,Liverpool Street,10,75,
45,Player 1,4104,Pall Mall,17,564,
45,Player 2,2175,Community Chest,10,225,
46,Player 1,4104,Northumberland Avenue,17,564,
46,Player 2,2165,Income Tax,10,215,
46,Player 2,1965,Euston Road,10,15,
47,Player 1,4654,Free Parking,17,1114,
47,Player 2,2000,Northumberland Avenue,10,50,
47,Player 2,1988,Fleet Street,10,38,
48,Player 1,4666,Fleet Street,17,1126,
48,Player 2,1928,Piccadilly,9,38,
49,Player 1,3948,Piccadilly,18,98,
49,Player 2,1906,Liverpool Street,9,16,
50,Player 1,3765,Regent Street,18,65,
50,Player 1,3765,Bond Street,18,65,
50,Player 2,2126,Community Chest,9,236,
51,Player 1,3765,Mayfair,18,65,
51,Player 2,2026,Pentonville Road,9,136,
52,Player 1,4565,Kings Cross Station,18,865,
52,Player 2,2031,Whitehall ,9,141,
53,Player 1,4525,Marylebone Station,18,825,
53,Player 1,4525,Fenchurch St Station,18,825,
53,Player 2,2071,Community Chest,9,181,
53,Player 2,2091,Coventry Street,9,201,
53,Player 2,2091,Jail,9,201,
54,Player 1,4475,Water Works,18,775,
54,Player 2,2091,Jail,9,201,
55,Player 1,4475,Oxford Street,18,775,
55,Player 1,4475,Park Lane,18,775,
55,Player 2,2041,Community Chest,9,151,
56,Player 1,4675,The Angel Islington,19,425,
56,Player 2,2051,Fenchurch St Station,9,161,
57,Player 1,4675,Jail,19,225,
57,Player 2,2051,Piccadilly,9,161,
58,Player 1,4697,Electric Company ,19,247,
58,Player 1,4689,Northumberland Avenue,19,239,
58,Player 1,4689,Marlborough Street,19,239,
58,Player 2,2037,Liverpool Street,9,147,
58,Player 2,2187,Income Tax,9,297,
59,Player 1,4739,Chance,19,289,
59,Player 1,4739,Fenchurch St Station,19,289,
59,Player 2,2037,Jail,9,147,
60,Player 1,4689,Community Chest,19,239,
60,Player 2,2037,Chance,9,147,
60,Player 2,2022,Coventry Street,9,132,
61,Player 1,4639,Mayfair,19,189,
61,Player 2,2022,Oxford Street,9,132,
62,Player 1,4865,Kings Cross Station,19,415,
62,Player 2,2046,Mayfair,9,156,
63,Player 1,5015,Whitehall ,19,365,
63,Player 2,2116,Kings Cross Station,9,226,
64,Player 1,5015,The Strand,19,365,
64,Player 2,2116,Whitehall ,9,226,
65,Player 1,5025,Go To Jail,19,375,
65,Player 1,5025,Jail,19,375,
65,Player 2,2106,Fleet Street,9,216,
66,Player 1,5025,Jail,19,375,
66,Player 2,2106,Leicester Square,9,216,
67,Player 1,4997,Community Chest,19,347,
67,Player 2,2084,Liverpool Street,9,194,
68,Player 1,5072,The Strand,19,222,
68,Player 1,5072,Leicester Square,19,222,
68,Player 2,2234,Community Chest,9,344,
69,Player 1,5072,Community Chest,19,222,
69,Player 2,2176,The Angel Islington,9,286,
70,Player 1,5872,GO,19,422,
70,Player 2,1971,Marlborough Street,9,81,
70,Player 2,1971,Piccadilly,9,81,
71,Player 1,5894,Pall Mall,19,244,
71,Player 2,1949,Community Chest,9,59,
71,Player 2,1949,Jail,9,59,
72,Player 1,5894,Community Chest,19,244,
72,Player 1,5844,Vine Street,19,194,
72,Player 1,5844,Piccadilly,19,194,
72,Player 2,1949,Jail,9,59,
73,Player 1,5844,Regent Street,19,194,
73,Player 1,5844,Community Chest,19,194,
73,Player 1,6054,Community Chest,19,404,
73,Player 1,6054,Electric Company ,19,404,
73,Player 2,1995,Northumberland Avenue,9,105,
74,Player 1,6030,Community Chest,19,380,
74,Player 1,6030,Old Kent Road,19,380,
74,Player 2,1983,Fenchurch St Station,9,93,
75,Player 1,6030,Income Tax,19,380,
75,Player 2,1983,Oxford Street,9,93,
76,Player 1,5856,Pall Mall,19,206,
76,Player 2,1957,Mayfair,9,67,
76,Player 2,0,Mayfair,0,0,
1,Player 1,1500,Pall Mall,0,1500,
1,Player 2,1500,Kings Cross Station,0,1500,
2,Player 1,1500,Chance,1,1360,
2,Player 2,1500,Pentonville Road,1,1300,
3,Player 1,1550,Water Works,1,1410,
3,Player 2,1500,Community Chest,2,1180,
4,Player 1,1550,Liverpool Street,2,1260,
4,Player 2,1510,Coventry Street,2,1190,
5,Player 1,1750,Income Tax,3,1260,
5,Player 2,1367,Chance,3,787,
6,Player 1,1575,Jail,3,1085,
6,Player 1,1575,Whitehall ,3,1085,
6,Player 2,1567,Income Tax,3,987,
6,Player 2,1411,Northumberland Avenue,3,831,
6,Player 2,1411,Community Chest,4,671,
7,Player 1,1575,Fleet Street,4,945,
7,Player 1,1575,Regent Street,5,725,
7,Player 1,1575,Park Lane,6,425,
7,Player 2,1455,Free Parking,5,365,
8,Player 1,1775,Kings Cross Station,6,625,
8,Player 2,1480,Fenchurch St Station,5,390,
9,Player 1,1750,Pall Mall,7,400,
9,Player 2,1480,Regent Street,5,390,
10,Player 1,1776,Vine Street,7,426,
10,Player 2,1454,Super Tax,5,364,
11,Player 1,1776,Go To Jail,8,226,
11,Player 1,1776,Jail,8,226,
11,Player 2,1554,Jail,5,464,
11,Player 2,1554,Northumberland Avenue,5,464,
11,Player 2,1554,Chance,5,464,
12,Player 1,1776,Jail,8,226,
12,Player 2,1534,Water Works,5,444,
13,Player 1,1750,Bow Street,8,200,
13,Player 2,1573,Park Lane,6,303,
14,Player 1,1750,Trafalgar Square,8,200,
14,Player 2,1905,Whitechapel Road,7,395,
15,Player 1,1750,Chance,8,200,
15,Player 1,1750,Community Chest,8,200,
15,Player 1,1850,Mayfair,8,300,
15,Player 2,2125,Pentonville Road,9,155,
15,Player 2,2125,Bow Street,9,155,
16,Player 1,2050,Chance,8,500,
16,Player 2,2125,Chance,9,155,
16,Player 2,2125,Pall Mall,9,155,
17,Player 1,2045,Whitehall ,8,495,
17,Player 2,2115,Community Chest,9,145,
18,Player 1,2045,Vine Street,8,495,
18,Player 2,2315,Coventry Street,9,345,
18,Player 2,2315,Oxford Street,9,345,
19,Player 1,2165,Regent Street,9,315,
19,Player 1,2165,Park Lane,9,315,
19,Player 1,2330,Whitechapel Road,9,480,
19,Player 2,2554,Whitechapel Road,9,584,
20,Player 1,2326,Pentonville Road,9,476,
20,Player 2,2562,Electric Company ,9,392,
21,Player 1,2318,Free Parking,9,468,
21,Player 2,2562,Northumberland Avenue,10,242,
21,Player 2,2562,Trafalgar Square,10,242,
22,Player 1,2318,Coventry Street,9,468,
22,Player 2,2584,Bond Street,10,264,
23,Player 1,2488,Bond Street,10,318,
23,Player 2,2784,Whitechapel Road,10,464,
24,Player 1,2688,Income Tax,10,518,
24,Player 1,2488,Euston Road,10,318,
24,Player 2,2784,Northumberland Avenue,10,264,
25,Player 1,2488,Community Chest,11,218,
25,Player 1,2488,Water Works,11,218,
25,Player 2,2784,Vine Street,10,264,
26,Player 1,2504,Liverpool Street,11,234,
26,Player 2,2768,Leicester Square,10,248,
27,Player 1,2704,Whitechapel Road,11,434,
27,Player 2,2915,Bond Street,11,135,
28,Player 1,2700,Jail,11,230,
28,Player 2,2915,Mayfair,11,135,
29,Player 1,2700,Community Chest,11,230,
29,Player 1,2700,Jail,11,230,
29,Player 2,3115,Jail,11,335,
30,Player 1,2700,Jail,11,230,
30,Player 2,3115,Northumberland Avenue,11,335,
31,Player 1,2650,Whitehall ,11,180,
31,Player 2,3115,Marlborough Street,11,335,
32,Player 1,2650,Marlborough Street,11,180,
32,Player 2,3129,Trafalgar Square,12,169,
32,Player 2,3129,Piccadilly,12,169,
33,Player 1,2636,Trafalgar Square,11,166,
33,Player 2,3359,Liverpool Street,13,119,
34,Player 1,2666,Regent Street,11,196,
34,Player 2,3509,Old Kent Road,13,269,
34,Player 2,3509,Euston Road,14,209,
35,Player 1,2672,Mayfair,11,202,
35,Player 2,3703,Bow Street,14,203,
36,Player 1,2672,Pentonville Road,11,202,
36,Player 2,3711,Chance,14,211,
37,Player 1,2664,Bow Street,11,194,
37,Player 2,3875,Piccadilly,14,375,
38,Player 1,2650,Vine Street,11,180,
38,Player 2,3875,Park Lane,14,375,
39,Player 1,2650,Trafalgar Square,11,180,
39,Player 2,4095,Old Kent Road,14,595,
40,Player 1,2630,Water Works,11,160,
40,Player 2,4095,Pentonville Road,14,245,
40,Player 2,4095,Whitehall ,14,245,
41,Player 1,2640,Super Tax,11,170,
41,Player 2,4085,Free Parking,14,235,
42,Player 1,2740,Chance,11,270,
42,Player 2,4085,Coventry Street,14,235,
43,Player 1,2840,Marylebone Station,11,370,
43,Player 2,4085,Regent Street,14,235,
44,Player 1,2892,Leicester Square,12,222,
44,Player 2,4277,GO,14,427,
45,Player 1,2848,Liverpool Street,12,178,
45,Player 2,4277,Kings Cross Station,14,227,
46,Player 1,3048,Whitechapel Road,12,378,
46,Player 2,4281,Marylebone Station,14,231,
47,Player 1,3144,Euston Road,12,274,
47,Player 2,4181,Fenchurch St Station,14,131,
48,Player 1,3244,Marylebone Station,12,374,
48,Player 2,4081,Chance,14,31,
48,Player 2,4081,GO,14,31,
49,Player 1,3244,Fenchurch St Station,12,374,
49,Player 1,3244,Bond Street,12,374,
49,Player 2,4081,Euston Road,14,31,
50,Player 1,3450,Community Chest,12,580,
50,Player 2,4075,Electric Company ,14,25,
50,Player 2,4075,Northumberland Avenue,14,25,
50,Player 2,4075,The Strand,14,25,
51,Player 1,3598,Jail,13,308,
51,Player 2,4075,Water Works,14,25,
52,Player 1,3626,Vine Street,13,336,
52,Player 2,4347,GO,14,297,
52,Player 2,4347,Euston Road,14,297,
53,Player 1,3632,Leicester Square,13,342,
53,Player 2,4385,Marylebone Station,14,335,
54,Player 1,3688,Piccadilly,13,398,
54,Player 2,4405,The Strand,14,355,
55,Player 1,3586,Chance,13,296,
55,Player 1,3586,Jail,13,296,
55,Player 2,4387,Piccadilly,14,337,
56,Player 1,3586,Jail,13,296,
56,Player 2,4387,Liverpool Street,14,337,
57,Player 1,3636,Marlborough Street,13,346,
57,Player 2,4501,Community Chest,14,451,
58,Player 1,3622,Fleet Street,13,332,
58,Player 2,4491,Pall Mall,14,241,
59,Player 1,3632,Water Works,13,342,
59,Player 2,4481,Bow Street,14,231,
60,Player 1,3632,Oxford Street,13,342,
60,Player 2,4481,Vine Street,14,231,
61,Player 1,3648,Chance,13,358,
61,Player 1,3698,Income Tax,13,408,
61,Player 2,4465,Fenchurch St Station,14,215,
62,Player 1,3598,Electric Company ,13,308,
62,Player 2,4397,Community Chest,14,147,
62,Player 2,4397,GO,14,147,
63,Player 1,3566,Vine Street,13,276,
63,Player 2,4397,The Angel Islington,14,147,
64,Player 1,3576,Water Works,14,186,
64,Player 2,4397,Euston Road,14,147,
64,Player 2,4391,Electric Company ,14,141,
65,Player 1,3582,Bond Street,14,192,
65,Player 1,3582,Super Tax,14,192,
65,Player 2,4391,Bow Street,14,141,
65,Player 2,4391,Free Parking,14,141,
66,Player 1,3682,Kings Cross Station,14,292,
66,Player 2,4416,Trafalgar Square,14,166,
67,Player 1,3657,Pall Mall,14,267,
67,Player 2,4416,Water Works,14,166,
67,Player 2,4400,Liverpool Street,14,150,
68,Player 1,3773,Marlborough Street,14,383,
68,Player 2,4514,Income Tax,14,264,
69,Player 1,3759,Free Parking,14,369,
69,Player 1,3759,Leicester Square,14,369,
69,Player 1,3715,Chance,14,325,
69,Player 2,4358,Electric Company ,14,108,
70,Player 1,3795,Old Kent Road,14,405,
70,Player 2,4360,Community Chest,14,110,
70,Player 2,4360,Old Kent Road,14,110,
71,Player 1,3793,Kings Cross Station,14,203,
71,Player 2,4385,Euston Road,14,135,
72,Player 1,3774,Jail,14,184,
72,Player 2,4379,Marylebone Station,14,129,
73,Player 1,3874,Community Chest,14,284,
73,Player 2,4269,Marlborough Street,14,19,
74,Player 1,3884,Chance,14,294,
74,Player 1,3884,Mayfair,14,294,
74,Player 2,4069,Trafalgar Square,14,219,
75,Player 1,3269,Chance,14,279,
75,Player 1,3269,Marylebone Station,14,279,
75,Player 2,4069,Go To Jail,14,219,
75,Player 2,4069,Jail,14,219,
76,Player 1,3214,Chance,14,224,
76,Player 1,3214,Fenchurch St Station,14,224,
76,Player 2,4069,Jail,14,219,
77,Player 1,3214,Bond Street,14,224,
77,Player 2,4019,The Strand,14,169,
78,Player 1,3414,Community Chest,14,424,
78,Player 2,4019,Go To Jail,14,169,
78,Player 2,4019,Jail,14,169,
79,Player 1,3203,Electric Company ,14,213,
79,Player 2,4059,Jail,14,209,
80,Player 1,3163,Community Chest,14,173,
80,Player 2,4009,Community Chest,14,159,
81,Player 1,3183,Leicester Square,14,193,
81,Player 2,4169,The Strand,14,319,
82,Player 1,3073,Piccadilly,14,83,
82,Player 2,4289,Piccadilly,14,289,
83,Player 1,3023,Chance,14,33,
83,Player 2,4289,Community Chest,14,289,
84,Player 1,3273,Community Chest,14,283,
84,Player 2,4389,GO,14,389,
85,Player 1,3206,Electric Company ,14,216,
85,Player 2,4429,The Angel Islington,14,279,
86,Player 1,3172,Trafalgar Square,14,182,
86,Player 1,3152,Community Chest,14,162,
86,Player 2,4443,Pall Mall,14,293,
87,Player 1,3312,GO,14,322,
87,Player 2,4433,Marlborough Street,14,283,
88,Player 1,3312,Kings Cross Station,14,322,
88,Player 2,4458,Piccadilly,14,308,
89,Player 1,3287,Whitehall ,14,297,
89,Player 1,3287,Fleet Street,14,297,
89,Player 2,4458,Super Tax,14,308,
90,Player 1,3287,Regent Street,14,297,
90,Player 2,4558,Chance,14,408,
91,Player 1,3287,Chance,14,297,
91,Player 2,4183,Bow Street,14,33,
92,Player 1,3467,Community Chest,14,477,
92,Player 2,4183,Fleet Street,14,33,
93,Player 1,3347,Euston Road,14,357,
93,Player 1,3347,Bow Street,14,357,
93,Player 2,4197,Coventry Street,14,47,
93,Player 2,4197,Go To Jail,14,47,
93,Player 2,4197,Jail,14,47,
94,Player 1,3333,Fenchurch St Station,14,343,
94,Player 2,4197,Jail,14,47,
95,Player 1,3333,Community Chest,14,343,
95,Player 2,4197,Jail,14,47,
96,Player 1,3513,GO,14,523,
96,Player 2,4197,Jail,14,47,
97,Player 1,3392,The Angel Islington,14,202,
97,Player 2,4197,Jail,14,47,
98,Player 1,3392,Pentonville Road,14,202,
98,Player 2,4205,Community Chest,14,55,
98,Player 2,4205,Water Works,14,55,
99,Player 1,3412,Marylebone Station,14,222,
99,Player 2,4177,Liverpool Street,14,27,
100,Player 1,3512,Free Parking,14,322,
100,Player 2,4377,Old Kent Road,14,227,
101,Player 1,3512,Chance,14,322,
101,Player 1,3512,Vine Street,14,322,
101,Player 1,3512,Leicester Square,14,322,
101,Player 2,4597,Whitechapel Road,14,297,
101,Player 2,4597,Whitehall ,14,297,
102,Player 1,3262,Oxford Street,14,72,
102,Player 1,3262,Mayfair,14,72,
102,Player 1,0,Mayfair,0,0,
1,Player 1,1500,Community Chest,0,1500,
1,Player 1,1500,Old Kent Road,0,1500,
1,Player 1,1500,Pall Mall,1,1440,
1,Player 2,1500,Kings Cross Station,0,1500,
2,Player 1,1500,Marlborough Street,2,1300,
2,Player 2,1500,Euston Road,1,1300,
3,Player 1,1500,Leicester Square,3,1120,
3,Player 2,1500,Marylebone Station,2,1200,
4,Player 1,1500,Community Chest,4,860,
4,Player 2,1490,Free Parking,3,990,
5,Player 1,1510,Liverpool Street,4,870,
5,Player 1,1710,Chance,5,870,
5,Player 1,1710,Income Tax,5,870,
5,Player 1,1539,Jail,5,699,
5,Player 2,1490,Coventry Street,3,990,
6,Player 1,1539,Jail,5,699,
6,Player 2,1490,Bond Street,4,730,
7,Player 1,1489,Marlborough Street,5,649,
7,Player 2,1490,Park Lane,5,410,
8,Player 1,1600,Fenchurch St Station,6,410,
8,Player 2,1690,Community Chest,5,610,
9,Player 1,1600,Chance,7,210,
9,Player 2,1715,Jail,5,635,
10,Player 1,1785,The Angel Islington,7,395,
10,Player 2,1715,Community Chest,5,635,
11,Player 1,1785,Pall Mall,8,295,
11,Player 2,1735,Fleet Street,5,655,
12,Player 1,1785,The Strand,8,295,
12,Player 2,1812,Go To Jail,7,292,
12,Player 2,1812,Jail,7,292,
13,Player 1,1785,Regent Street,8,295,
13,Player 1,1785,Chance,8,295,
13,Player 1,1785,Pall Mall,8,295,
13,Player 2,1977,Jail,8,157,
14,Player 1,1785,Marlborough Street,8,295,
14,Player 2,1927,Community Chest,8,107,
15,Player 1,1785,Fleet Street,8,295,
15,Player 2,1995,Trafalgar Square,8,175,
16,Player 1,1887,Regent Street,9,157,
16,Player 2,2021,Water Works,8,201,
17,Player 1,1861,Park Lane,9,131,
17,Player 2,2093,Park Lane,9,123,
18,Player 1,2096,Kings Cross Station,9,366,
18,Player 1,2046,Bow Street,9,316,
18,Player 2,2308,Community Chest,9,338,
19,Player 1,2046,Fleet Street,10,136,
19,Player 2,2226,Euston Road,9,256,
20,Player 1,2028,Community Chest,10,118,
20,Player 2,2226,Bow Street,9,256,
21,Player 1,2252,Community Chest,10,342,
21,Player 2,2212,Leicester Square,9,242,
21,Player 2,2190,Regent Street,9,220,
22,Player 1,2224,Pall Mall,10,314,
22,Player 2,2190,Super Tax,9,220,
23,Player 1,2224,Bow Street,10,314,
23,Player 2,2290,Whitechapel Road,9,320,
24,Player 1,2224,Vine Street,10,314,
24,Player 2,2290,Pentonville Road,10,260,
25,Player 1,2224,Fleet Street,11,114,
25,Player 1,2206,Liverpool Street,11,96,
25,Player 1,2406,Community Chest,11,296,
25,Player 2,2308,Marlborough Street,11,158,
26,Player 1,2534,Euston Road,11,124,
26,Player 1,2528,Northumberland Avenue,11,118,
26,Player 2,2286,Free Parking,11,136,
26,Player 2,2286,Leicester Square,11,136,
27,Player 1,2646,The Strand,12,76,
27,Player 2,2282,Water Works,11,132,
27,Player 2,2282,Chance,11,132,
28,Player 1,2628,Go To Jail,12,58,
28,Player 1,2628,Jail,12,58,
28,Player 2,2632,Whitechapel Road,11,482,
29,Player 1,2628,Jail,12,58,
29,Player 2,2632,Pentonville Road,11,482,
30,Player 1,2578,Vine Street,12,8,
30,Player 2,2632,Bow Street,11,482,
31,Player 1,2648,Trafalgar Square,12,78,
31,Player 2,2562,Fleet Street,11,412,
32,Player 1,2648,Liverpool Street,12,78,
32,Player 2,2562,Bond Street,11,412,
33,Player 1,2848,GO,12,278,
33,Player 2,2762,Community Chest,11,612,
34,Player 1,2788,Whitechapel Road,11,178,
34,Player 2,2426,Electric Company ,12,216,
35,Player 1,2784,Euston Road,11,174,
35,Player 2,2432,Bow Street,13,72,
36,Player 1,2848,Vine Street,11,138,
36,Player 2,2362,Fenchurch St Station,13,2,
37,Player 1,2898,Fleet Street,11,188,
37,Player 2,2430,Go To Jail,13,70,
37,Player 2,2430,Jail,13,70,
38,Player 1,2880,Community Chest,11,170,
38,Player 1,2880,Electric Company ,11,170,
38,Player 2,2530,Jail,13,170,
39,Player 1,2780,Vine Street,11,70,
39,Player 2,2480,Bow Street,13,120,
39,Player 2,2380,Free Parking,13,20,
39,Player 2,2380,Jail,13,20,
40,Player 1,2980,Fleet Street,11,170,
40,Player 2,2398,Jail,13,38,
40,Player 2,2398,Bow Street,13,38,
41,Player 1,3162,Water Works,11,152,
41,Player 2,2498,Marlborough Street,13,138,
41,Player 2,2398,Leicester Square,13,38,
42,Player 1,3334,Bond Street,11,224,
42,Player 2,2404,Regent Street,13,44,
43,Player 1,3506,Old Kent Road,11,396,
43,Player 2,2406,Liverpool Street,13,46,
44,Player 1,3554,The Angel Islington,11,144,
44,Player 2,2656,The Angel Islington,13,296,
45,Player 1,3560,Whitehall ,11,150,
45,Player 2,2630,Pall Mall,14,130,
46,Player 1,3570,Marlborough Street,11,160,
46,Player 2,2620,Free Parking,14,120,
47,Player 1,3570,Fleet Street,11,160,
47,Player 2,2638,Piccadilly,14,138,
48,Player 1,3748,Piccadilly,12,58,
48,Player 2,2638,Chance,14,138,
49,Player 1,3748,Mayfair,12,58,
49,Player 1,3948,Whitechapel Road,12,258,
49,Player 2,3302,Chance,15,402,
49,Player 2,3302,GO,15,402,
50,Player 1,3544,Electric Company ,12,154,
50,Player 2,3172,Income Tax,15,272,
51,Player 1,3454,The Strand,12,64,
51,Player 2,2990,Pall Mall,15,90,
52,Player 1,3446,Coventry Street,12,56,
52,Player 2,3002,The Strand,15,102,
52,Player 2,3002,Regent Street,15,102,
53,Player 1,3424,Chance,12,34,
53,Player 1,3424,Jail,12,34,
53,Player 2,3002,Bond Street,15,102,
54,Player 1,3424,Jail,12,34,
54,Player 2,3002,Chance,15,102,
54,Player 2,3152,Euston Road,15,252,
54,Player 2,3152,Vine Street,15,252,
55,Player 1,3624,Jail,12,834,
55,Player 2,2912,Piccadilly,15,12,
56,Player 1,3596,Vine Street,12,806,
56,Player 2,2990,Chance,15,90,
57,Player 1,3596,Piccadilly,12,806,
57,Player 2,3190,Community Chest,15,290,
57,Player 2,3190,Jail,15,290,
58,Player 1,3596,Super Tax,12,806,
58,Player 2,3135,Jail,15,235,
59,Player 1,3696,The Angel Islington,12,906,
59,Player 2,3085,Bow Street,15,185,
60,Player 1,3386,Euston Road,13,156,
60,Player 1,3386,Bow Street,13,156,
60,Player 2,2905,Vine Street,14,145,
61,Player 1,3986,Marlborough Street,13,156,
61,Player 1,3986,Trafalgar Square,13,156,
61,Player 1,3986,Go To Jail,13,156,
61,Player 1,3986,Jail,13,156,
61,Player 2,2815,Coventry Street,14,55,
62,Player 1,3986,Jail,13,156,
62,Player 2,2815,Oxford Street,14,55,
63,Player 1,4206,Community Chest,14,76,
63,Player 2,2815,Park Lane,14,55,
64,Player 1,4191,Free Parking,14,61,
64,Player 2,2980,Income Tax,14,220,
65,Player 1,4191,Chance,14,61,
65,Player 1,4191,Mayfair,14,61,
65,Player 1,4341,The Angel Islington,14,211,
65,Player 2,2830,Jail,14,70,
66,Player 1,3941,Whitehall ,14,111,
66,Player 2,2830,Community Chest,14,70,
67,Player 1,3941,The Strand,14,111,
67,Player 2,2930,Fenchurch St Station,14,170,
68,Player 1,3991,Piccadilly,14,161,
68,Player 2,2880,Regent Street,14,120,
68,Player 2,2880,Super Tax,14,120,
69,Player 1,4191,GO,14,361,
69,Player 2,2980,Whitechapel Road,14,220,
70,Player 1,3791,Kings Cross Station,14,261,
70,Player 2,2975,Electric Company ,14,215,
71,Player 1,3741,Pall Mall,14,211,
71,Player 2,2975,Fleet Street,14,215,
72,Player 1,3741,Vine Street,14,211,
72,Player 2,2975,Bond Street,14,215,
73,Player 1,3741,Go To Jail,14,211,
73,Player 1,3741,Jail,14,211,
73,Player 2,3175,Whitechapel Road,14,415,
74,Player 1,3741,Jail,14,211,
74,Player 2,3065,Electric Company ,14,305,
75,Player 1,3691,Community Chest,14,161,
75,Player 1,3691,GO,14,161,
75,Player 2,3065,Free Parking,14,305,
76,Player 1,3691,The Angel Islington,14,161,
76,Player 2,3065,Water Works,14,305,
76,Player 2,3065,Bond Street,14,305,
76,Player 2,3265,Community Chest,14,505,
76,Player 2,3265,Old Kent Road,14,505,
77,Player 1,3691,Pentonville Road,14,161,
77,Player 2,3163,Pentonville Road,14,53,
78,Player 1,3683,Marylebone Station,14,153,
78,Player 2,3213,Marlborough Street,14,53,
79,Player 1,4583,Leicester Square,14,1053,
79,Player 2,3173,Leicester Square,14,13,
80,Player 1,4605,Go To Jail,14,1075,
80,Player 1,4605,Jail,14,1075,
80,Player 2,3251,Oxford Street,14,91,
80,Player 2,3225,Mayfair,14,65,
81,Player 1,4631,Jail,14,1101,
81,Player 2,3425,The Angel Islington,14,265,
82,Player 1,4587,Whitehall ,14,1057,
82,Player 2,2964,Whitehall ,14,104,
83,Player 1,5337,Chance,14,1807,
83,Player 1,5337,Marylebone Station,14,1807,
83,Player 2,2914,The Strand,14,54,
84,Player 1,5287,Vine Street,14,1757,
84,Player 2,2914,Fenchurch St Station,14,54,
85,Player 1,5337,Coventry Street,14,1807,
85,Player 2,2864,Liverpool Street,14,4,
86,Player 1,5387,Super Tax,14,1857,
86,Player 2,3114,Whitechapel Road,14,254,
87,Player 1,5487,Whitechapel Road,14,1957,
87,Player 2,3168,Whitehall ,14,308,
88,Player 1,5787,Euston Road,14,2257,
88,Player 2,2958,Free Parking,14,98,
89,Player 1,5787,Marlborough Street,14,2257,
89,Player 2,2958,Coventry Street,14,98,
90,Player 1,5787,Water Works,14,2257,
90,Player 2,3003,Bond Street,14,143,
91,Player 1,5687,Liverpool Street,14,2157,
91,Player 2,3203,Kings Cross Station,14,343,
92,Player 1,5887,Community Chest,14,2357,
92,Player 2,3193,Electric Company ,14,333,
93,Player 1,5897,Chance,14,2367,
93,Player 1,5897,Marylebone Station,14,2367,
93,Player 2,3133,Bow Street,14,273,
93,Player 2,2943,Trafalgar Square,14,83,
94,Player 1,4477,Chance,15,237,
94,Player 2,2663,Bond Street,13,63,
94,Player 2,2863,GO,13,263,
95,Player 1,4527,Water Works,15,287,
95,Player 2,2868,Jail,13,268,
95,Player 2,2868,The Strand,13,268,
96,Player 1,4467,Park Lane,15,227,
96,Player 2,2868,Coventry Street,13,268,
97,Player 1,4667,Income Tax,15,427,
97,Player 2,2868,Oxford Street,13,268,
98,Player 1,4493,Marylebone Station,15,253,
98,Player 2,3092,Old Kent Road,13,492,
99,Player 1,4443,Vine Street,15,203,
99,Player 1,4443,Leicester Square,15,203,
99,Player 2,2872,Pentonville Road,13,272,
100,Player 1,4443,Community Chest,15,203,
100,Player 2,2872,Northumberland Avenue,13,272,
101,Player 1,5425,Community Chest,15,435,
101,Player 2,2602,Marlborough Street,13,2,
101,Player 2,2917,Leicester Square,13,17,
102,Player 1,5395,Jail,15,1155,
102,Player 2,2972,Community Chest,13,72,
103,Player 1,5395,Marlborough Street,15,1155,
103,Player 2,2822,Mayfair,13,72,
104,Player 1,5395,Fleet Street,15,1155,
104,Player 2,3022,Chance,13,272,
105,Player 1,5395,Go To Jail,15,1155,
105,Player 1,5395,Jail,15,1155,
105,Player 2,2822,Pall Mall,13,72,
106,Player 1,6145,Jail,15,1905,
106,Player 2,2652,The Strand,13,52,
107,Player 1,6095,Bow Street,15,1855,
107,Player 2,2652,Piccadilly,13,52,
108,Player 1,7295,Coventry Street,15,3055,
108,Player 2,2992,Chance,13,92,
109,Player 1,7295,Park Lane,15,3055,
109,Player 1,7495,Whitechapel Road,15,3255,
109,Player 2,2971,Whitechapel Road,13,371,
110,Player 1,7175,Kings Cross Station,15,2935,
110,Player 1,7125,Pall Mall,15,2885,
110,Player 2,2857,Northumberland Avenue,13,257,
111,Player 1,8025,Community Chest,15,3785,
111,Player 1,7925,Water Works,15,3685,
111,Player 2,2792,Fleet Street,13,192,
112,Player 1,7815,Liverpool Street,15,3575,
112,Player 2,2792,Community Chest,13,192,
113,Player 1,8015,Income Tax,15,3775,
113,Player 2,2802,Super Tax,13,202,
114,Player 1,7815,Jail,15,3575,
114,Player 2,2902,Old Kent Road,13,302,
115,Player 1,7815,Marlborough Street,15,3575,
115,Player 2,2902,Euston Road,13,302,
116,Player 1,7815,Fleet Street,15,3575,
116,Player 2,2902,Whitehall ,13,302,
117,Player 1,4965,Go To Jail,16,325,
117,Player 1,4965,Jail,16,325,
117,Player 2,2272,Chance,12,72,
117,Player 2,2272,Vine Street,12,72,
118,Player 1,5745,Jail,16,305,
118,Player 2,2362,Fenchurch St Station,12,12,
118,Player 2,2412,Water Works,12,62,
119,Player 1,5745,The Strand,16,305,
119,Player 2,2412,Liverpool Street,12,62,
120,Player 1,5795,Trafalgar Square,16,355,
120,Player 2,2562,Old Kent Road,12,212,
121,Player 1,5795,Go To Jail,16,355,
121,Player 1,5795,Jail,16,355,
121,Player 2,2307,Chance,12,107,
122,Player 1,5795,Jail,16,355,
122,Player 2,2292,Pentonville Road,12,92,
122,Player 2,2292,Pall Mall,12,92,
122,Player 2,2322,Marlborough Street,12,122,
123,Player 1,6645,Free Parking,16,1005,
123,Player 1,6645,Water Works,16,1005,
123,Player 1,6565,Jail,16,925,
123,Player 2,2307,Water Works,12,107,
124,Player 1,6565,Jail,16,925,
124,Player 2,2307,Bond Street,12,107,
125,Player 1,6515,Northumberland Avenue,16,875,
125,Player 2,2507,Old Kent Road,12,307,
126,Player 1,6515,Chance,16,875,
126,Player 1,6515,Pall Mall,16,875,
126,Player 2,2386,Pentonville Road,12,186,
126,Player 2,2386,Vine Street,12,186,
127,Player 1,7515,Marlborough Street,16,1875,
127,Player 2,2241,Water Works,12,41,
128,Player 1,7515,Chance,16,1875,
128,Player 2,2241,Liverpool Street,12,41,
129,Player 1,7715,Piccadilly,16,2075,
129,Player 2,2491,Whitechapel Road,12,291,
130,Player 1,7715,Bond Street,16,2075,
130,Player 2,2436,Jail,12,236,
131,Player 1,7715,Mayfair,16,2075,
131,Player 2,2436,The Strand,12,236,
132,Player 1,7915,Chance,16,2275,
132,Player 1,8015,Pentonville Road,16,2375,
132,Player 1,8007,Bow Street,16,2367,
132,Player 2,2444,Go To Jail,12,244,
132,Player 2,2444,Jail,12,244,
133,Player 1,8007,Free Parking,16,2367,
133,Player 1,8007,Oxford Street,16,2367,
133,Player 1,8007,Super Tax,16,2367,
133,Player 2,2444,Jail,12,244,
134,Player 1,8107,Kings Cross Station,16,2467,
134,Player 2,2444,Marlborough Street,12,244,
135,Player 1,9007,Electric Company ,16,3367,
135,Player 2,2344,Fleet Street,12,144,
136,Player 1,8937,Free Parking,16,3297,
136,Player 2,2344,Coventry Street,12,144,
137,Player 1,9287,Coventry Street,16,4247,
137,Player 2,2534,Park Lane,12,34,
137,Player 2,0,Park Lane,0,0,
137,Player 2,200,Income Tax,0,200,
1,Player 1,1500,Chance,0,1500,
1,Player 1,1500,Marylebone Station,0,1500,
1,Player 2,1500,Electric Company ,0,1500,
1,Player 2,1500,The Strand,1,1350,
2,Player 1,1500,Fleet Street,1,1300,
2,Player 2,1500,Piccadilly,2,1130,
3,Player 1,1500,Go To Jail,2,1080,
3,Player 1,1500,Jail,2,1080,
3,Player 2,1700,GO,3,1050,
4,Player 1,1500,Jail,2,1080,
4,Player 2,1700,Pall Mall,3,1050,
5,Player 1,1450,The Strand,2,1030,
5,Player 2,1718,Free Parking,4,928,
6,Player 1,1432,Regent Street,2,1012,
6,Player 2,1718,Trafalgar Square,4,928,
6,Player 2,1718,Go To Jail,5,688,
6,Player 2,1718,Jail,5,688,
7,Player 1,1632,Old Kent Road,3,912,
7,Player 1,1632,Pentonville Road,4,852,
7,Player 1,1632,Electric Company ,5,732,
7,Player 2,1730,Jail,5,700,
8,Player 1,1620,Free Parking,5,720,
8,Player 2,1680,Community Chest,5,650,
9,Player 1,1620,Water Works,5,720,
9,Player 1,1620,Liverpool Street,6,570,
9,Player 2,1730,Free Parking,5,700,
10,Player 1,1620,Super Tax,7,370,
10,Player 2,1730,Coventry Street,5,700,
11,Player 1,1720,Pentonville Road,7,470,
11,Player 2,1730,Park Lane,6,440,
12,Player 1,1797,Whitehall ,8,197,
12,Player 2,1979,The Angel Islington,7,549,
13,Player 1,1797,Chance,8,197,
13,Player 2,1979,Marlborough Street,8,449,
13,Player 2,1979,Coventry Street,9,269,
14,Player 1,1782,Oxford Street,8,182,
14,Player 2,2174,Community Chest,10,164,
15,Player 1,1982,GO,8,382,
15,Player 2,2124,Mayfair,10,114,
16,Player 1,2302,Chance,9,302,
16,Player 1,2302,Marylebone Station,9,302,
16,Player 2,2324,The Angel Islington,10,314,
17,Player 1,2302,Chance,9,302,
17,Player 2,2324,Pall Mall,10,314,
18,Player 1,2352,Regent Street,9,352,
18,Player 2,2324,Northumberland Avenue,10,314,
19,Player 1,2552,Old Kent Road,9,552,
19,Player 2,2324,Vine Street,11,154,
20,Player 1,2652,Pall Mall,10,252,
20,Player 2,2344,Water Works,11,174,
21,Player 1,2668,The Strand,10,268,
21,Player 1,2650,Water Works,10,250,
21,Player 2,2326,Chance,11,156,
22,Player 1,2650,Liverpool Street,10,250,
22,Player 2,2526,Income Tax,11,356,
23,Player 1,2850,Old Kent Road,10,450,
23,Player 2,2326,Northumberland Avenue,11,156,
24,Player 1,2850,Whitehall ,10,250,
24,Player 1,2830,The Strand,10,230,
24,Player 2,2364,Trafalgar Square,11,194,
25,Player 1,2812,Coventry Street,10,212,
25,Player 2,2386,Piccadilly,11,216,
26,Player 1,2790,Liverpool Street,10,190,
26,Player 2,2386,Park Lane,11,216,
27,Player 1,3165,The Angel Islington,10,565,
27,Player 2,2417,GO,11,247,
28,Player 1,3159,Whitehall ,10,359,
28,Player 2,2437,Chance,11,267,
29,Player 1,3139,The Strand,10,339,
29,Player 2,2455,Vine Street,11,285,
29,Player 2,2439,Water Works,11,269,
30,Player 1,3173,Piccadilly,10,373,
30,Player 2,2625,GO,11,455,
30,Player 2,2625,Pall Mall,11,455,
31,Player 1,3151,Super Tax,10,351,
31,Player 2,2625,Marlborough Street,11,155,
32,Player 1,3251,The Angel Islington,10,451,
32,Player 2,2631,Fleet Street,11,161,
33,Player 1,3263,Pall Mall,10,263,
33,Player 2,2663,Oxford Street,11,193,
34,Player 1,3213,Marlborough Street,10,213,
34,Player 2,2677,Super Tax,11,107,
35,Player 1,3199,Piccadilly,10,199,
35,Player 2,2799,The Angel Islington,11,229,
35,Player 2,2799,Community Chest,11,229,
36,Player 1,3177,Mayfair,10,177,
36,Player 2,2699,Fleet Street,11,129,
36,Player 2,2681,Go To Jail,11,111,
36,Player 2,2681,Jail,11,111,
37,Player 1,3395,Euston Road,10,395,
37,Player 2,2681,Jail,11,111,
38,Player 1,3395,Marlborough Street,11,295,
38,Player 2,2645,Northumberland Avenue,11,75,
39,Player 1,3381,The Strand,11,281,
39,Player 2,2663,The Strand,11,93,
40,Player 1,3363,Coventry Street,11,263,
40,Player 1,3341,Piccadilly,11,241,
40,Player 1,3319,Chance,11,219,
40,Player 1,3319,Mayfair,11,219,
40,Player 2,2707,Go To Jail,11,137,
40,Player 2,2707,Jail,11,137,
41,Player 1,3519,The Angel Islington,11,419,
41,Player 2,2713,Jail,11,143,
42,Player 1,3513,Northumberland Avenue,11,213,
42,Player 2,2843,Electric Company ,11,173,
42,Player 2,2843,Community Chest,11,173,
42,Player 2,2843,Jail,11,173,
43,Player 1,3333,Vine Street,11,33,
43,Player 2,2843,Jail,11,173,
44,Player 1,3333,Leicester Square,11,33,
44,Player 2,3027,Vine Street,12,97,
45,Player 1,3349,Bond Street,11,49,
45,Player 1,3549,Old Kent Road,11,249,
45,Player 2,3299,Piccadilly,13,49,
46,Player 1,3549,The Angel Islington,11,249,
46,Player 2,3305,Liverpool Street,13,55,
47,Player 1,3593,Whitehall ,11,293,
47,Player 2,3605,Community Chest,13,355,
48,Player 1,3443,Free Parking,11,143,
48,Player 2,3615,Jail,13,165,
49,Player 1,3443,Coventry Street,11,143,
49,Player 2,3659,Bow Street,13,109,
50,Player 1,3399,Liverpool Street,11,99,
50,Player 2,3776,Water Works,14,46,
50,Player 2,3803,Community Chest,14,73,
50,Player 2,3803,GO,14,73,
51,Player 1,3647,Kings Cross Station,11,347,
51,Player 1,3647,Euston Road,12,147,
51,Player 2,3803,Whitechapel Road,14,73,
52,Player 1,3665,Marylebone Station,13,105,
52,Player 2,3803,Electric Company ,14,73,
53,Player 1,3665,Fenchurch St Station,13,105,
53,Player 2,3803,The Strand,14,73,
54,Player 1,3825,Bond Street,14,65,
54,Player 2,3831,Piccadilly,14,101,
55,Player 1,3997,Community Chest,14,237,
55,Player 2,3831,Community Chest,14,101,
55,Player 2,3831,Electric Company ,14,101,
55,Player 2,3831,Community Chest,14,101,
56,Player 1,4097,Jail,14,337,
56,Player 1,4097,Free Parking,14,337,
56,Player 1,4097,Jail,14,337,
56,Player 2,3851,Fenchurch St Station,14,121,
57,Player 1,4297,Jail,14,337,
57,Player 2,3836,Park Lane,14,106,
57,Player 2,3651,GO,14,221,
58,Player 1,4447,Marlborough Street,15,387,
58,Player 2,3551,Kings Cross Station,13,121,
59,Player 1,4592,Coventry Street,15,332,
59,Player 2,3536,Electric Company ,13,106,
60,Player 1,4592,Oxford Street,15,332,
60,Player 2,3536,Marylebone Station,13,106,
61,Player 1,4792,Liverpool Street,15,332,
61,Player 2,3521,Trafalgar Square,13,91,
62,Player 1,4792,Super Tax,15,332,
62,Player 2,3521,Liverpool Street,13,91,
63,Player 1,4292,Whitechapel Road,15,432,
63,Player 2,3706,Community Chest,13,276,
64,Player 1,3492,Kings Cross Station,15,232,
64,Player 1,3492,Northumberland Avenue,15,232,
64,Player 2,3929,Kings Cross Station,13,199,
65,Player 1,3552,Fenchurch St Station,15,292,
65,Player 2,3804,Pall Mall,13,74,
66,Player 1,3552,Oxford Street,15,292,
66,Player 2,3804,Marylebone Station,13,74,
67,Player 1,3642,Liverpool Street,15,382,
67,Player 2,3789,Fenchurch St Station,13,59,
67,Player 2,3774,Go To Jail,13,44,
67,Player 2,3774,Jail,13,44,
68,Player 1,3921,Community Chest,15,261,
68,Player 1,3921,Old Kent Road,15,261,
68,Player 2,3774,Jail,13,44,
69,Player 1,3921,Chance,15,261,
69,Player 1,3921,Income Tax,15,261,
69,Player 2,3774,Jail,13,44,
70,Player 1,3721,Whitehall ,15,61,
70,Player 2,4021,Jail,13,191,
71,Player 1,3581,Fleet Street,15,21,
71,Player 2,3971,Community Chest,13,141,
72,Player 1,3571,Coventry Street,15,11,
72,Player 2,3981,Water Works,13,151,
73,Player 1,3615,Go To Jail,15,55,
73,Player 1,3615,Jail,15,55,
73,Player 2,3937,Chance,13,107,
73,Player 2,4287,The Angel Islington,13,457,
74,Player 1,3705,Jail,15,145,
74,Player 2,4197,Electric Company ,13,167,
75,Player 1,3655,Northumberland Avenue,15,95,
75,Player 2,3268,Community Chest,13,138,
76,Player 1,4195,Fenchurch St Station,15,85,
76,Player 2,3468,Vine Street,13,338,
76,Player 2,3452,Trafalgar Square,13,322,
77,Player 1,4211,Regent Street,15,101,
77,Player 2,3452,Oxford Street,13,322,
78,Player 1,4211,Liverpool Street,15,101,
78,Player 1,4411,Chance,15,301,
78,Player 1,4511,Jail,15,401,
78,Player 2,3652,Whitechapel Road,13,522,
79,Player 1,4416,Jail,15,306,
79,Player 2,3632,Pall Mall,13,202,
79,Player 2,3632,Vine Street,13,202,
80,Player 1,4382,Northumberland Avenue,15,272,
80,Player 2,4351,Water Works,13,621,
81,Player 1,4010,Community Chest,15,100,
81,Player 2,4315,Chance,13,285,
81,Player 2,4315,Jail,13,285,
82,Player 1,3960,Chance,15,50,
82,Player 1,3960,GO,15,50,
82,Player 2,4315,Jail,13,285,
83,Player 1,3960,The Angel Islington,15,50,
83,Player 1,3960,Whitehall ,15,50,
83,Player 2,5015,Vine Street,13,235,
84,Player 1,3751,Community Chest,15,41,
84,Player 2,4999,Leicester Square,13,219,
85,Player 1,3818,Fenchurch St Station,15,108,
85,Player 2,4999,Community Chest,13,219,
86,Player 1,3818,Piccadilly,15,108,
86,Player 2,5674,GO,13,1194,
87,Player 1,4118,Chance,15,8,
87,Player 1,4118,Pall Mall,15,8,
87,Player 2,5224,Euston Road,13,1644,
88,Player 1,3700,Marlborough Street,14,140,
88,Player 2,3798,Pall Mall,14,68,
89,Player 1,3686,Fenchurch St Station,14,126,
89,Player 2,3798,Community Chest,14,68,
90,Player 1,3686,Liverpool Street,14,126,
90,Player 2,3748,Leicester Square,14,18,
91,Player 1,3686,Park Lane,14,126,
91,Player 1,3886,Income Tax,14,326,
91,Player 2,3748,Community Chest,14,18,
92,Player 1,3686,Electric Company ,14,126,
92,Player 2,3913,Mayfair,14,183,
93,Player 1,4324,Marylebone Station,14,764,
93,Player 2,6208,Kings Cross Station,14,228,
94,Player 1,4524,The Strand,14,964,
94,Player 2,6008,Whitehall ,14,28,
95,Player 1,4524,Piccadilly,14,964,
95,Player 2,5818,Vine Street,14,288,
96,Player 1,3615,Park Lane,14,55,
96,Player 2,5802,Leicester Square,14,272,
97,Player 1,3815,Whitechapel Road,14,255,
97,Player 2,5802,Community Chest,14,272,
97,Player 2,5802,Jail,14,272,
98,Player 1,3815,Marylebone Station,14,255,
98,Player 1,3815,The Strand,14,255,
98,Player 2,5820,Jail,14,290,
99,Player 1,3797,Fleet Street,14,237,
99,Player 1,3797,Regent Street,14,237,
99,Player 2,5770,Bow Street,14,240,
100,Player 1,3997,Community Chest,14,437,
100,Player 2,5770,Marlborough Street,14,240,
100,Player 2,5770,Fenchurch St Station,14,240,
101,Player 1,4097,Pall Mall,14,437,
101,Player 2,4430,Liverpool Street,14,100,
102,Player 1,3882,Community Chest,14,222,
102,Player 1,3882,GO,14,222,
102,Player 2,4615,Income Tax,14,285,
103,Player 1,3882,Chance,14,222,
103,Player 2,4415,Whitehall ,14,85,
104,Player 1,3862,Community Chest,14,202,
104,Player 1,3962,Fleet Street,14,302,
104,Player 2,4415,Free Parking,14,85,
105,Player 1,3962,Go To Jail,14,302,
105,Player 1,3962,Jail,14,302,
105,Player 2,4415,Coventry Street,14,85,
106,Player 1,3962,Jail,14,302,
106,Player 2,4415,Bond Street,14,85,
107,Player 1,3912,Whitehall ,14,252,
107,Player 2,4237,Community Chest,14,507,
107,Player 2,4237,Electric Company ,14,507,
107,Player 2,4237,Chance,14,507,
108,Player 1,3622,Trafalgar Square,14,12,
108,Player 2,4107,Go To Jail,14,377,
108,Player 2,4107,Jail,14,377,
109,Player 1,3702,Liverpool Street,14,92,
109,Player 2,4107,Jail,14,377,
110,Player 1,3702,Super Tax,14,92,
110,Player 2,4057,Community Chest,14,327,
111,Player 1,3902,Community Chest,14,292,
111,Player 1,3927,Electric Company ,14,317,
111,Player 2,4177,Free Parking,14,447,
112,Player 1,3827,Free Parking,14,217,
112,Player 2,4177,Leicester Square,14,447,
112,Player 2,4177,Community Chest,14,447,
112,Player 2,4177,Old Kent Road,14,447,
113,Player 1,3837,Coventry Street,14,227,
113,Player 2,5141,Electric Company ,14,1411,
114,Player 1,3332,Chance,14,22,
114,Player 1,3332,Kings Cross Station,14,22,
114,Player 2,5141,Vine Street,14,1411,
115,Player 1,3332,Bow Street,14,22,
115,Player 2,5155,Water Works,14,1425,
116,Player 1,3318,Chance,14,8,
116,Player 2,5155,Super Tax,14,1425,
117,Player 1,3403,Coventry Street,14,93,
117,Player 2,4605,The Angel Islington,15,375,
118,Player 1,2918,Regent Street,13,108,
118,Player 2,4515,Northumberland Avenue,15,285,
119,Player 1,2918,Mayfair,13,108,
119,Player 2,4515,Fenchurch St Station,15,285,
120,Player 1,3219,The Angel Islington,13,409,
120,Player 2,4315,Chance,15,85,
120,Player 2,4315,Marylebone Station,15,85,
121,Player 1,3089,Whitehall ,13,279,
121,Player 2,4737,Fenchurch St Station,15,207,
122,Player 1,2990,Free Parking,13,180,
122,Player 2,4537,Regent Street,15,7,
122,Player 2,4537,Mayfair,15,7,
123,Player 1,3080,Regent Street,13,270,
123,Player 2,5247,Kings Cross Station,15,267,
124,Player 1,3170,Super Tax,13,360,
124,Player 2,5047,Electric Company ,15,67,
125,Player 1,3270,Community Chest,13,460,
125,Player 2,5037,Free Parking,15,57,
126,Player 1,3159,Whitehall ,13,349,
126,Player 2,4984,Piccadilly,15,154,
127,Player 1,2859,Vine Street,13,49,
127,Player 1,2984,Leicester Square,13,174,
127,Player 2,5534,Chance,15,1304,
128,Player 1,2639,Community Chest,13,29,
128,Player 2,5784,The Angel Islington,15,1554,
129,Player 1,3008,Income Tax,13,398,
129,Player 2,5694,Euston Road,15,1464,
129,Player 2,5682,Whitehall ,15,1452,
130,Player 1,2820,Jail,13,210,
130,Player 2,5682,Vine Street,15,1452,
131,Player 1,2820,Bow Street,13,210,
131,Player 2,6632,Fenchurch St Station,15,2402,
132,Player 1,2676,Trafalgar Square,12,286,
132,Player 2,4492,Piccadilly,16,42,
133,Player 1,2636,Regent Street,12,246,
133,Player 2,4492,Park Lane,16,42,
133,Player 2,4692,Income Tax,16,242,
134,Player 1,2636,Park Lane,12,246,
134,Player 1,2836,Income Tax,12,446,
134,Player 2,4492,Whitehall ,16,42,
135,Player 1,2636,Pentonville Road,12,246,
135,Player 2,4492,Free Parking,16,42,
136,Player 1,2636,Marylebone Station,12,246,
136,Player 1,2636,Fleet Street,12,246,
136,Player 2,4492,Trafalgar Square,16,42,
137,Player 1,2636,Liverpool Street,12,246,
137,Player 1,2836,GO,12,446,
137,Player 2,4492,Regent Street,16,42,
138,Player 1,2726,Kings Cross Station,12,336,
138,Player 2,4492,Park Lane,16,42,
139,Player 1,2726,Electric Company ,12,336,
139,Player 2,4762,Whitechapel Road,16,312,
140,Player 1,2660,Free Parking,12,270,
140,Player 2,4758,Whitehall ,16,158,
141,Player 1,2660,Fleet Street,12,270,
141,Player 2,4758,Community Chest,16,158,
141,Player 2,4708,Vine Street,16,108,
141,Player 2,4708,Fleet Street,16,108,
142,Player 1,2660,Leicester Square,12,270,
142,Player 2,5737,Oxford Street,16,537,
143,Player 1,2475,Oxford Street,12,85,
143,Player 2,5763,Chance,16,263,
144,Player 1,2449,Super Tax,12,59,
144,Player 2,7648,Community Chest,16,348,
144,Player 2,7748,Kings Cross Station,16,448,
145,Player 1,2761,Chance,12,371,
145,Player 2,7548,Jail,16,248,
146,Player 1,2615,Pall Mall,12,225,
146,Player 2,6550,Bow Street,16,150,
147,Player 1,2430,Community Chest,12,40,
147,Player 2,6550,Chance,16,150,
147,Player 2,6550,Mayfair,16,150,
148,Player 1,2480,Trafalgar Square,12,90,
148,Player 2,6650,Chance,16,400,
148,Player 2,6650,Income Tax,16,400,
149,Player 1,2430,Piccadilly,12,40,
149,Player 2,6875,Pentonville Road,16,175,
150,Player 1,2400,Super Tax,12,10,
150,Player 2,6875,Vine Street,16,175,
151,Player 1,2600,Kings Cross Station,12,210,
151,Player 2,6875,Trafalgar Square,16,175,
152,Player 1,2534,Northumberland Avenue,12,144,
152,Player 2,6575,Piccadilly,16,775,
153,Player 1,2449,Free Parking,12,59,
153,Player 2,6575,Mayfair,16,775,
154,Player 1,2449,Fenchurch St Station,12,59,
154,Player 2,6775,Whitechapel Road,16,975,
155,Player 1,2453,Regent Street,12,63,
155,Player 2,6771,Marylebone Station,16,971,
155,Player 2,6571,Community Chest,16,771,
155,Player 2,6521,Leicester Square,16,721,
156,Player 1,2565,Super Tax,12,175,
156,Player 2,6521,Bond Street,16,721,
157,Player 1,2665,The Angel Islington,12,275,
157,Player 2,6721,Old Kent Road,16,921,
158,Player 1,2601,Pall Mall,12,211,
158,Player 2,7469,Pentonville Road,16,1669,
158,Player 2,7469,Bow Street,16,1669,
159,Player 1,2466,Bow Street,12,76,
159,Player 2,8419,Free Parking,16,2619,
160,Player 1,2481,Vine Street,12,91,
160,Player 2,6719,Fenchurch St Station,17,219,
161,Player 1,2258,Coventry Street,11,168,
161,Player 2,7329,Community Chest,17,429,
162,Player 1,2098,Go To Jail,11,8,
162,Player 1,2098,Jail,11,8,
162,Player 2,7229,Super Tax,17,329,
163,Player 1,2098,Jail,11,8,
163,Player 1,2098,Marlborough Street,11,8,
163,Player 2,8279,Euston Road,17,579,
163,Player 2,8279,Marylebone Station,17,579,
164,Player 1,2227,Fleet Street,11,137,
164,Player 2,9129,Fleet Street,17,1029,
165,Player 1,2122,Coventry Street,11,32,
165,Player 2,7704,Go To Jail,17,1004,
165,Player 2,7704,Jail,17,1004,
166,Player 1,2092,Community Chest,11,2,
166,Player 1,2092,Jail,11,2,
166,Player 2,7704,Jail,17,1004,
167,Player 1,2092,Jail,11,2,
167,Player 2,7654,Marlborough Street,17,954,
168,Player 1,2092,Jail,11,2,
168,Player 2,7654,Chance,17,954,
169,Player 1,2092,Jail,11,2,
169,Player 2,7804,Water Works,17,1104,
170,Player 1,2092,Jail,11,2,
170,Player 2,8004,GO,17,1304,
170,Player 2,8004,Kings Cross Station,17,1304,
171,Player 1,2226,Northumberland Avenue,11,136,
171,Player 2,8704,Whitehall ,17,2004,
172,Player 1,2141,Marlborough Street,11,51,
172,Player 2,9654,Community Chest,17,2954,
173,Player 1,2136,Coventry Street,11,46,
173,Player 2,10639,Free Parking,17,3939,
174,Player 1,2106,Bond Street,11,16,
174,Player 1,0,Bond Street,0,0,
1,Player 1,1500,Euston Road,0,1500,
1,Player 2,1500,The Angel Islington,0,1500,
2,Player 1,1500,Whitehall ,1,1400,
2,Player 2,1500,Bow Street,1,1400,
2,Player 2,1500,The Strand,2,1220,
3,Player 1,1500,Free Parking,2,1260,
3,Player 2,1379,Go To Jail,3,879,
3,Player 2,1379,Jail,3,879,
4,Player 1,1500,Leicester Square,2,1260,
4,Player 2,1379,Jail,3,879,
5,Player 1,1500,Liverpool Street,3,1000,
5,Player 2,1329,Northumberland Avenue,3,829,
6,Player 1,1700,Community Chest,4,1000,
6,Player 2,1329,The Strand,4,669,
7,Player 1,1900,Euston Road,4,1200,
7,Player 2,1329,Water Works,4,669,
8,Player 1,1900,Marylebone Station,4,1200,
8,Player 2,1247,Park Lane,5,437,
9,Player 1,1867,Chance,6,617,
9,Player 2,1447,GO,5,637,
10,Player 1,1725,Piccadilly,6,475,
10,Player 2,1447,Pentonville Road,5,637,
11,Player 1,1725,Liverpool Street,7,195,
11,Player 1,1925,Kings Cross Station,7,395,
11,Player 1,1925,Pall Mall,8,195,
11,Player 2,1468,Vine Street,7,398,
12,Player 1,1925,Marylebone Station,8,195,
12,Player 1,1925,Fleet Street,8,195,
12,Player 2,1589,Trafalgar Square,9,99,
13,Player 1,2093,Leicester Square,9,123,
13,Player 2,1589,Go To Jail,9,99,
13,Player 2,1589,Jail,9,99,
14,Player 1,2093,Bond Street,9,123,
14,Player 2,1861,Jail,10,51,
15,Player 1,2293,GO,9,323,
15,Player 2,1811,Community Chest,10,1,
16,Player 1,2293,The Angel Islington,9,323,
16,Player 2,1811,Trafalgar Square,10,1,
17,Player 1,2313,Jail,9,343,
17,Player 2,1841,Community Chest,10,31,
18,Player 1,2313,Marlborough Street,9,343,
18,Player 1,2403,Leicester Square,10,253,
18,Player 2,2141,GO,10,331,
19,Player 1,2403,Community Chest,10,253,
19,Player 2,2086,Pall Mall,10,276,
20,Player 1,2653,Income Tax,10,503,
20,Player 2,2086,Community Chest,10,276,
21,Player 1,2453,Whitehall ,10,303,
21,Player 2,2036,Coventry Street,10,226,
22,Player 1,2609,The Strand,11,199,
22,Player 2,2054,Regent Street,10,244,
22,Player 2,2279,Park Lane,11,169,
23,Player 1,2626,Leicester Square,11,216,
23,Player 2,2444,Chance,11,334,
23,Player 2,2444,Whitehall ,11,334,
24,Player 1,2636,Chance,11,226,
24,Player 2,2434,Community Chest,11,324,
25,Player 1,2836,Kings Cross Station,11,426,
25,Player 2,2334,Fleet Street,11,224,
26,Player 1,2836,Bow Street,11,276,
26,Player 2,2348,Oxford Street,11,238,
27,Player 1,2822,Water Works,11,262,
27,Player 1,2774,Bond Street,11,214,
27,Player 2,2617,Bond Street,12,207,
27,Player 2,2817,Kings Cross Station,12,407,
28,Player 1,2818,Mayfair,11,258,
28,Player 2,2937,Chance,13,127,
28,Player 2,2937,Mayfair,13,127,
28,Player 2,3137,Pall Mall,13,327,
28,Player 2,3137,Marlborough Street,13,327,
29,Player 1,3032,Old Kent Road,11,472,
29,Player 1,3032,The Angel Islington,12,412,
29,Player 2,3129,Coventry Street,13,319,
30,Player 1,3136,Northumberland Avenue,12,366,
30,Player 2,3031,Community Chest,13,221,
30,Player 2,3031,Jail,13,221,
31,Player 1,3124,Free Parking,12,354,
31,Player 2,3031,Jail,13,221,
32,Player 1,3124,Trafalgar Square,12,354,
32,Player 2,2981,Whitehall ,13,171,
33,Player 1,3134,Oxford Street,12,364,
33,Player 2,3023,The Strand,13,213,
34,Player 1,3082,Mayfair,12,312,
34,Player 2,3073,Water Works,13,263,
35,Player 1,3232,The Angel Islington,12,462,
35,Player 2,3079,Chance,13,269,
35,Player 2,3079,Community Chest,13,269,
36,Player 1,3226,Marlborough Street,12,156,
36,Player 1,3226,Fenchurch St Station,12,156,
36,Player 2,3379,Community Chest,14,369,
36,Player 2,3379,GO,14,369,
37,Player 1,3226,Bond Street,12,156,
37,Player 2,3325,Chance,14,315,
38,Player 1,3370,Kings Cross Station,12,300,
38,Player 2,3475,Marylebone Station,14,265,
39,Player 1,3470,Euston Road,12,250,
39,Player 2,3375,Fenchurch St Station,14,165,
40,Player 1,3470,Bow Street,12,250,
40,Player 2,3389,Regent Street,14,179,
41,Player 1,3456,Trafalgar Square,12,236,
41,Player 2,3389,Super Tax,14,179,
42,Player 1,3456,Piccadilly,12,236,
42,Player 2,3489,Kings Cross Station,14,279,
43,Player 1,3556,Oxford Street,12,186,
43,Player 2,3441,Jail,14,231,
44,Player 1,3504,Liverpool Street,12,134,
44,Player 2,3441,Marlborough Street,14,231,
45,Player 1,3718,Old Kent Road,12,348,
45,Player 2,3427,Trafalgar Square,14,217,
46,Player 1,3738,Kings Cross Station,12,218,
46,Player 2,3407,Regent Street,14,197,
47,Player 1,3738,Electric Company ,12,218,
47,Player 2,3423,Mayfair,15,63,
48,Player 1,3738,Community Chest,12,218,
48,Player 2,3623,Kings Cross Station,15,263,
49,Player 1,3938,Free Parking,12,268,
49,Player 2,3523,Whitehall ,15,163,
50,Player 1,3948,Regent Street,12,278,
50,Player 2,3565,The Strand,15,205,
51,Player 1,3896,Bond Street,12,226,
51,Player 2,3715,Water Works,15,355,
52,Player 1,3946,Old Kent Road,12,276,
52,Player 2,3715,Community Chest,15,355,
52,Player 2,3715,Electric Company ,15,355,
53,Player 1,3946,Chance,12,276,
53,Player 2,3715,Trafalgar Square,15,355,
53,Player 2,3695,Regent Street,15,335,
54,Player 1,4066,Whitehall ,12,246,
54,Player 2,3895,Old Kent Road,15,535,
55,Player 1,4068,The Strand,12,248,
55,Player 2,3911,Euston Road,15,351,
56,Player 1,4056,Piccadilly,12,236,
56,Player 2,3905,Community Chest,15,345,
57,Player 1,4056,Bond Street,12,236,
57,Player 2,4075,Trafalgar Square,15,315,
58,Player 1,4126,Community Chest,12,306,
58,Player 2,4055,Regent Street,15,295,
59,Player 1,4151,Electric Company ,12,181,
59,Player 2,4155,Mayfair,15,395,
60,Player 1,4051,Bow Street,12,81,
60,Player 2,4369,The Angel Islington,15,409,
61,Player 1,4037,The Strand,12,67,
61,Player 2,4387,Whitehall ,15,227,
62,Player 1,4029,Go To Jail,12,59,
62,Player 1,4029,Jail,12,59,
62,Player 2,4377,Vine Street,15,217,
63,Player 1,4029,Jail,12,59,
63,Player 2,4377,Trafalgar Square,15,217,
64,Player 1,3999,Marylebone Station,12,29,
64,Player 2,4357,Coventry Street,15,197,
65,Player 1,3599,Marlborough Street,12,229,
65,Player 2,4192,Super Tax,15,32,
66,Player 1,3599,Fenchurch St Station,12,229,
66,Player 2,4417,The Angel Islington,15,257,
66,Player 2,4417,Marylebone Station,15,257,
67,Player 1,3074,Water Works,12,154,
67,Player 2,4292,The Strand,15,132,
68,Player 1,3044,Go To Jail,12,124,
68,Player 1,3044,Jail,12,124,
68,Player 2,4292,Fenchurch St Station,15,132,
69,Player 1,3044,Jail,12,124,
69,Player 2,4292,Liverpool Street,15,132,
70,Player 1,3094,Marlborough Street,12,174,
70,Player 2,4192,Mayfair,15,32,
71,Player 1,3094,Leicester Square,12,174,
71,Player 2,4392,The Angel Islington,15,232,
72,Player 1,3094,Community Chest,12,174,
72,Player 1,3094,Old Kent Road,12,174,
72,Player 2,4326,Bow Street,15,166,
73,Player 1,3094,Chance,12,174,
73,Player 1,3094,Jail,12,174,
73,Player 2,4326,Coventry Street,15,166,
74,Player 1,4244,Jail,12,1324,
74,Player 2,3621,Chance,15,61,
74,Player 2,3621,GO,15,61,
75,Player 1,4194,Marylebone Station,12,1274,
75,Player 2,3621,Whitechapel Road,15,61,
76,Player 1,3818,The Strand,13,738,
76,Player 2,3621,Pall Mall,15,61,
77,Player 1,3818,Water Works,13,738,
77,Player 2,3691,Marlborough Street,15,131,
78,Player 1,3762,Super Tax,13,682,
78,Player 1,3862,Income Tax,13,782,
78,Player 2,3677,Fleet Street,15,117,
79,Player 1,3662,Whitehall ,13,582,
79,Player 2,3677,Coventry Street,15,117,
79,Player 2,3222,Community Chest,15,62,
80,Player 1,4802,Chance,13,1722,
80,Player 1,4802,Pall Mall,13,1722,
80,Player 2,3232,Liverpool Street,15,72,
80,Player 2,3382,GO,15,222,
81,Player 1,4902,Bow Street,13,1822,
81,Player 2,3327,Pall Mall,15,167,
82,Player 1,4902,Trafalgar Square,13,1822,
82,Player 2,3327,Community Chest,15,167,
83,Player 1,4902,Oxford Street,13,1822,
83,Player 1,5050,GO,13,1970,
83,Player 2,3354,The Strand,15,194,
83,Player 2,3354,Coventry Street,15,194,
84,Player 1,4400,Pall Mall,14,1120,
84,Player 2,3059,Oxford Street,14,99,
85,Player 1,4400,Whitehall ,14,1120,
85,Player 1,4400,The Strand,14,1120,
85,Player 2,3059,Super Tax,14,99,
86,Player 1,4400,Piccadilly,14,1120,
86,Player 2,3259,Whitechapel Road,14,299,
87,Player 1,4850,Liverpool Street,14,1570,
87,Player 2,3059,The Angel Islington,14,99,
88,Player 1,5050,Community Chest,14,1770,
88,Player 2,3059,Whitehall ,14,99,
89,Player 1,5010,Jail,14,1730,
89,Player 1,5010,Community Chest,14,1730,
89,Player 2,3049,Community Chest,14,89,
89,Player 2,3099,Leicester Square,14,139,
90,Player 1,6260,Trafalgar Square,14,2980,
90,Player 2,3004,Piccadilly,14,44,
91,Player 1,3860,Chance,15,180,
91,Player 1,4040,Whitechapel Road,15,360,
91,Player 2,2609,Park Lane,13,49,
91,Player 2,2774,GO,13,214,
92,Player 1,4075,Jail,15,395,
92,Player 2,2719,Kings Cross Station,13,159,
93,Player 1,4275,Marylebone Station,15,395,
93,Player 2,2569,Pall Mall,13,9,
94,Player 1,4275,Chance,15,395,
94,Player 2,2569,Vine Street,13,9,
95,Player 1,4125,Fenchurch St Station,15,245,
95,Player 2,2569,Trafalgar Square,13,9,
96,Player 1,4145,Community Chest,15,265,
96,Player 2,2599,Go To Jail,13,39,
96,Player 2,2599,Jail,13,39,
97,Player 1,4295,Whitechapel Road,15,415,
97,Player 2,2599,Jail,13,39,
98,Player 1,4295,Electric Company ,15,215,
98,Player 2,2689,Jail,13,129,
99,Player 1,4205,Marlborough Street,15,125,
99,Player 2,2639,Whitehall ,13,79,
100,Player 1,4215,Leicester Square,15,135,
100,Player 2,2629,Community Chest,13,69,
101,Player 1,4215,Chance,15,135,
101,Player 1,4215,Kings Cross Station,15,135,
101,Player 2,2579,The Strand,13,19,
101,Player 2,2579,Oxford Street,13,19,
102,Player 1,4215,Pall Mall,15,135,
102,Player 1,4215,Vine Street,15,135,
102,Player 1,4215,Fenchurch St Station,15,135,
102,Player 2,2579,Super Tax,13,19,
103,Player 1,4215,Regent Street,15,135,
103,Player 2,2779,Chance,13,219,
104,Player 1,4415,GO,15,335,
104,Player 2,2709,Vine Street,13,149,
104,Player 2,2709,Fenchurch St Station,13,149,
105,Player 1,4615,The Angel Islington,15,335,
105,Player 2,2649,Chance,13,89,
105,Player 2,2649,Marylebone Station,13,89,
106,Player 1,4815,Whitehall ,15,335,
106,Player 2,2589,Vine Street,13,29,
107,Player 1,4815,Chance,15,335,
107,Player 2,2589,The Strand,13,29,
107,Player 2,2589,Water Works,13,29,
108,Player 1,4865,Trafalgar Square,15,385,
108,Player 1,4865,Water Works,15,385,
108,Player 1,4825,Community Chest,15,345,
108,Player 1,4825,Jail,15,345,
108,Player 2,2629,Park Lane,13,69,
109,Player 1,5325,Jail,15,245,
109,Player 2,2794,Chance,13,234,
109,Player 2,2794,Jail,13,234,
110,Player 1,5275,Marlborough Street,15,195,
110,Player 2,2739,Community Chest,13,179,
111,Player 1,5275,Water Works,15,195,
111,Player 2,2783,Coventry Street,13,223,
111,Player 2,2688,Community Chest,13,128,
111,Player 2,2688,GO,13,128,
112,Player 1,5525,Oxford Street,15,845,
112,Player 2,2688,Kings Cross Station,13,128,
113,Player 1,4925,Super Tax,15,845,
113,Player 2,2628,Electric Company ,13,68,
114,Player 1,5025,Pentonville Road,15,945,
114,Player 2,2628,The Strand,13,68,
115,Player 1,5025,Marlborough Street,15,945,
115,Player 2,2628,Oxford Street,13,68,
116,Player 1,5025,Coventry Street,15,945,
116,Player 2,2828,Old Kent Road,13,268,
117,Player 1,5275,Super Tax,15,1195,
117,Player 2,2578,Chance,13,18,
118,Player 1,5375,Whitechapel Road,15,1295,
118,Player 2,2578,Whitehall ,13,18,
118,Player 2,2568,Marlborough Street,13,8,
119,Player 1,5399,Electric Company ,15,1319,
119,Player 2,2694,Chance,13,134,
119,Player 2,2694,Mayfair,13,134,
119,Player 2,0,Mayfair,0,0,
1,Player 1,1500,Income Tax,0,1500,
1,Player 2,1500,Euston Road,0,1500,
2,Player 1,1350,Northumberland Avenue,0,1350,
2,Player 1,1350,Fleet Street,1,1190,
2,Player 2,1500,Bow Street,1,1400,
2,Player 2,1500,Chance,2,1220,
3,Player 1,1350,Go To Jail,2,970,
3,Player 1,1350,Jail,2,970,
3,Player 2,1480,Oxford Street,2,1200,
4,Player 1,1350,Jail,2,970,
4,Player 2,1680,GO,3,1100,
5,Player 1,1300,Vine Street,2,920,
5,Player 2,1680,Chance,3,1100,
6,Player 1,1300,Coventry Street,3,720,
6,Player 2,1680,Electric Company ,3,1100,
7,Player 1,1300,Oxford Street,4,460,
7,Player 2,1706,The Strand,4,976,
8,Player 1,1474,Whitechapel Road,4,634,
8,Player 2,1706,Water Works,5,756,
9,Player 1,1474,Electric Company ,5,574,
9,Player 2,1796,Community Chest,6,696,
10,Player 1,1384,Vine Street,5,484,
10,Player 2,1846,Super Tax,6,746,
11,Player 1,1384,Leicester Square,5,484,
11,Player 2,1946,The Angel Islington,6,846,
12,Player 1,1384,Go To Jail,6,224,
12,Player 1,1384,Jail,6,224,
12,Player 2,1946,Electric Company ,7,746,
13,Player 1,1384,Jail,6,224,
13,Player 2,1946,The Strand,7,746,
14,Player 1,1334,Vine Street,6,174,
14,Player 2,1946,Water Works,7,746,
15,Player 1,1334,Fenchurch St Station,6,174,
15,Player 2,2056,Regent Street,8,656,
16,Player 1,1334,Bond Street,6,174,
16,Player 2,2496,Old Kent Road,10,476,
17,Player 1,1334,Mayfair,6,174,
17,Player 2,2796,Kings Cross Station,12,116,
18,Player 1,1674,Kings Cross Station,7,314,
18,Player 2,2796,Pall Mall,12,116,
19,Player 1,1758,Marylebone Station,8,258,
19,Player 2,2796,Vine Street,12,116,
20,Player 1,1914,Trafalgar Square,9,214,
20,Player 2,2780,Piccadilly,12,100,
20,Player 2,2780,Park Lane,12,100,
21,Player 1,2330,Oxford Street,11,110,
21,Player 2,3330,Whitechapel Road,13,300,
22,Player 1,2282,Park Lane,11,62,
22,Player 2,3326,Whitehall ,13,296,
23,Player 1,2482,Whitechapel Road,11,262,
23,Player 2,3326,Free Parking,14,156,
24,Player 1,2482,Kings Cross Station,11,262,
24,Player 1,2482,Whitehall ,11,262,
24,Player 1,2472,Free Parking,11,252,
24,Player 2,3336,Water Works,14,166,
25,Player 1,2472,Coventry Street,11,252,
25,Player 2,3336,Bond Street,14,166,
26,Player 1,2472,Community Chest,11,252,
26,Player 2,3536,GO,14,366,
26,Player 2,3536,Kings Cross Station,14,366,
27,Player 1,2822,Whitechapel Road,11,452,
27,Player 2,3486,Jail,14,316,
28,Player 1,2822,Electric Company ,11,152,
28,Player 2,3576,Community Chest,14,206,
29,Player 1,2732,Free Parking,11,62,
29,Player 2,3676,Trafalgar Square,14,306,
30,Player 1,2752,Piccadilly,11,82,
30,Player 2,3656,Oxford Street,14,286,
31,Player 1,2752,Park Lane,11,82,
31,Player 2,3656,Park Lane,14,286,
32,Player 1,2952,Income Tax,11,282,
32,Player 2,3856,Community Chest,14,486,
32,Player 2,3856,Jail,14,486,
33,Player 1,2752,Electric Company ,11,82,
33,Player 2,3936,Jail,14,366,
34,Player 1,2672,Chance,11,2,
34,Player 1,2672,GO,11,2,
34,Player 1,2672,The Angel Islington,11,2,
34,Player 1,2746,Pall Mall,11,76,
34,Player 2,3892,Community Chest,14,322,
35,Player 1,2746,Marlborough Street,11,76,
35,Player 2,3977,Fleet Street,15,227,
35,Player 2,3959,Coventry Street,15,209,
35,Player 2,3849,Oxford Street,15,99,
36,Player 1,2874,Piccadilly,11,204,
36,Player 2,3849,Super Tax,15,99,
37,Player 1,2874,Regent Street,11,204,
37,Player 1,2822,Bond Street,11,152,
37,Player 2,4251,GO,15,501,
37,Player 2,4251,Income Tax,15,501,
38,Player 1,2672,Mayfair,11,2,
38,Player 2,4251,Jail,15,301,
39,Player 1,2962,The Angel Islington,11,292,
39,Player 2,4257,Free Parking,15,307,
40,Player 1,2956,Marylebone Station,11,286,
40,Player 2,4257,Go To Jail,15,307,
40,Player 2,4257,Jail,15,307,
41,Player 1,2956,Vine Street,11,286,
41,Player 1,2956,Leicester Square,11,286,
41,Player 2,4257,Jail,15,307,
42,Player 1,2956,Park Lane,11,286,
42,Player 2,4207,Free Parking,15,257,
43,Player 1,2956,Mayfair,11,286,
43,Player 1,2771,Pall Mall,11,251,
43,Player 1,2771,Community Chest,11,251,
43,Player 1,2771,Old Kent Road,11,251,
43,Player 2,4617,Go To Jail,15,267,
43,Player 2,4617,Jail,15,267,
44,Player 1,2769,Pentonville Road,11,249,
44,Player 2,4617,Jail,15,267,
45,Player 1,2769,Marlborough Street,12,129,
45,Player 2,4581,Whitehall ,15,231,
46,Player 1,2755,Fenchurch St Station,12,115,
46,Player 2,4606,Free Parking,15,256,
47,Player 1,2730,Go To Jail,12,90,
47,Player 1,2730,Jail,12,90,
47,Player 2,4606,Water Works,15,256,
48,Player 1,2730,Jail,12,90,
48,Player 2,4606,Bond Street,15,256,
49,Player 1,2680,Marlborough Street,12,40,
49,Player 1,2666,Fenchurch St Station,12,26,
49,Player 2,4845,GO,15,495,
50,Player 1,2641,Oxford Street,12,1,
50,Player 2,4897,The Angel Islington,15,347,
51,Player 1,2669,Park Lane,12,29,
51,Player 2,4857,Northumberland Avenue,16,247,
52,Player 1,2684,Whitechapel Road,11,254,
52,Player 2,4828,The Strand,16,218,
53,Player 1,2680,Chance,11,250,
53,Player 1,2680,Marylebone Station,11,250,
53,Player 2,4828,Water Works,16,218,
54,Player 1,2680,Free Parking,11,250,
54,Player 2,4828,Community Chest,16,218,
55,Player 1,2680,Trafalgar Square,11,250,
55,Player 2,5028,Mayfair,16,218,
56,Player 1,2680,Liverpool Street,11,250,
56,Player 2,5228,Pentonville Road,16,418,
57,Player 1,2788,Super Tax,12,158,
57,Player 2,5220,Electric Company ,16,210,
58,Player 1,2888,Kings Cross Station,12,258,
58,Player 2,5220,Free Parking,16,210,
59,Player 1,2888,Pentonville Road,12,258,
59,Player 1,2888,Community Chest,12,258,
59,Player 2,5220,Leicester Square,16,210,
60,Player 1,2869,Fenchurch St Station,12,239,
60,Player 1,2844,Liverpool Street,12,214,
60,Player 1,2844,Jail,12,214,
60,Player 2,5201,Regent Street,16,191,
61,Player 1,2844,Jail,12,214,
61,Player 2,5201,Park Lane,16,191,
62,Player 1,2794,Community Chest,12,164,
62,Player 1,2794,GO,12,164,
62,Player 2,5401,Euston Road,16,391,
63,Player 1,2794,Jail,12,164,
63,Player 2,5401,Jail,16,391,
63,Player 2,5401,Marlborough Street,16,391,
63,Player 2,5401,Coventry Street,16,391,
64,Player 1,2794,The Strand,12,164,
64,Player 2,5419,Chance,16,209,
64,Player 2,5419,Community Chest,16,209,
65,Player 1,2766,Leicester Square,12,136,
65,Player 2,5629,GO,16,419,
66,Player 1,2766,Liverpool Street,12,136,
66,Player 2,4829,Kings Cross Station,16,219,
67,Player 1,3066,GO,12,436,
67,Player 2,4729,Electric Company ,16,119,
68,Player 1,2956,Chance,12,176,
68,Player 2,4729,Vine Street,16,119,
69,Player 1,2957,Whitehall ,12,177,
69,Player 2,4723,Fenchurch St Station,16,113,
70,Player 1,2947,Community Chest,12,167,
70,Player 1,2957,Free Parking,12,177,
70,Player 2,4723,Go To Jail,16,113,
70,Player 2,4723,Jail,16,113,
71,Player 1,2957,Fleet Street,12,177,
71,Player 2,4723,Jail,16,113,
72,Player 1,2957,Piccadilly,12,177,
72,Player 2,4673,Marlborough Street,16,63,
73,Player 1,2957,Chance,12,177,
73,Player 1,2957,Pall Mall,12,177,
73,Player 2,4673,Fenchurch St Station,16,63,
74,Player 1,2957,Free Parking,12,177,
74,Player 2,4673,Oxford Street,16,63,
75,Player 1,2957,Coventry Street,12,177,
75,Player 2,4673,Chance,16,63,
76,Player 1,2957,Oxford Street,12,177,
76,Player 2,4883,Income Tax,16,273,
77,Player 1,2957,Park Lane,12,177,
77,Player 2,4782,Pall Mall,16,172,
78,Player 1,2757,Kings Cross Station,12,277,
78,Player 1,2757,Whitehall ,12,277,
78,Player 2,4792,Chance,16,182,
79,Player 1,2681,Vine Street,12,201,
79,Player 2,4642,Trafalgar Square,16,32,
79,Player 2,4642,Community Chest,16,32,
80,Player 1,2681,Go To Jail,12,201,
80,Player 1,2681,Jail,12,201,
80,Player 2,4662,Mayfair,16,52,
81,Player 1,2681,Jail,12,201,
81,Player 2,4862,The Angel Islington,16,252,
82,Player 1,2631,Northumberland Avenue,12,151,
82,Player 2,4862,Northumberland Avenue,16,252,
83,Player 1,2631,Trafalgar Square,12,151,
83,Player 2,4862,Free Parking,16,252,
84,Player 1,2631,Regent Street,12,151,
84,Player 2,4992,Coventry Street,16,382,
85,Player 1,2701,GO,12,221,
85,Player 2,4992,Bond Street,16,382,
86,Player 1,2701,Jail,12,221,
86,Player 1,2701,Bow Street,12,221,
86,Player 2,5206,Kings Cross Station,16,596,
87,Player 1,2710,Vine Street,12,230,
87,Player 2,5106,Marylebone Station,16,246,
88,Player 1,2722,Leicester Square,12,242,
88,Player 2,5006,Trafalgar Square,16,146,
89,Player 1,2722,Oxford Street,12,242,
89,Player 2,5396,Go To Jail,16,286,
89,Player 2,5396,Jail,16,286,
90,Player 1,2522,Super Tax,12,42,
90,Player 1,2722,Income Tax,12,242,
90,Player 2,5396,Jail,16,286,
91,Player 1,2522,Whitehall ,12,42,
91,Player 2,5356,Vine Street,16,246,
92,Player 1,2512,Fleet Street,12,32,
92,Player 1,2512,Regent Street,12,32,
92,Player 2,5746,Piccadilly,16,386,
92,Player 2,5702,Super Tax,16,342,
93,Player 1,2786,Whitechapel Road,12,306,
93,Player 1,2546,Whitehall ,12,66,
93,Player 1,2536,The Strand,12,56,
93,Player 2,6150,Old Kent Road,16,590,
94,Player 1,2518,Water Works,12,38,
94,Player 2,6020,Income Tax,16,360,
95,Player 1,2528,Regent Street,12,48,
95,Player 2,5720,Euston Road,16,210,
96,Player 1,2568,Mayfair,12,88,
96,Player 1,0,Mayfair,0,0,
1,Player 2,1500,Euston Road,0,1500,
1,Player 3,1500,Jail,0,1500,
1,Player 1,1500,Jail,0,1500,
2,Player 2,1500,Marylebone Station,1,1400,
2,Player 3,1500,Marlborough Street,0,1500,
2,Player 3,1500,The Strand,1,1320,
2,Player 1,1500,Bow Street,0,1500,
3,Player 2,1500,Trafalgar Square,2,1200,
3,Player 3,1500,Water Works,2,1100,
3,Player 1,1500,Fenchurch St Station,1,1320,
4,Player 2,1500,Regent Street,3,960,
4,Player 3,1500,Bond Street,3,950,
4,Player 1,1500,Community Chest,2,1120,
5,Player 2,1535,Community Chest,4,695,
5,Player 3,1700,Old Kent Road,4,830,
5,Player 1,1750,GO,2,1370,
6,Player 2,1635,The Angel Islington,4,795,
6,Player 3,1700,Pall Mall,5,770,
6,Player 1,1750,Euston Road,2,1370,
7,Player 2,1641,Whitehall ,5,701,
7,Player 3,1700,Chance,6,630,
7,Player 1,1744,Bow Street,2,1364,
8,Player 2,1641,Marlborough Street,6,561,
8,Player 3,1694,Go To Jail,6,624,
8,Player 3,1694,Jail,6,624,
8,Player 1,1744,Fleet Street,2,1364,
9,Player 2,1627,Leicester Square,6,547,
9,Player 2,1627,Regent Street,7,287,
9,Player 3,1694,Jail,6,624,
9,Player 1,1744,Bond Street,3,1144,
10,Player 2,1827,GO,7,487,
10,Player 3,1672,Bow Street,6,602,
10,Player 1,1930,Old Kent Road,3,1330,
11,Player 2,1827,Chance,7,487,
11,Player 3,1660,Chance,6,590,
11,Player 3,1660,GO,6,590,
11,Player 1,1928,The Angel Islington,3,1328,
12,Player 2,1833,Whitehall ,7,493,
12,Player 3,1660,Pentonville Road,6,590,
12,Player 1,1922,Northumberland Avenue,3,1322,
12,Player 1,1922,Chance,4,1162,
12,Player 1,1922,Fenchurch St Station,4,1162,
13,Player 2,1833,Community Chest,7,493,
13,Player 3,1660,Northumberland Avenue,7,470,
13,Player 1,1934,Water Works,4,1174,
14,Player 2,1933,Trafalgar Square,7,593,
14,Player 3,1660,Fenchurch St Station,7,470,
14,Player 1,1947,Bond Street,4,1187,
15,Player 2,1933,Oxford Street,7,593,
15,Player 3,1663,Oxford Street,7,473,
15,Player 1,1919,Park Lane,4,1159,
16,Player 2,2159,Community Chest,8,519,
16,Player 2,2159,Jail,8,519,
16,Player 3,1637,Liverpool Street,7,447,
16,Player 1,2119,Kings Cross Station,5,1009,
17,Player 2,2159,Jail,8,519,
17,Player 3,1837,Community Chest,8,447,
17,Player 1,2119,Marylebone Station,6,809,
17,Player 1,2094,The Strand,6,784,
17,Player 1,2076,Coventry Street,6,766,
18,Player 2,2134,Northumberland Avenue,8,494,
18,Player 2,2122,Chance,8,482,
18,Player 2,2122,Vine Street,8,482,
18,Player 3,1805,Jail,8,415,
18,Player 1,2088,Liverpool Street,7,518,
19,Player 2,2122,Piccadilly,9,282,
19,Player 3,1830,Bow Street,8,440,
19,Player 1,2347,Whitechapel Road,8,497,
20,Player 2,2122,Chance,9,282,
20,Player 3,1816,Free Parking,8,426,
20,Player 1,2347,Jail,9,437,
21,Player 2,2307,Community Chest,9,467,
21,Player 2,2307,Old Kent Road,9,467,
21,Player 3,1818,Chance,8,428,
21,Player 3,1818,Pall Mall,8,428,
21,Player 3,1818,Free Parking,8,428,
21,Player 1,2347,Bow Street,9,437,
22,Player 2,2195,The Angel Islington,9,355,
22,Player 3,1818,Fleet Street,8,428,
22,Player 1,2365,Fleet Street,9,455,
23,Player 2,2195,Northumberland Avenue,9,355,
23,Player 2,2183,Fenchurch St Station,9,343,
23,Player 3,1800,Regent Street,8,410,
23,Player 1,2427,Piccadilly,9,517,
23,Player 1,2427,Park Lane,9,517,
24,Player 2,2159,Bond Street,9,319,
24,Player 3,2002,Community Chest,8,612,
24,Player 1,2567,Chance,8,717,
24,Player 1,2567,Bow Street,8,717,
25,Player 2,2331,Old Kent Road,9,491,
25,Player 3,1664,Pentonville Road,9,214,
25,Player 1,2567,Vine Street,8,717,
26,Player 2,2345,Chance,9,505,
26,Player 3,1664,Free Parking,9,214,
26,Player 1,2551,Coventry Street,8,701,
27,Player 2,2195,Marylebone Station,9,355,
27,Player 3,1664,Trafalgar Square,9,214,
27,Player 3,1644,Water Works,9,194,
27,Player 1,2551,Bond Street,8,701,
28,Player 2,2215,Leicester Square,9,375,
28,Player 3,1672,Oxford Street,9,222,
28,Player 3,1646,Bond Street,9,196,
28,Player 3,1646,Super Tax,9,196,
28,Player 1,2723,Whitechapel Road,8,873,
29,Player 2,2241,Regent Street,9,401,
29,Player 3,1750,Kings Cross Station,9,300,
29,Player 1,2769,Chance,8,919,
30,Player 2,2241,Super Tax,9,401,
30,Player 3,1700,Whitehall ,9,250,
30,Player 1,2919,Electric Company ,8,1069,
31,Player 2,2351,Euston Road,9,511,
31,Player 3,1690,Bow Street,9,240,
31,Player 1,2933,Vine Street,9,933,
32,Player 2,2367,Marylebone Station,9,527,
32,Player 3,1676,Fleet Street,9,226,
32,Player 1,2935,Coventry Street,9,935,
33,Player 2,2367,Chance,9,527,
33,Player 2,2367,Jail,9,527,
33,Player 3,1658,Regent Street,9,208,
33,Player 1,2935,Regent Street,9,935,
34,Player 2,2419,Jail,9,579,
34,Player 3,1632,Mayfair,9,182,
34,Player 1,2989,Super Tax,10,389,
35,Player 2,2369,Community Chest,9,529,
35,Player 3,1832,Euston Road,9,382,
35,Player 1,3089,The Angel Islington,10,489,
36,Player 2,2406,Water Works,9,566,
36,Player 3,1870,Marylebone Station,9,70,
36,Player 1,3083,Northumberland Avenue,10,283,
36,Player 1,3083,The Strand,10,283,
37,Player 2,2387,Bond Street,9,547,
37,Player 2,2359,Super Tax,9,519,
37,Player 3,1891,Community Chest,9,91,
37,Player 3,1891,GO,9,91,
37,Player 3,1891,Kings Cross Station,9,91,
37,Player 1,3115,Fenchurch St Station,10,315,
38,Player 2,2459,Whitechapel Road,9,619,
38,Player 3,2161,Jail,9,311,
38,Player 1,3115,Piccadilly,10,315,
39,Player 2,2139,Pentonville Road,9,299,
39,Player 3,1969,Vine Street,9,269,
39,Player 1,3115,Park Lane,10,315,
40,Player 2,2147,Marylebone Station,9,307,
40,Player 3,1953,Trafalgar Square,9,253,
40,Player 1,3315,The Angel Islington,10,515,
41,Player 2,2173,Chance,9,333,
41,Player 3,1933,Community Chest,9,233,
41,Player 1,3299,Pall Mall,10,299,
42,Player 2,2263,Water Works,9,423,
42,Player 3,1987,Liverpool Street,9,287,
42,Player 3,1987,Mayfair,9,287,
42,Player 3,2022,Chance,9,322,
42,Player 3,2022,Mayfair,9,322,
42,Player 1,4489,Marlborough Street,10,1089,
43,Player 2,2239,Oxford Street,9,399,
43,Player 3,2057,Jail,9,357,
43,Player 1,3689,Chance,10,289,
44,Player 2,2239,Mayfair,9,399,
44,Player 2,0,Mayfair,0,0,
45,Player 3,1975,Bow Street,9,275,
45,Player 3,1961,Trafalgar Square,9,261,
45,Player 1,5212,Fenchurch St Station,19,272,
46,Player 3,1941,Go To Jail,9,241,
46,Player 3,1941,Jail,9,241,
46,Player 1,5212,Go To Jail,19,272,
46,Player 1,5212,Jail,19,272,
47,Player 3,1941,Jail,9,241,
47,Player 1,5212,Jail,19,272,
48,Player 3,1891,Northumberland Avenue,9,191,
48,Player 3,1879,Vine Street,9,179,
48,Player 1,5190,Whitehall ,19,250,
49,Player 3,1863,Water Works,9,163,
49,Player 1,5190,Community Chest,19,250,
50,Player 3,1863,Chance,9,163,
50,Player 3,1863,Marylebone Station,9,163,
50,Player 1,5300,Leicester Square,19,360,
51,Player 3,1763,Chance,9,63,
51,Player 1,5300,Chance,19,360,
52,Player 3,1743,Leicester Square,9,43,
52,Player 1,5360,Income Tax,19,420,
53,Player 3,1723,Oxford Street,9,23,
53,Player 1,5186,Pall Mall,19,246,
54,Player 3,1997,Old Kent Road,9,297,
54,Player 1,5176,Bow Street,19,236,
55,Player 3,1997,The Angel Islington,9,297,
55,Player 1,5182,Fleet Street,19,242,
56,Player 3,1991,Pall Mall,9,291,
56,Player 1,5182,Piccadilly,19,242,
57,Player 3,1991,Marlborough Street,9,291,
57,Player 1,5182,Liverpool Street,19,242,
57,Player 1,5157,Super Tax,19,217,
58,Player 3,2016,Go To Jail,9,316,
58,Player 3,2016,Jail,9,316,
58,Player 1,5257,The Angel Islington,19,317,
59,Player 3,2016,Jail,9,316,
59,Player 1,5257,Whitehall ,19,317,
60,Player 3,1966,Bow Street,9,266,
60,Player 3,1952,Water Works,9,252,
60,Player 3,1952,Mayfair,9,252,
60,Player 3,0,Mayfair,0,0,
