1,Player 1,1500,Euston Road,0,1500,
1,Player 2,1500,Euston Road,0,1500,
1,Player 2,1494,Community Chest,0,1494,
2,Player 1,1506,Northumberland Avenue,1,1406,
2,Player 2,1394,Leicester Square,0,1394,
3,Player 1,1506,Fleet Street,2,1246,
3,Player 2,1394,Liverpool Street,1,1134,
4,Player 1,1506,Oxford Street,3,1026,
4,Player 2,1394,Park Lane,2,934,
4,Player 2,1594,Whitechapel Road,3,784,
5,Player 1,1341,Mayfair,4,561,
5,Player 2,1654,Electric Company ,5,384,
6,Player 1,1541,Pall Mall,4,761,
6,Player 1,1541,Marlborough Street,5,621,
6,Player 2,1654,The Strand,6,234,
7,Player 1,1651,Leicester Square,7,331,
7,Player 2,1676,Regent Street,6,256,
8,Player 1,1809,Community Chest,8,189,
8,Player 2,1876,GO,6,456,
9,Player 1,1834,Park Lane,8,214,
9,Player 1,1999,GO,8,379,
9,Player 2,1911,Jail,6,291,
10,Player 1,1999,The Angel Islington,8,379,
10,Player 2,1911,Northumberland Avenue,6,291,
11,Player 1,2011,Bow Street,9,291,
11,Player 2,1899,Community Chest,6,279,
12,Player 1,2047,Chance,10,147,
12,Player 2,1999,Coventry Street,6,379,
13,Player 1,2047,Bond Street,10,147,
13,Player 1,2047,Park Lane,10,147,
13,Player 2,2437,Community Chest,8,237,
13,Player 2,2437,Electric Company ,8,237,
14,Player 1,2212,Whitechapel Road,10,312,
14,Player 2,2441,Bow Street,8,241,
14,Player 2,2427,Fenchurch St Station,8,227,
15,Player 1,2302,Chance,11,202,
15,Player 1,2302,Pall Mall,11,202,
15,Player 1,2302,Vine Street,11,202,
15,Player 2,2427,Go To Jail,8,227,
15,Player 2,2427,Jail,8,227,
16,Player 1,2382,Fenchurch St Station,12,82,
16,Player 2,2427,Jail,8,227,
17,Player 1,2382,Chance,12,82,
17,Player 2,2377,Bow Street,8,177,
18,Player 1,2590,Income Tax,12,290,
18,Player 2,2349,Fleet Street,8,149,
19,Player 1,2408,Pentonville Road,12,108,
19,Player 2,2331,Piccadilly,8,131,
20,Player 1,2468,Community Chest,13,48,
20,Player 2,2583,Park Lane,9,103,
21,Player 1,2668,Chance,13,248,
21,Player 2,2783,Chance,9,303,
22,Player 1,2818,Water Works,13,398,
22,Player 2,2633,Northumberland Avenue,9,153,
23,Player 1,2830,Liverpool Street,14,260,
23,Player 2,2646,Fenchurch St Station,9,166,
24,Player 1,3030,GO,14,460,
24,Player 2,2621,Community Chest,9,141,
25,Player 1,3030,Electric Company ,14,160,
25,Player 1,2982,Free Parking,14,112,
25,Player 1,2982,Coventry Street,14,112,
25,Player 2,2963,GO,9,483,
26,Player 1,2938,Park Lane,14,68,
26,Player 2,3138,Chance,9,258,
26,Player 2,3138,Jail,9,258,
27,Player 1,3093,Community Chest,14,223,
27,Player 2,3138,Jail,9,258,
28,Player 1,3048,Pentonville Road,14,178,
28,Player 2,3088,Whitehall ,9,208,
29,Player 1,3090,Marylebone Station,15,80,
29,Player 2,3258,Chance,10,178,
30,Player 1,3090,Trafalgar Square,15,80,
30,Player 2,3538,Regent Street,11,218,
31,Player 1,3116,Bond Street,15,106,
31,Player 1,3088,Mayfair,15,78,
31,Player 2,3540,Mayfair,11,220,
32,Player 1,3288,The Angel Islington,15,278,
32,Player 2,3740,The Angel Islington,11,420,
33,Player 1,3300,Northumberland Avenue,15,190,
33,Player 2,3728,Bow Street,11,208,
34,Player 1,3370,Fleet Street,15,160,
34,Player 2,3658,Vine Street,11,138,
35,Player 1,3502,Community Chest,15,192,
35,Player 2,3568,Fleet Street,11,48,
35,Player 2,3550,Piccadilly,11,30,
36,Player 1,3740,Income Tax,15,330,
36,Player 2,3550,Super Tax,11,30,
37,Player 1,3540,Electric Company ,15,130,
37,Player 2,3782,Income Tax,11,262,
38,Player 1,3508,Community Chest,15,98,
38,Player 2,3572,Whitehall ,11,52,
39,Player 1,3538,The Strand,15,128,
39,Player 2,3552,The Strand,11,32,
40,Player 1,3556,Oxford Street,15,146,
40,Player 2,3534,Oxford Street,11,14,
41,Player 1,3782,GO,15,372,
41,Player 2,3638,Mayfair,11,118,
42,Player 1,3782,Jail,15,172,
42,Player 1,3782,Marylebone Station,15,172,
42,Player 2,3888,The Angel Islington,11,368,
43,Player 1,3744,Trafalgar Square,15,134,
43,Player 2,3896,Pall Mall,11,376,
44,Player 1,3744,Regent Street,15,134,
44,Player 2,3876,Vine Street,11,356,
45,Player 1,4544,GO,15,284,
45,Player 2,3406,Regent Street,11,86,
45,Player 2,3580,Community Chest,11,260,
46,Player 1,3770,Jail,15,110,
46,Player 2,3530,Income Tax,11,210,
46,Player 2,3330,Bow Street,11,10,
46,Player 2,2945,Trafalgar Square,11,25,
47,Player 1,4320,Marlborough Street,15,160,
47,Player 2,2945,Regent Street,11,25,
48,Player 1,4346,Leicester Square,15,186,
48,Player 1,4346,Go To Jail,15,186,
48,Player 1,4346,Jail,15,186,
48,Player 2,3016,Mayfair,11,96,
48,Player 2,3216,Pentonville Road,11,296,
48,Player 2,3176,Marlborough Street,11,256,
49,Player 1,4136,Jail,15,476,
49,Player 2,2766,Water Works,11,46,
49,Player 2,2726,Super Tax,11,6,
49,Player 2,2926,Chance,11,206,
49,Player 2,2926,Mayfair,11,206,
50,Player 1,4126,Marylebone Station,15,216,
50,Player 2,3143,Euston Road,11,423,
51,Player 1,3876,Vine Street,15,416,
51,Player 1,3876,Fenchurch St Station,15,416,
51,Player 2,2743,Community Chest,11,23,
51,Player 2,2743,Old Kent Road,11,23,
52,Player 1,3918,Liverpool Street,16,398,
52,Player 2,2793,Euston Road,11,73,
53,Player 1,4078,Old Kent Road,17,498,
53,Player 1,4078,Euston Road,17,498,
53,Player 2,2818,Northumberland Avenue,10,158,
54,Player 1,4545,Jail,17,865,
54,Player 1,4545,Northumberland Avenue,17,865,
54,Player 1,4545,Vine Street,17,865,
54,Player 2,2728,Trafalgar Square,10,68,
55,Player 1,4545,Coventry Street,17,865,
55,Player 2,2728,Bond Street,10,68,
55,Player 2,2928,Income Tax,10,268,
56,Player 1,4545,Bond Street,17,865,
56,Player 2,2728,Pentonville Road,10,68,
57,Player 1,5145,Mayfair,17,1465,
57,Player 2,2733,Marylebone Station,10,73,
58,Player 1,5345,The Angel Islington,17,1665,
58,Player 2,2583,Fenchurch St Station,9,73,
59,Player 1,4020,Bow Street,18,190,
59,Player 2,2558,Park Lane,9,48,
59,Player 2,2758,GO,9,248,
60,Player 1,4020,Trafalgar Square,18,190,
60,Player 2,2778,Electric Company ,9,268,
60,Player 2,2658,Vine Street,9,148,
61,Player 1,5038,Bond Street,18,1208,
61,Player 2,2553,Water Works,9,43,
62,Player 1,5328,Old Kent Road,18,1498,
62,Player 2,2593,Oxford Street,9,83,
62,Player 2,2767,Community Chest,9,257,
62,Player 2,2767,Jail,9,257,
63,Player 1,5354,Euston Road,18,1524,
63,Player 2,2767,Jail,9,257,
64,Player 1,5354,Community Chest,18,1524,
64,Player 2,2717,Bow Street,9,207,
64,Player 2,2662,The Strand,9,152,
65,Player 1,4262,Fenchurch St Station,19,192,
65,Player 2,2404,Regent Street,8,134,
65,Player 2,2378,Community Chest,8,108,
65,Player 2,2378,GO,8,108,
65,Player 2,2378,Euston Road,8,108,
66,Player 1,4838,Oxford Street,19,168,
66,Player 2,2433,Jail,8,163,
66,Player 2,2433,Marlborough Street,8,163,
66,Player 2,2378,Coventry Street,8,108,
67,Player 1,5988,Old Kent Road,19,718,
67,Player 2,2378,Regent Street,8,108,
68,Player 1,6014,Pentonville Road,19,294,
68,Player 2,2352,Mayfair,8,82,
69,Player 1,6014,Northumberland Avenue,19,294,
69,Player 2,2552,Community Chest,8,282,
70,Player 1,6014,Chance,19,294,
70,Player 2,2502,Pentonville Road,8,232,
71,Player 1,5999,Community Chest,19,579,
71,Player 2,2307,Bow Street,8,37,
72,Player 1,6849,Mayfair,19,1429,
72,Player 2,2392,Fleet Street,8,122,
73,Player 1,8099,Income Tax,19,2679,
73,Player 2,2377,Regent Street,8,107,
74,Player 1,7925,Euston Road,19,2505,
74,Player 2,2551,Old Kent Road,8,281,
74,Player 2,2301,Kings Cross Station,8,31,
75,Player 1,8355,Bow Street,20,2735,
75,Player 2,2301,Whitehall ,8,31,
76,Player 1,9105,Leicester Square,20,3485,
76,Player 2,1966,Fenchurch St Station,7,16,
76,Player 2,2046,Regent Street,7,96,
77,Player 1,6327,Regent Street,21,387,
77,Player 2,1994,Mayfair,7,44,
78,Player 1,6327,Liverpool Street,21,387,
78,Player 2,2244,Kings Cross Station,7,294,
79,Player 1,6327,Park Lane,21,387,
79,Player 1,6527,The Angel Islington,21,587,
79,Player 2,2194,Pall Mall,7,244,
80,Player 1,7101,Community Chest,21,361,
80,Player 2,2049,Bow Street,7,99,
81,Player 1,8076,Fenchurch St Station,21,536,
81,Player 1,8076,Chance,21,536,
81,Player 2,1974,Free Parking,7,24,
82,Player 1,7876,GO,21,236,
82,Player 1,7876,Chance,21,236,
82,Player 1,7876,Marylebone Station,21,236,
82,Player 2,2024,Water Works,7,74,
83,Player 1,7906,Fleet Street,21,266,
83,Player 2,2074,Liverpool Street,7,124,
84,Player 1,7906,Piccadilly,21,266,
84,Player 2,2274,Community Chest,7,324,
85,Player 1,7906,Park Lane,21,266,
85,Player 2,2264,Pall Mall,7,314,
86,Player 1,8457,Chance,21,667,
86,Player 1,8457,Marylebone Station,21,667,
86,Player 1,8407,Fleet Street,21,617,
86,Player 2,2094,Community Chest,7,144,
86,Player 2,2094,Water Works,7,144,
86,Player 2,2034,Park Lane,7,84,
87,Player 1,8467,Piccadilly,21,677,
87,Player 2,2234,Income Tax,7,284,
88,Player 1,8467,Liverpool Street,21,677,
88,Player 2,2084,Jail,7,134,
89,Player 1,8417,Mayfair,21,627,
89,Player 2,2084,Marylebone Station,7,134,
90,Player 1,8617,Chance,21,827,
90,Player 2,2084,Chance,7,134,
90,Player 2,2084,GO,7,134,
91,Player 1,8667,Pall Mall,21,877,
91,Player 2,2084,Chance,7,134,
91,Player 2,2084,Income Tax,7,134,
92,Player 1,8667,The Strand,21,877,
92,Player 1,8667,Coventry Street,21,877,
92,Player 2,2084,Electric Company ,7,134,
92,Player 2,2004,Free Parking,7,54,
93,Player 1,8747,Chance,21,957,
93,Player 2,2004,Coventry Street,7,54,
94,Player 1,7317,Kings Cross Station,21,227,
94,Player 2,2004,Liverpool Street,7,54,
95,Player 1,7317,Whitehall ,21,227,
95,Player 2,2204,Whitechapel Road,7,254,
96,Player 1,7321,Chance,21,231,
96,Player 1,7321,Pall Mall,21,231,
96,Player 2,2200,Chance,7,250,
97,Player 1,7321,Bow Street,21,231,
97,Player 2,2180,Marylebone Station,7,230,
98,Player 1,7321,Free Parking,21,231,
98,Player 2,2180,The Strand,7,230,
99,Player 1,8021,Water Works,21,281,
99,Player 2,2085,Go To Jail,7,135,
99,Player 2,2085,Jail,7,135,
100,Player 1,8021,Oxford Street,21,281,
100,Player 1,8221,Old Kent Road,21,481,
100,Player 2,2085,Jail,7,135,
101,Player 1,7021,Euston Road,21,181,
101,Player 2,2035,Marlborough Street,7,85,
102,Player 1,7091,Pall Mall,21,251,
102,Player 2,1965,Trafalgar Square,7,15,
102,Player 2,0,Trafalgar Square,0,0,
1,Player 1,1500,Pentonville Road,0,1500,
1,Player 2,1500,Euston Road,0,1500,
2,Player 1,1500,Bow Street,1,1380,
2,Player 2,1500,Whitehall ,1,1400,
3,Player 1,1500,The Strand,2,1200,
3,Player 2,1500,Free Parking,2,1260,
4,Player 1,1379,Trafalgar Square,3,859,
4,Player 2,1500,Fenchurch St Station,2,1260,
5,Player 1,1247,Community Chest,4,487,
5,Player 2,1500,Go To Jail,3,1060,
5,Player 2,1500,Jail,3,1060,
6,Player 1,1147,Park Lane,4,387,
6,Player 2,1436,Jail,4,646,
7,Player 1,1347,Kings Cross Station,4,587,
7,Player 2,1386,Vine Street,4,596,
8,Player 1,1347,Electric Company ,5,387,
8,Player 2,1386,Coventry Street,5,396,
9,Player 1,1347,Vine Street,6,237,
9,Player 2,1545,Chance,6,295,
10,Player 1,1331,Water Works,6,221,
10,Player 2,1745,Old Kent Road,6,495,
11,Player 1,1331,Regent Street,7,71,
11,Player 2,2000,Kings Cross Station,8,390,
11,Player 2,1975,Northumberland Avenue,8,365,
12,Player 1,1356,Bond Street,7,96,
12,Player 2,2247,Bow Street,10,157,
12,Player 2,2233,Leicester Square,10,143,
13,Player 1,1570,Old Kent Road,7,310,
13,Player 2,2430,Regent Street,11,80,
14,Player 1,1486,Chance,7,226,
14,Player 1,1486,Income Tax,7,226,
14,Player 2,2630,Community Chest,11,280,
15,Player 1,1338,Electric Company ,7,78,
15,Player 2,2562,Pentonville Road,11,212,
16,Player 1,1346,Vine Street,7,86,
16,Player 2,2570,Vine Street,11,220,
17,Player 1,1330,Fleet Street,7,70,
17,Player 2,2735,Fenchurch St Station,12,165,
18,Player 1,1330,Regent Street,7,70,
18,Player 2,2761,Liverpool Street,12,191,
19,Player 1,1304,Super Tax,7,44,
19,Player 2,3131,Community Chest,13,361,
20,Player 1,1504,Income Tax,7,244,
20,Player 2,3141,Jail,13,371,
21,Player 1,1354,Whitehall ,7,94,
21,Player 2,3151,Free Parking,13,381,
22,Player 1,1344,Free Parking,7,84,
22,Player 2,3151,Water Works,13,381,
23,Player 1,1424,Fleet Street,7,164,
23,Player 2,3289,GO,13,519,
23,Player 2,3289,Income Tax,13,519,
24,Player 1,1406,Leicester Square,7,146,
24,Player 2,3089,Chance,13,319,
25,Player 1,1406,Park Lane,7,146,
25,Player 2,3224,Electric Company ,13,454,
26,Player 1,1621,Income Tax,7,361,
26,Player 2,3174,Vine Street,13,404,
27,Player 1,1459,Northumberland Avenue,7,199,
27,Player 1,1447,Marlborough Street,7,187,
27,Player 2,3249,Leicester Square,14,299,
28,Player 1,1447,Fenchurch St Station,7,187,
28,Player 2,3299,Regent Street,14,349,
29,Player 1,1397,Regent Street,7,137,
29,Player 1,1371,Super Tax,7,111,
29,Player 2,3525,Whitechapel Road,14,575,
29,Player 2,3525,Kings Cross Station,15,515,
29,Player 2,3500,Pentonville Road,15,490,
30,Player 1,1504,Income Tax,7,244,
30,Player 2,3349,Marylebone Station,15,339,
31,Player 1,1354,Electric Company ,7,94,
31,Player 2,3349,Free Parking,16,139,
32,Player 1,1354,Fleet Street,7,94,
32,Player 2,3367,Go To Jail,16,157,
32,Player 2,3367,Jail,16,157,
33,Player 1,1336,Water Works,7,76,
33,Player 2,3367,Jail,16,157,
34,Player 1,1336,Go To Jail,7,76,
34,Player 1,1336,Jail,7,76,
34,Player 2,3317,Community Chest,16,107,
35,Player 1,1336,Jail,7,76,
35,Player 2,3267,Chance,16,57,
35,Player 2,3267,Mayfair,16,57,
36,Player 1,1286,Free Parking,7,26,
36,Player 1,1286,Leicester Square,7,26,
36,Player 2,3489,Euston Road,16,279,
37,Player 1,1264,Regent Street,7,4,
37,Player 2,3515,Northumberland Avenue,16,305,
38,Player 1,1298,Super Tax,7,38,
38,Player 2,3515,Vine Street,16,305,
39,Player 1,1498,Chance,7,238,
39,Player 2,3515,Water Works,16,305,
40,Player 1,1672,Jail,7,412,
40,Player 2,3425,Park Lane,16,215,
41,Player 1,1672,Free Parking,7,412,
41,Player 2,3625,Euston Road,16,415,
42,Player 1,1672,Regent Street,7,412,
42,Player 2,3651,Marylebone Station,16,91,
43,Player 1,1646,Chance,7,386,
43,Player 2,3651,Fleet Street,16,91,
44,Player 1,1696,Whitechapel Road,7,436,
44,Player 2,3971,Oxford Street,16,361,
45,Player 1,1376,Pall Mall,7,116,
45,Player 1,1376,The Strand,7,116,
45,Player 1,1376,Water Works,7,116,
45,Player 2,3903,Chance,18,153,
46,Player 1,1376,Community Chest,7,116,
46,Player 2,4153,Community Chest,18,403,
47,Player 1,1601,Old Kent Road,7,341,
47,Player 2,4526,Jail,18,376,
48,Player 1,1351,Euston Road,7,91,
48,Player 2,4532,The Strand,18,382,
49,Player 1,1363,Community Chest,7,103,
49,Player 2,4514,Coventry Street,18,364,
50,Player 1,1413,Chance,7,153,
50,Player 1,1413,Fenchurch St Station,7,153,
50,Player 2,4614,Bond Street,18,264,
51,Player 1,1313,Go To Jail,7,53,
51,Player 1,1313,Jail,7,53,
51,Player 2,4814,Whitechapel Road,18,464,
52,Player 1,1313,Jail,7,53,
52,Player 2,4814,Pall Mall,18,264,
53,Player 1,1263,Marlborough Street,7,3,
53,Player 2,4828,Community Chest,18,278,
53,Player 2,4828,Jail,18,278,
54,Player 1,1309,Leicester Square,7,49,
54,Player 2,4850,Jail,18,300,
55,Player 1,1287,Community Chest,7,27,
55,Player 2,4800,Bow Street,18,250,
56,Player 1,1311,Park Lane,7,51,
56,Player 1,1476,Income Tax,7,216,
56,Player 2,4821,Trafalgar Square,18,271,
57,Player 1,1349,Pentonville Road,7,89,
57,Player 2,4801,Piccadilly,18,251,
58,Player 1,1349,Community Chest,7,89,
58,Player 2,5029,Chance,19,199,
59,Player 1,1359,Water Works,7,99,
59,Player 2,5214,Whitechapel Road,19,384,
60,Player 1,1559,GO,7,299,
60,Player 1,1559,The Angel Islington,7,299,
60,Player 2,5214,Whitehall ,19,384,
61,Player 1,1559,Bow Street,8,199,
61,Player 2,5214,Community Chest,19,384,
61,Player 2,5214,Water Works,19,384,
62,Player 1,1533,Chance,8,173,
62,Player 2,5174,Community Chest,19,344,
62,Player 2,5174,Old Kent Road,19,344,
63,Player 1,1513,Water Works,8,153,
63,Player 2,5174,Chance,19,344,
63,Player 2,5174,Marylebone Station,19,344,
64,Player 1,1513,Bond Street,8,153,
64,Player 2,5470,Free Parking,19,240,
65,Player 1,1643,Old Kent Road,8,283,
65,Player 2,5720,Coventry Street,19,290,
66,Player 1,1393,Jail,8,33,
66,Player 2,5720,Bond Street,19,290,
67,Player 1,1393,Northumberland Avenue,8,33,
67,Player 2,5744,Park Lane,19,314,
68,Player 1,1369,Fenchurch St Station,8,9,
68,Player 2,6044,Euston Road,19,414,
69,Player 1,1419,Piccadilly,8,59,
69,Player 1,1375,Regent Street,8,15,
69,Player 1,0,Regent Street,0,0,
69,Player 1,0,Park Lane,0,0,
69,Player 1,0,Park Lane,0,0,
1,Player 1,1500,Community Chest,0,1500,
1,Player 1,1510,Pall Mall,0,1510,
1,Player 2,1500,Chance,0,1500,
1,Player 2,1500,Marylebone Station,0,1500,
2,Player 1,1510,Fleet Street,1,1370,
2,Player 1,1510,Regent Street,2,1150,
2,Player 2,1390,Trafalgar Square,1,1190,
3,Player 1,1710,GO,3,1050,
3,Player 2,1390,Water Works,2,950,
4,Player 1,1710,The Angel Islington,3,1050,
4,Player 2,1390,Park Lane,3,800,
5,Player 1,1710,Marylebone Station,4,950,
5,Player 2,1615,Income Tax,4,675,
6,Player 1,1685,Trafalgar Square,4,925,
6,Player 2,1474,Pall Mall,4,534,
7,Player 1,1675,Go To Jail,4,915,
7,Player 1,1675,Jail,4,915,
7,Player 2,1464,Vine Street,4,524,
8,Player 1,1675,Jail,4,915,
8,Player 2,1464,Water Works,5,324,
9,Player 1,1625,Vine Street,4,865,
9,Player 2,1464,Park Lane,5,324,
10,Player 1,1625,Leicester Square,4,865,
10,Player 2,1664,Community Chest,5,524,
11,Player 1,1482,Community Chest,5,462,
11,Player 2,1504,Jail,5,364,
12,Player 1,1507,Super Tax,5,487,
12,Player 2,1504,Community Chest,5,364,
13,Player 1,1607,Whitechapel Road,5,587,
13,Player 2,1704,Fleet Street,5,564,
14,Player 1,1625,Electric Company ,6,545,
14,Player 2,1686,Community Chest,5,546,
15,Player 1,1543,Vine Street,7,313,
15,Player 2,1952,GO,5,812,
16,Player 1,1527,Fleet Street,7,297,
16,Player 1,1527,Piccadilly,7,297,
16,Player 2,2050,Whitechapel Road,6,630,
17,Player 1,1531,Mayfair,7,301,
17,Player 1,1731,The Angel Islington,7,501,
17,Player 2,2266,Pentonville Road,7,246,
18,Player 1,1731,Northumberland Avenue,7,501,
18,Player 1,1731,The Strand,8,341,
18,Player 2,2266,Bow Street,8,126,
19,Player 1,1993,Go To Jail,10,203,
19,Player 1,1993,Jail,10,203,
19,Player 2,2266,Trafalgar Square,8,126,
20,Player 1,1993,Jail,10,203,
20,Player 2,2266,Regent Street,8,126,
21,Player 1,1969,Marlborough Street,10,179,
21,Player 2,2240,Chance,8,100,
22,Player 1,2095,Fleet Street,11,125,
22,Player 2,2425,GO,8,285,
23,Player 1,2095,Fenchurch St Station,11,125,
23,Player 1,2095,Community Chest,11,125,
23,Player 1,2095,Jail,11,125,
23,Player 2,2555,The Angel Islington,9,215,
24,Player 1,2101,Jail,11,131,
24,Player 2,2549,Northumberland Avenue,9,209,
25,Player 1,2063,Marlborough Street,11,93,
25,Player 2,2537,Fleet Street,9,197,
26,Player 1,2081,Fleet Street,11,111,
26,Player 2,2519,Go To Jail,9,179,
26,Player 2,2519,Jail,9,179,
27,Player 1,2081,Coventry Street,11,111,
27,Player 2,2714,Jail,10,114,
28,Player 1,2081,Piccadilly,11,111,
28,Player 1,2059,Liverpool Street,11,89,
28,Player 2,2836,Bow Street,11,36,
29,Player 1,2273,Community Chest,11,303,
29,Player 2,2822,Fenchurch St Station,11,22,
30,Player 1,2223,Whitehall ,11,253,
30,Player 2,2822,Piccadilly,11,22,
30,Player 2,3022,Old Kent Road,11,222,
30,Player 2,3022,Pentonville Road,12,162,
31,Player 1,2223,Bow Street,12,113,
31,Player 2,3022,Marylebone Station,12,162,
32,Player 1,2223,Fenchurch St Station,12,113,
32,Player 2,3122,Leicester Square,12,262,
33,Player 1,2145,Water Works,12,35,
33,Player 2,3112,Liverpool Street,12,252,
34,Player 1,2133,Chance,12,23,
34,Player 2,3312,Community Chest,12,452,
35,Player 1,2373,Community Chest,12,263,
35,Player 1,2373,Electric Company ,12,263,
35,Player 2,3212,Pentonville Road,12,352,
36,Player 1,2296,Free Parking,12,186,
36,Player 2,3212,Whitehall ,12,352,
37,Player 1,2316,Piccadilly,12,206,
37,Player 2,3214,The Strand,12,354,
38,Player 1,2312,Park Lane,12,202,
38,Player 2,3231,Trafalgar Square,12,371,
39,Player 1,2477,The Angel Islington,12,367,
39,Player 2,3231,Liverpool Street,12,371,
40,Player 1,2477,Whitehall ,12,367,
40,Player 2,3431,Income Tax,12,571,
41,Player 1,2477,Bow Street,12,367,
41,Player 2,3231,Marylebone Station,12,371,
42,Player 1,2477,Fenchurch St Station,12,367,
42,Player 2,3331,Free Parking,12,271,
43,Player 1,2377,Bond Street,12,267,
43,Player 2,3331,Water Works,12,271,
44,Player 1,2769,Old Kent Road,13,339,
44,Player 2,3333,Park Lane,12,273,
45,Player 1,2767,Whitechapel Road,13,337,
45,Player 1,2767,Whitehall ,13,337,
45,Player 2,3533,Income Tax,12,473,
46,Player 1,2767,Chance,13,337,
46,Player 1,2767,Marylebone Station,13,337,
46,Player 2,3433,Marylebone Station,12,373,
47,Player 1,2667,Marlborough Street,13,237,
47,Player 2,3433,Marlborough Street,12,373,
48,Player 1,2681,Fleet Street,13,251,
48,Player 2,3419,Leicester Square,12,359,
49,Player 1,2703,Oxford Street,13,273,
49,Player 2,3397,Community Chest,12,337,
49,Player 2,3397,Old Kent Road,12,337,
50,Player 1,3023,Community Chest,14,293,
50,Player 1,3123,Chance,14,393,
50,Player 1,3123,GO,14,393,
50,Player 2,3397,Kings Cross Station,12,337,
51,Player 1,3123,Income Tax,14,393,
51,Player 2,3397,Bow Street,13,137,
52,Player 1,2937,Northumberland Avenue,14,207,
52,Player 2,3383,Vine Street,13,123,
53,Player 1,2937,Fenchurch St Station,14,207,
53,Player 2,3583,Fenchurch St Station,13,323,
54,Player 1,2737,Piccadilly,14,7,
54,Player 1,2785,Bond Street,14,55,
54,Player 2,3605,Liverpool Street,13,345,
55,Player 1,2985,Old Kent Road,14,255,
55,Player 2,3807,Old Kent Road,13,547,
56,Player 1,2983,Chance,14,253,
56,Player 2,3697,Euston Road,13,237,
57,Player 1,2983,Electric Company ,14,253,
57,Player 2,3697,Vine Street,14,137,
58,Player 1,2983,Bow Street,14,253,
58,Player 1,2983,The Strand,14,253,
58,Player 2,3697,Coventry Street,14,137,
59,Player 1,2983,Water Works,14,253,
59,Player 2,3725,Oxford Street,14,165,
60,Player 1,2955,Park Lane,14,225,
60,Player 2,4100,Old Kent Road,14,540,
61,Player 1,2980,Chance,14,250,
61,Player 1,2980,Jail,14,250,
61,Player 2,3957,Electric Company ,14,397,
62,Player 1,2947,Jail,14,217,
62,Player 2,3913,Vine Street,14,353,
63,Player 1,2897,Marlborough Street,14,167,
63,Player 1,2897,Trafalgar Square,14,167,
63,Player 2,3933,Trafalgar Square,14,373,
64,Player 1,2877,Community Chest,14,147,
64,Player 1,2877,GO,14,147,
64,Player 2,3933,Coventry Street,14,373,
65,Player 1,2877,Pentonville Road,14,147,
65,Player 2,3941,Chance,14,381,
65,Player 2,3941,Pall Mall,14,381,
66,Player 1,2889,Marylebone Station,14,159,
66,Player 2,4121,Community Chest,14,361,
66,Player 2,4221,Fenchurch St Station,14,461,
67,Player 1,2759,Trafalgar Square,14,29,
67,Player 2,4241,Piccadilly,14,281,
68,Player 1,2739,Oxford Street,14,9,
68,Player 2,4241,Park Lane,14,281,
68,Player 2,4441,GO,14,481,
69,Player 1,2739,Park Lane,14,9,
69,Player 2,3941,The Angel Islington,14,581,
69,Player 2,3941,Bow Street,14,581,
69,Player 2,3941,Jail,14,581,
70,Player 1,3021,Community Chest,14,291,
70,Player 2,3941,Jail,14,581,
71,Player 1,2866,The Angel Islington,14,136,
71,Player 2,3891,Marlborough Street,14,531,
72,Player 1,2866,Marylebone Station,14,136,
72,Player 2,4091,Trafalgar Square,14,731,
73,Player 1,2676,The Strand,13,6,
73,Player 2,3551,Oxford Street,15,131,
74,Player 1,2676,Leicester Square,13,6,
74,Player 2,3551,Park Lane,15,131,
75,Player 1,2676,Chance,13,6,
75,Player 2,3751,GO,15,331,
76,Player 1,2876,Income Tax,13,206,
76,Player 2,3751,Kings Cross Station,15,331,
77,Player 1,2676,Pall Mall,13,6,
77,Player 2,3751,Euston Road,15,331,
78,Player 1,2676,Marlborough Street,13,6,
78,Player 2,3751,Electric Company ,15,331,
79,Player 1,2692,Fleet Street,13,22,
79,Player 2,3735,Vine Street,15,315,
80,Player 1,2692,Water Works,13,22,
80,Player 2,3755,Fleet Street,15,335,
80,Player 2,3755,Go To Jail,15,335,
80,Player 2,3755,Jail,15,335,
81,Player 1,2672,Liverpool Street,13,2,
81,Player 2,3755,Jail,15,85,
82,Player 1,3002,Kings Cross Station,13,332,
82,Player 1,2802,Euston Road,13,132,
82,Player 2,3911,Vine Street,15,241,
83,Player 1,2796,Marylebone Station,13,126,
83,Player 2,3911,Fenchurch St Station,15,391,
84,Player 1,2776,Vine Street,13,106,
84,Player 1,2760,Coventry Street,13,90,
84,Player 1,2738,Liverpool Street,13,68,
84,Player 2,4149,Piccadilly,15,629,
84,Player 2,4149,Regent Street,15,629,
84,Player 2,4149,Chance,15,629,
84,Player 2,4149,Community Chest,15,629,
85,Player 1,2918,Whitechapel Road,13,248,
85,Player 1,2798,Electric Company ,13,128,
85,Player 2,4819,GO,15,1299,
86,Player 1,2698,Trafalgar Square,12,128,
86,Player 1,2678,Regent Street,12,108,
86,Player 2,3939,Chance,16,319,
87,Player 1,2678,Bond Street,12,108,
87,Player 2,4039,Jail,16,69,
88,Player 1,2878,Whitechapel Road,12,308,
88,Player 2,4489,Marylebone Station,16,319,
89,Player 1,2608,Whitehall ,12,38,
89,Player 1,2608,Fenchurch St Station,12,38,
89,Player 1,2588,Liverpool Street,12,18,
89,Player 2,4689,Chance,16,619,
89,Player 2,4689,Mayfair,16,619,
90,Player 1,2918,The Angel Islington,12,348,
90,Player 2,5039,The Angel Islington,16,1269,
91,Player 1,2698,Whitehall ,12,128,
91,Player 2,5039,Jail,16,1269,
92,Player 1,2698,Marylebone Station,12,128,
92,Player 1,2678,Marlborough Street,12,108,
92,Player 2,5239,Bow Street,16,1469,
93,Player 1,2678,Coventry Street,12,108,
93,Player 2,5261,Chance,16,1491,
94,Player 1,2506,Regent Street,11,86,
94,Player 1,2506,Super Tax,11,86,
94,Player 2,4061,Coventry Street,17,141,
95,Player 1,2706,Kings Cross Station,11,286,
95,Player 2,4179,Bond Street,17,259,
96,Player 1,2506,Electric Company ,11,86,
96,Player 2,4449,Kings Cross Station,17,529,
97,Player 1,2436,Vine Street,11,16,
97,Player 2,4465,Northumberland Avenue,17,545,
98,Player 1,2420,Piccadilly,11,0,
98,Player 1,2468,Park Lane,11,48,
98,Player 1,0,Park Lane,0,0,
1,Player 1,1500,Euston Road,0,1500,
1,Player 1,1500,Vine Street,1,1400,
1,Player 2,1500,Chance,0,1500,
2,Player 1,1500,Leicester Square,2,1200,
2,Player 2,1550,Community Chest,0,1550,
2,Player 2,1550,Jail,0,1550,
3,Player 1,1500,Community Chest,3,940,
3,Player 2,1550,Jail,0,1550,
4,Player 1,1650,GO,3,1090,
4,Player 2,1500,Free Parking,0,1500,
4,Player 2,1500,Regent Street,0,1500,
5,Player 1,1650,Jail,3,1090,
5,Player 1,1650,Northumberland Avenue,3,1090,
5,Player 2,1335,Super Tax,1,1035,
6,Player 1,1650,Chance,4,930,
6,Player 2,1435,Kings Cross Station,1,1135,
7,Player 1,1650,Community Chest,4,930,
7,Player 2,1325,Marylebone Station,2,825,
8,Player 1,1750,Mayfair,4,1030,
8,Player 2,1215,The Strand,3,515,
8,Player 2,1215,Trafalgar Square,4,295,
9,Player 1,2022,Kings Cross Station,6,662,
9,Player 1,1972,Jail,6,612,
9,Player 2,1265,Go To Jail,4,345,
9,Player 2,1265,Jail,4,345,
10,Player 1,1972,Bow Street,6,612,
10,Player 2,1265,Jail,4,345,
11,Player 1,1972,The Strand,7,432,
11,Player 2,1233,Vine Street,4,313,
12,Player 1,1970,Fleet Street,7,430,
12,Player 1,1970,Community Chest,8,210,
12,Player 1,1970,GO,8,210,
12,Player 2,1217,Coventry Street,4,297,
13,Player 1,1970,Chance,8,210,
13,Player 2,1360,Bond Street,5,180,
14,Player 1,1950,Northumberland Avenue,8,190,
14,Player 2,1800,Old Kent Road,6,300,
15,Player 1,1950,Community Chest,8,190,
15,Player 1,1950,Old Kent Road,8,190,
15,Player 2,1802,The Angel Islington,7,242,
16,Player 1,1948,Whitehall ,8,188,
16,Player 1,2018,Trafalgar Square,9,118,
16,Player 2,1802,Marylebone Station,8,142,
17,Player 1,2018,Oxford Street,9,118,
17,Player 2,2057,Leicester Square,9,97,
18,Player 1,2040,Park Lane,9,140,
18,Player 2,2035,Community Chest,9,75,
19,Player 1,2545,Whitechapel Road,10,295,
19,Player 2,2045,Liverpool Street,9,85,
19,Player 2,2245,Community Chest,9,285,
20,Player 1,2685,Whitehall ,12,175,
20,Player 1,2685,Vine Street,12,175,
20,Player 2,2270,Pentonville Road,9,310,
21,Player 1,2685,Fleet Street,12,175,
21,Player 1,2685,Regent Street,12,175,
21,Player 2,2322,Marylebone Station,10,242,
22,Player 1,2833,Old Kent Road,12,323,
22,Player 2,2324,Fleet Street,10,244,
22,Player 2,2306,Go To Jail,10,226,
22,Player 2,2306,Jail,10,226,
23,Player 1,2849,Pentonville Road,12,339,
23,Player 2,2314,Jail,10,234,
24,Player 1,2841,Whitehall ,12,331,
24,Player 2,2264,Marylebone Station,10,184,
25,Player 1,2841,Vine Street,12,331,
25,Player 2,2264,Free Parking,10,184,
26,Player 1,2841,Go To Jail,12,331,
26,Player 1,2841,Jail,12,331,
26,Player 2,2264,Water Works,10,184,
27,Player 1,2878,Jail,13,218,
27,Player 2,2264,Chance,10,184,
27,Player 2,2264,Community Chest,10,184,
28,Player 1,2828,Vine Street,13,168,
28,Player 2,2484,Community Chest,10,404,
29,Player 1,2828,Piccadilly,13,168,
29,Player 2,2716,Euston Road,11,156,
30,Player 1,2834,Bond Street,13,174,
30,Player 2,2860,Northumberland Avenue,11,300,
31,Player 1,2896,Community Chest,13,236,
31,Player 2,2848,Chance,11,288,
32,Player 1,2796,Jail,13,136,
32,Player 2,2833,Coventry Street,11,273,
33,Player 1,2796,Bow Street,13,136,
33,Player 2,2833,Community Chest,11,273,
34,Player 1,2796,Chance,13,136,
34,Player 1,2796,Pall Mall,13,136,
34,Player 2,2892,Park Lane,12,192,
34,Player 2,3057,Income Tax,12,357,
35,Player 1,2831,Community Chest,13,171,
35,Player 2,2857,Whitehall ,12,157,
36,Player 1,2791,Trafalgar Square,13,131,
36,Player 2,2847,Trafalgar Square,12,147,
37,Player 1,2811,Community Chest,13,151,
37,Player 2,2827,Go To Jail,12,127,
37,Player 2,2827,Jail,12,127,
38,Player 1,2911,Super Tax,13,251,
38,Player 2,2827,Jail,12,127,
39,Player 1,3011,Old Kent Road,13,351,
39,Player 2,2779,Community Chest,12,79,
40,Player 1,3009,Electric Company ,13,349,
40,Player 2,2979,Fleet Street,12,279,
41,Player 1,3027,Marlborough Street,14,217,
41,Player 2,2961,Coventry Street,12,261,
42,Player 1,3081,Fenchurch St Station,15,91,
42,Player 2,3111,Park Lane,13,211,
42,Player 2,3076,Mayfair,13,176,
42,Player 2,3026,Jail,13,126,
43,Player 1,3166,Regent Street,15,176,
43,Player 1,3314,Old Kent Road,15,324,
43,Player 2,3080,Jail,13,180,
44,Player 1,3312,Pentonville Road,15,322,
44,Player 1,3304,Northumberland Avenue,15,314,
44,Player 2,3038,Bow Street,13,138,
45,Player 1,3233,Community Chest,15,243,
45,Player 1,3233,Water Works,15,243,
45,Player 2,3010,Chance,13,110,
46,Player 1,3233,Oxford Street,15,243,
46,Player 1,3381,GO,15,391,
46,Player 2,3212,Piccadilly,13,312,
47,Player 1,3271,Income Tax,15,281,
47,Player 2,3212,Super Tax,13,312,
48,Player 1,3071,Pall Mall,15,81,
48,Player 2,3322,Whitechapel Road,13,422,
49,Player 1,3065,Free Parking,15,75,
49,Player 2,3318,Jail,13,218,
50,Player 1,3065,Coventry Street,15,75,
50,Player 2,3318,Marylebone Station,13,218,
51,Player 1,3065,Bond Street,15,75,
51,Player 2,3468,The Strand,13,368,
52,Player 1,3265,The Angel Islington,15,275,
52,Player 1,3259,Euston Road,15,269,
52,Player 1,3259,Bow Street,15,269,
52,Player 2,3474,Leicester Square,13,374,
53,Player 1,3226,Coventry Street,15,236,
53,Player 2,3452,Oxford Street,13,352,
54,Player 1,3226,Liverpool Street,15,236,
54,Player 2,3452,Super Tax,13,352,
54,Player 2,3552,Kings Cross Station,13,452,
55,Player 1,3426,Whitechapel Road,15,436,
55,Player 2,3552,Whitehall ,13,252,
56,Player 1,3326,Chance,15,336,
56,Player 2,3542,The Strand,13,242,
57,Player 1,3426,Community Chest,15,236,
57,Player 1,3426,Jail,15,236,
57,Player 2,3542,Leicester Square,13,242,
58,Player 1,3448,Jail,15,258,
58,Player 2,3520,Community Chest,13,220,
59,Player 1,3398,Northumberland Avenue,15,208,
59,Player 2,3670,GO,13,370,
60,Player 1,3398,Leicester Square,15,208,
60,Player 1,3398,Piccadilly,15,208,
60,Player 2,3670,Jail,13,370,
60,Player 2,3670,Marylebone Station,13,370,
61,Player 1,3398,Park Lane,15,208,
61,Player 1,3598,Euston Road,15,408,
61,Player 2,3670,The Strand,13,370,
62,Player 1,3598,Electric Company ,15,208,
62,Player 2,3670,Leicester Square,13,370,
63,Player 1,3620,Marlborough Street,15,230,
63,Player 2,3648,Chance,13,348,
63,Player 2,3648,GO,13,348,
64,Player 1,3620,Trafalgar Square,15,230,
64,Player 2,3648,Chance,13,348,
64,Player 2,3648,Jail,13,348,
65,Player 1,3620,Community Chest,15,230,
65,Player 2,3648,Jail,13,348,
66,Player 1,3720,Mayfair,15,330,
66,Player 2,3598,Whitehall ,13,298,
67,Player 1,3930,Income Tax,15,540,
67,Player 2,3588,The Strand,13,288,
68,Player 1,3730,Northumberland Avenue,15,340,
68,Player 2,3588,Piccadilly,13,288,
69,Player 1,3730,Community Chest,15,340,
69,Player 1,3730,GO,15,340,
69,Player 2,3588,Chance,13,288,
70,Player 1,3730,The Angel Islington,15,340,
70,Player 2,3644,Chance,13,344,
71,Player 1,3724,Euston Road,15,334,
71,Player 1,3724,Northumberland Avenue,15,334,
71,Player 2,3524,Marylebone Station,13,224,
71,Player 2,3524,Free Parking,13,224,
72,Player 1,3724,Chance,15,334,
72,Player 1,3724,Mayfair,15,334,
72,Player 1,3924,Chance,15,534,
72,Player 1,3924,Marylebone Station,15,534,
72,Player 2,3624,Coventry Street,13,324,
73,Player 1,3824,Free Parking,15,234,
73,Player 2,3624,Go To Jail,13,324,
73,Player 2,3624,Jail,13,324,
74,Player 1,3824,Fleet Street,15,234,
74,Player 2,3624,Jail,13,324,
75,Player 1,3824,Oxford Street,15,234,
75,Player 2,3704,Marylebone Station,13,204,
76,Player 1,3694,Liverpool Street,15,104,
76,Player 2,3704,Free Parking,13,204,
77,Player 1,3694,Super Tax,15,104,
77,Player 2,3704,Coventry Street,13,204,
78,Player 1,3794,Income Tax,15,204,
78,Player 2,3704,Go To Jail,13,204,
78,Player 2,3704,Jail,13,204,
79,Player 1,3594,Jail,15,4,
79,Player 2,3704,Jail,13,204,
80,Player 1,3594,Vine Street,15,4,
80,Player 2,3654,The Strand,13,154,
81,Player 1,3594,Coventry Street,15,4,
81,Player 2,3654,Regent Street,13,154,
82,Player 1,3594,Park Lane,15,4,
82,Player 2,3654,Super Tax,13,154,
83,Player 1,3794,Whitechapel Road,15,204,
83,Player 1,3794,Euston Road,15,204,
83,Player 2,3754,Community Chest,13,254,
83,Player 2,3754,Old Kent Road,13,254,
84,Player 1,3794,Northumberland Avenue,15,204,
84,Player 1,3794,Fenchurch St Station,15,204,
84,Player 2,3854,Euston Road,13,354,
85,Player 1,3700,Community Chest,15,110,
85,Player 2,3838,Free Parking,13,338,
85,Player 2,3838,Fleet Street,13,338,
86,Player 1,3728,Super Tax,15,138,
86,Player 2,3820,Piccadilly,13,320,
87,Player 1,3828,Jail,15,238,
87,Player 1,3828,Vine Street,15,238,
87,Player 2,3820,Park Lane,13,320,
88,Player 1,4003,Fleet Street,15,213,
88,Player 2,3645,Mayfair,13,145,
88,Player 2,3585,Pentonville Road,13,285,
89,Player 1,4063,Water Works,16,213,
89,Player 2,3525,Bow Street,12,285,
90,Player 1,4091,Park Lane,16,241,
90,Player 2,3497,Fenchurch St Station,12,257,
91,Player 1,4291,GO,16,441,
91,Player 2,3497,Bond Street,12,257,
92,Player 1,4291,Pentonville Road,16,241,
92,Player 2,3705,Old Kent Road,12,465,
93,Player 1,4285,Community Chest,16,235,
93,Player 2,3593,Chance,12,353,
93,Player 2,3593,Marylebone Station,12,353,
94,Player 1,4310,Fenchurch St Station,16,260,
94,Player 2,3583,Free Parking,12,343,
95,Player 1,4210,Oxford Street,16,160,
95,Player 2,3592,Leicester Square,12,352,
96,Player 1,4102,Park Lane,16,52,
96,Player 2,3570,Park Lane,12,330,
97,Player 1,4802,Community Chest,16,352,
97,Player 2,3520,Old Kent Road,12,280,
98,Player 1,4824,Northumberland Avenue,16,374,
98,Player 1,4824,Marlborough Street,16,374,
98,Player 2,3518,Jail,12,278,
99,Player 1,4824,Coventry Street,16,374,
99,Player 2,3518,Northumberland Avenue,12,278,
100,Player 1,4836,Liverpool Street,16,386,
100,Player 2,3506,Chance,12,266,
101,Player 1,5036,Community Chest,16,586,
101,Player 2,3556,Piccadilly,12,316,
102,Player 1,5086,Pentonville Road,16,236,
102,Player 2,3564,Liverpool Street,12,324,
102,Player 2,3739,Kings Cross Station,12,499,
102,Player 2,3739,Pall Mall,12,499,
103,Player 1,5103,Northumberland Avenue,16,253,
103,Player 2,3629,Community Chest,12,389,
104,Player 1,5103,The Strand,16,253,
104,Player 2,3547,Fleet Street,12,307,
104,Player 2,3529,Piccadilly,12,289,
105,Player 1,5103,Coventry Street,16,253,
105,Player 2,3529,Chance,12,289,
106,Player 1,5103,Piccadilly,16,253,
106,Player 1,5103,Chance,16,253,
106,Player 2,3654,Community Chest,12,414,
107,Player 1,5283,Old Kent Road,16,433,
107,Player 2,3664,Pall Mall,12,424,
108,Player 1,4483,Kings Cross Station,16,233,
108,Player 1,4383,Northumberland Avenue,16,133,
108,Player 2,3621,Marlborough Street,12,381,
109,Player 1,4453,Fleet Street,16,203,
109,Player 2,3551,Coventry Street,12,311,
110,Player 1,4453,Piccadilly,16,203,
110,Player 2,3551,Go To Jail,12,311,
110,Player 2,3551,Jail,12,311,
111,Player 1,4453,Regent Street,16,203,
111,Player 1,4453,Community Chest,16,203,
111,Player 1,4403,Chance,16,153,
111,Player 1,4403,Community Chest,16,153,
111,Player 2,3551,Jail,12,311,
112,Player 1,4503,Super Tax,16,253,
112,Player 2,3501,Bow Street,12,261,
113,Player 1,4631,Euston Road,16,381,
113,Player 2,3473,Fenchurch St Station,12,233,
114,Player 1,4631,Marylebone Station,16,381,
114,Player 2,3573,Go To Jail,12,333,
114,Player 2,3573,Jail,12,333,
115,Player 1,4531,Marlborough Street,16,281,
115,Player 2,3573,Jail,12,333,
116,Player 1,4531,The Strand,16,281,
116,Player 2,3541,Northumberland Avenue,12,301,
117,Player 1,4525,Go To Jail,16,275,
117,Player 1,4525,Jail,16,275,
117,Player 2,3529,Fleet Street,12,289,
118,Player 1,4543,Jail,16,293,
118,Player 2,3511,Piccadilly,12,271,
119,Player 1,4493,Northumberland Avenue,16,243,
119,Player 1,4493,Community Chest,16,243,
119,Player 2,3511,Oxford Street,12,271,
120,Player 1,3893,Trafalgar Square,16,243,
120,Player 2,3511,Mayfair,12,271,
120,Player 2,0,Mayfair,0,0,
1,Player 2,1500,Kings Cross Station,0,1500,
1,Player 1,1500,Pentonville Road,0,1500,
2,Player 2,1390,Marylebone Station,1,1190,
2,Player 1,1500,Pall Mall,1,1380,
2,Player 1,1500,Northumberland Avenue,2,1240,
3,Player 2,1390,Chance,2,990,
3,Player 1,1500,Fleet Street,3,1080,
4,Player 2,1440,Regent Street,2,1040,
4,Player 1,1500,Regent Street,4,860,
5,Player 2,1301,Bond Street,3,601,
5,Player 1,1474,Chance,4,834,
6,Player 2,1501,Income Tax,4,481,
6,Player 1,1674,Chance,4,1034,
7,Player 2,1351,Whitehall ,4,331,
7,Player 1,1654,Marlborough Street,4,1014,
8,Player 2,1351,Trafalgar Square,5,191,
8,Player 1,1678,Coventry Street,6,618,
9,Player 2,1351,Regent Street,5,191,
9,Player 1,1678,Community Chest,7,358,
10,Player 2,1551,GO,5,391,
10,Player 1,1878,Super Tax,7,558,
11,Player 2,1551,Euston Road,5,391,
11,Player 1,1978,Income Tax,7,658,
12,Player 2,1551,Northumberland Avenue,6,291,
12,Player 1,1793,Electric Company ,7,473,
13,Player 2,1539,Fenchurch St Station,6,279,
13,Player 1,1793,Free Parking,8,323,
14,Player 2,1579,Liverpool Street,7,119,
14,Player 1,1903,Coventry Street,9,233,
15,Player 2,1579,Park Lane,7,119,
15,Player 2,1779,Kings Cross Station,7,319,
15,Player 1,2167,Liverpool Street,10,147,
15,Player 1,2167,Mayfair,10,147,
15,Player 1,2167,Jail,10,147,
16,Player 2,2059,Whitehall ,8,199,
16,Player 1,2167,Jail,10,147,
17,Player 2,2059,The Strand,8,199,
17,Player 1,2117,Bow Street,10,97,
18,Player 2,2339,Regent Street,10,79,
18,Player 1,2117,Leicester Square,10,97,
19,Player 2,2339,Chance,10,79,
19,Player 2,2339,Community Chest,10,79,
19,Player 2,2339,Electric Company ,10,79,
19,Player 1,2358,Liverpool Street,11,78,
20,Player 2,2319,Community Chest,10,59,
20,Player 2,2319,Jail,10,59,
20,Player 1,2558,Community Chest,11,278,
21,Player 2,2319,Jail,10,59,
21,Player 1,2508,Pall Mall,11,228,
22,Player 2,2269,Vine Street,10,9,
22,Player 1,2688,Bow Street,12,208,
23,Player 2,2283,Fenchurch St Station,10,23,
23,Player 2,2283,Go To Jail,10,23,
23,Player 2,2283,Jail,10,23,
23,Player 1,2674,The Strand,12,194,
24,Player 2,2283,Jail,10,23,
24,Player 1,2674,Coventry Street,12,194,
24,Player 1,2674,Community Chest,12,194,
25,Player 2,2283,Jail,10,23,
25,Player 1,2974,GO,12,494,
26,Player 2,2283,Jail,10,23,
26,Player 1,2864,Euston Road,12,384,
26,Player 1,2858,Marlborough Street,12,378,
26,Player 1,2858,Jail,12,378,
27,Player 2,2289,Jail,10,29,
27,Player 1,2858,Jail,12,378,
28,Player 2,2289,Vine Street,10,29,
28,Player 1,2824,The Strand,12,344,
29,Player 2,2273,Piccadilly,10,13,
29,Player 2,2273,Chance,10,13,
29,Player 1,3076,Piccadilly,13,316,
30,Player 2,2358,Mayfair,10,98,
30,Player 1,3076,Park Lane,13,316,
31,Player 2,2558,Euston Road,10,298,
31,Player 1,3276,GO,13,516,
32,Player 2,2558,Bow Street,10,298,
32,Player 1,3276,The Angel Islington,13,216,
33,Player 2,2558,Fleet Street,10,298,
33,Player 1,3294,Northumberland Avenue,14,134,
34,Player 2,2540,Leicester Square,10,280,
34,Player 1,3404,Fenchurch St Station,14,244,
35,Player 2,2530,Bond Street,10,270,
35,Player 1,3304,Community Chest,14,144,
35,Player 1,3304,GO,14,144,
36,Player 2,2730,GO,10,470,
36,Player 1,3304,Whitechapel Road,14,144,
37,Player 2,2620,Euston Road,10,360,
37,Player 2,2620,Marylebone Station,10,360,
37,Player 1,3304,Electric Company ,15,84,
38,Player 2,2620,Trafalgar Square,10,360,
38,Player 1,3324,Vine Street,15,104,
39,Player 2,2600,Community Chest,10,340,
39,Player 2,2600,Old Kent Road,10,340,
39,Player 1,3324,Coventry Street,15,104,
40,Player 2,2600,Chance,11,280,
40,Player 2,2600,Pall Mall,11,280,
40,Player 1,3334,Bond Street,15,114,
41,Player 2,2618,Community Chest,11,298,
41,Player 1,3496,Whitechapel Road,15,276,
42,Player 2,2628,The Strand,11,308,
42,Player 2,2628,Community Chest,11,308,
42,Player 2,2653,Mayfair,11,333,
42,Player 1,3496,Whitehall ,15,276,
42,Player 1,3486,Bow Street,15,266,
43,Player 2,2877,Chance,11,557,
43,Player 2,3027,Bow Street,11,707,
43,Player 1,3472,Fenchurch St Station,15,252,
44,Player 2,2896,The Strand,11,576,
44,Player 1,3372,Oxford Street,15,152,
45,Player 2,3106,Fenchurch St Station,12,286,
45,Player 2,3106,Go To Jail,12,286,
45,Player 2,3106,Jail,12,286,
45,Player 1,3372,Park Lane,15,152,
46,Player 2,3106,Jail,12,286,
46,Player 1,3572,Kings Cross Station,15,352,
47,Player 2,3156,Bow Street,12,336,
47,Player 2,3156,Fenchurch St Station,12,336,
47,Player 1,3472,Electric Company ,15,252,
48,Player 2,3156,Community Chest,12,336,
48,Player 2,3176,Chance,12,356,
48,Player 1,3472,Marylebone Station,15,252,
49,Player 2,3576,Whitechapel Road,12,556,
49,Player 1,3376,Marlborough Street,15,156,
50,Player 2,3407,Pentonville Road,12,387,
50,Player 1,3384,Trafalgar Square,15,164,
51,Player 2,3399,Electric Company ,12,379,
51,Player 1,3396,Coventry Street,15,176,
52,Player 2,3387,Free Parking,12,367,
52,Player 2,3387,Coventry Street,12,367,
52,Player 1,3440,Oxford Street,15,220,
53,Player 2,3473,Community Chest,12,253,
53,Player 1,3310,Mayfair,15,90,
54,Player 2,3773,Community Chest,12,553,
54,Player 1,3460,Kings Cross Station,15,240,
55,Player 2,3773,Pentonville Road,12,353,
55,Player 1,3368,Northumberland Avenue,15,148,
56,Player 2,3765,Marylebone Station,12,345,
56,Player 1,3368,Fleet Street,15,148,
57,Player 2,3765,Trafalgar Square,12,345,
57,Player 1,3388,Community Chest,15,168,
58,Player 2,3745,Water Works,12,325,
58,Player 1,3398,Mayfair,15,178,
59,Player 2,3795,Liverpool Street,13,225,
59,Player 1,3573,Income Tax,15,353,
60,Player 2,3970,Old Kent Road,13,400,
60,Player 1,3373,Pall Mall,15,153,
61,Player 2,3970,Pall Mall,13,200,
61,Player 2,3960,Free Parking,13,190,
61,Player 1,3383,Northumberland Avenue,15,163,
62,Player 2,3960,Fenchurch St Station,13,190,
62,Player 1,3383,Vine Street,15,163,
63,Player 2,3960,Bond Street,13,190,
63,Player 1,3383,Leicester Square,15,163,
64,Player 2,4160,GO,13,390,
64,Player 1,3383,Bond Street,15,163,
65,Player 2,4070,Kings Cross Station,14,240,
65,Player 1,3393,GO,14,233,
65,Player 1,3393,The Angel Islington,14,233,
66,Player 2,4070,Electric Company ,14,240,
66,Player 1,3355,Whitehall ,14,195,
67,Player 2,4052,Fleet Street,14,222,
67,Player 1,3345,Community Chest,14,185,
68,Player 2,4052,Community Chest,14,222,
68,Player 1,3295,The Strand,14,135,
69,Player 2,4370,Old Kent Road,14,540,
69,Player 1,3277,Water Works,14,117,
70,Player 2,4398,Pentonville Road,14,368,
70,Player 1,3257,Liverpool Street,14,97,
71,Player 2,4390,Whitehall ,14,360,
71,Player 1,3457,Old Kent Road,14,297,
72,Player 2,4392,Fleet Street,14,362,
72,Player 1,3378,The Angel Islington,14,218,
73,Player 2,4392,Go To Jail,14,362,
73,Player 2,4392,Jail,14,362,
73,Player 1,3378,Northumberland Avenue,14,218,
74,Player 2,4392,Jail,14,362,
74,Player 1,3378,Free Parking,14,218,
75,Player 2,4342,Free Parking,14,312,
75,Player 2,4342,Regent Street,14,312,
75,Player 1,3378,Coventry Street,14,218,
76,Player 2,4342,Super Tax,14,312,
76,Player 1,3378,Park Lane,14,218,
76,Player 1,3578,Income Tax,14,418,
77,Player 2,4442,Whitechapel Road,14,412,
77,Player 1,3378,Electric Company ,14,218,
78,Player 2,4442,Electric Company ,14,212,
78,Player 1,3414,Vine Street,14,254,
79,Player 2,4406,Marlborough Street,14,176,
79,Player 1,3428,Fenchurch St Station,14,268,
80,Player 2,4492,Leicester Square,14,262,
80,Player 1,3438,Chance,14,278,
80,Player 1,3438,GO,14,278,
81,Player 2,4382,Community Chest,14,152,
81,Player 1,3438,Chance,14,278,
81,Player 1,3438,Jail,14,278,
82,Player 2,4582,Super Tax,14,352,
82,Player 1,3438,Jail,14,278,
83,Player 2,4682,Euston Road,14,452,
83,Player 2,4682,Marylebone Station,14,452,
83,Player 1,3388,Vine Street,14,228,
84,Player 2,4682,Fleet Street,14,252,
84,Player 1,3388,Piccadilly,14,228,
85,Player 2,4682,Piccadilly,14,252,
85,Player 2,4562,Chance,14,132,
85,Player 1,3620,Old Kent Road,14,460,
85,Player 1,3618,Jail,14,458,
86,Player 2,4714,Kings Cross Station,14,284,
86,Player 1,3497,Marylebone Station,14,337,
87,Player 2,4704,Bow Street,14,274,
87,Player 1,3397,Fenchurch St Station,14,237,
88,Player 2,4804,Water Works,14,374,
88,Player 2,4804,Chance,14,374,
88,Player 2,4684,Whitechapel Road,14,254,
88,Player 1,3297,Community Chest,14,137,
88,Player 1,3297,Electric Company ,14,137,
89,Player 2,4684,Whitehall ,14,254,
89,Player 2,4684,Chance,14,254,
89,Player 2,4684,Mayfair,14,254,
89,Player 1,3297,Northumberland Avenue,14,137,
89,Player 1,3297,Chance,14,137,
89,Player 1,3297,Marylebone Station,14,137,
90,Player 2,4984,Chance,14,554,
90,Player 2,4984,Marylebone Station,14,554,
90,Player 2,4984,The Strand,14,554,
90,Player 1,3197,The Strand,14,37,
90,Player 1,3179,Regent Street,14,19,
90,Player 1,3289,Mayfair,14,129,
91,Player 2,4352,Coventry Street,14,222,
91,Player 1,3439,The Angel Islington,14,279,
92,Player 2,4352,Regent Street,14,222,
92,Player 2,4352,Park Lane,14,222,
92,Player 1,3373,Marylebone Station,14,213,
93,Player 2,4652,Whitechapel Road,14,522,
93,Player 1,3273,Free Parking,14,113,
94,Player 2,3852,Pentonville Road,14,322,
94,Player 1,3281,Piccadilly,14,121,
95,Player 2,3844,Bow Street,14,314,
95,Player 1,3281,Regent Street,14,121,
95,Player 1,3041,Park Lane,14,31,
96,Player 2,4719,Fleet Street,14,1189,
96,Player 1,3241,Income Tax,14,231,
97,Player 2,4719,Regent Street,14,1189,
97,Player 2,4919,Community Chest,14,1389,
97,Player 2,4919,Jail,14,1389,
97,Player 1,3041,Electric Company ,14,31,
98,Player 2,4919,Jail,14,1389,
98,Player 1,3041,Chance,14,31,
99,Player 2,4869,Marlborough Street,14,1339,
99,Player 1,3091,Bond Street,14,81,
99,Player 1,3106,Whitechapel Road,14,246,
100,Player 2,4919,Chance,15,1189,
100,Player 1,2666,Euston Road,13,6,
101,Player 2,4315,Piccadilly,15,585,
101,Player 1,2704,Bow Street,13,44,
102,Player 2,4285,Park Lane,15,555,
102,Player 1,2690,Free Parking,13,30,
102,Player 1,2690,Fenchurch St Station,13,30,
103,Player 2,4685,Old Kent Road,15,955,
103,Player 1,2700,Water Works,13,40,
104,Player 2,4697,Euston Road,15,967,
104,Player 1,2688,Liverpool Street,13,28,
105,Player 2,4897,Northumberland Avenue,15,1167,
105,Player 1,2898,Kings Cross Station,13,238,
105,Player 1,2698,Marylebone Station,13,38,
106,Player 2,3947,The Strand,16,67,
106,Player 1,2558,Fenchurch St Station,12,48,
107,Player 2,4147,Oxford Street,16,267,
107,Player 1,2568,Water Works,12,58,
108,Player 2,4095,Super Tax,16,215,
108,Player 1,2538,Bond Street,12,28,
108,Player 1,0,Bond Street,0,0,
108,Player 1,200,Whitechapel Road,0,200,
108,Player 1,0,Whitechapel Road,0,0,
1,Player 1,1500,Euston Road,0,1500,
1,Player 2,1500,Euston Road,0,1500,
2,Player 1,1506,Whitehall ,1,1406,
2,Player 2,1494,Community Chest,0,1494,
2,Player 2,1494,Jail,0,1494,
3,Player 1,1506,Community Chest,2,1266,
3,Player 2,1494,Jail,0,1494,
4,Player 1,1516,Free Parking,2,1276,
4,Player 2,1444,Marlborough Street,0,1444,
5,Player 1,1516,Piccadilly,2,1276,
5,Player 2,1444,Trafalgar Square,1,1264,
5,Player 2,1444,Regent Street,2,1024,
6,Player 1,1716,GO,3,1196,
6,Player 2,1444,Super Tax,3,724,
7,Player 1,1716,Jail,3,1196,
7,Player 2,1544,Income Tax,3,824,
8,Player 1,1716,Marlborough Street,3,1196,
8,Player 1,1702,Fenchurch St Station,3,1182,
8,Player 2,1404,Electric Company ,3,684,
9,Player 1,1702,Bond Street,4,982,
9,Player 2,1404,Community Chest,4,534,
9,Player 2,1404,GO,4,534,
10,Player 1,1902,The Angel Islington,5,862,
10,Player 1,1902,Community Chest,6,762,
10,Player 2,1404,Income Tax,4,534,
10,Player 2,1264,Chance,4,394,
10,Player 2,1264,Mayfair,4,394,
11,Player 1,2162,Fleet Street,7,622,
11,Player 2,1464,Kings Cross Station,4,594,
12,Player 1,2162,Go To Jail,8,402,
12,Player 1,2162,Jail,8,402,
12,Player 2,1464,Pentonville Road,5,394,
13,Player 1,2162,Jail,8,402,
13,Player 2,1464,Electric Company ,6,274,
14,Player 1,2112,Bow Street,8,352,
14,Player 2,1464,Chance,6,274,
14,Player 2,1464,Vine Street,6,274,
15,Player 1,2130,Trafalgar Square,9,190,
15,Player 1,2110,Oxford Street,9,170,
15,Player 2,1769,Fleet Street,8,79,
16,Player 1,2128,Super Tax,9,188,
16,Player 2,1751,Bond Street,8,61,
17,Player 1,2256,Chance,9,316,
17,Player 2,1923,Income Tax,8,233,
17,Player 2,1731,Pall Mall,8,41,
18,Player 1,2532,Bow Street,10,452,
18,Player 2,1731,Chance,8,41,
19,Player 1,2532,Fleet Street,10,452,
19,Player 2,1831,Leicester Square,8,141,
20,Player 1,2714,Regent Street,11,374,
20,Player 2,1857,Regent Street,8,167,
21,Player 1,2688,Chance,11,348,
21,Player 1,2688,Jail,11,348,
21,Player 2,1857,Park Lane,8,167,
21,Player 2,2057,Kings Cross Station,8,367,
22,Player 1,2935,Jail,12,245,
22,Player 2,2057,Bow Street,8,367,
23,Player 1,2899,The Strand,12,209,
23,Player 2,2142,Fleet Street,9,232,
24,Player 1,2917,Coventry Street,12,227,
24,Player 2,2124,Go To Jail,9,214,
24,Player 2,2124,Jail,9,214,
25,Player 1,3073,Community Chest,13,123,
25,Player 1,3073,Electric Company ,13,123,
25,Player 2,2148,Jail,9,238,
26,Player 1,3049,Vine Street,13,99,
26,Player 2,2114,Community Chest,9,204,
27,Player 1,3033,Coventry Street,13,83,
27,Player 2,2134,Fleet Street,9,224,
28,Player 1,3051,Bond Street,13,101,
28,Player 2,2116,Go To Jail,9,206,
28,Player 2,2116,Jail,9,206,
29,Player 1,3051,Mayfair,13,101,
29,Player 2,2116,Jail,9,206,
30,Player 1,3251,Income Tax,13,301,
30,Player 2,2066,Vine Street,9,156,
31,Player 1,3051,Euston Road,13,101,
31,Player 2,2066,Fleet Street,9,156,
31,Player 2,2048,Go To Jail,9,138,
31,Player 2,2048,Jail,9,138,
32,Player 1,3069,Northumberland Avenue,13,119,
32,Player 2,2048,Jail,9,138,
33,Player 1,3165,Vine Street,14,55,
33,Player 2,2014,Community Chest,9,104,
34,Player 1,3149,Piccadilly,14,39,
34,Player 2,2039,Fleet Street,9,129,
35,Player 1,3167,Bond Street,14,57,
35,Player 2,2021,Coventry Street,9,111,
36,Player 1,3411,Old Kent Road,14,301,
36,Player 2,1977,Community Chest,9,67,
36,Player 2,1977,Old Kent Road,9,67,
37,Player 1,3413,Jail,15,243,
37,Player 2,1975,Kings Cross Station,9,65,
38,Player 1,3413,Vine Street,15,243,
38,Player 2,1991,Electric Company ,9,81,
39,Player 1,3397,Water Works,15,227,
39,Player 2,1991,Bow Street,9,81,
40,Player 1,3504,Community Chest,16,184,
40,Player 2,1967,Trafalgar Square,9,57,
41,Player 1,3514,Mayfair,16,194,
41,Player 2,1967,Bond Street,9,57,
42,Player 1,3742,Whitechapel Road,16,422,
42,Player 2,2139,Kings Cross Station,9,229,
43,Player 1,3742,Pentonville Road,17,362,
43,Player 2,2147,Whitehall ,9,237,
44,Player 1,3754,Whitehall ,17,374,
44,Player 2,2127,Chance,9,217,
44,Player 2,2127,GO,9,217,
45,Player 1,3754,Free Parking,17,374,
45,Player 2,2127,Pall Mall,9,217,
46,Player 1,3774,Coventry Street,17,394,
46,Player 2,2107,The Strand,9,197,
47,Player 1,3774,Chance,17,394,
47,Player 1,3774,Pall Mall,17,394,
47,Player 2,2107,Water Works,9,197,
48,Player 1,3802,Marlborough Street,17,222,
48,Player 2,2093,Park Lane,9,183,
49,Player 1,3823,Fenchurch St Station,17,243,
49,Player 2,2258,Whitechapel Road,9,348,
50,Player 1,3827,Go To Jail,17,247,
50,Player 1,3827,Jail,17,247,
50,Player 2,2254,Northumberland Avenue,9,344,
51,Player 1,3851,Jail,17,271,
51,Player 2,2230,Bow Street,9,320,
51,Player 2,2216,Coventry Street,9,306,
52,Player 1,3859,Whitehall ,17,279,
52,Player 2,2172,Chance,9,262,
53,Player 1,3859,The Strand,17,279,
53,Player 2,2370,Income Tax,9,460,
53,Player 2,2170,The Angel Islington,9,260,
53,Player 2,2164,Jail,9,254,
54,Player 1,3847,Water Works,17,267,
54,Player 2,2164,Jail,9,254,
55,Player 1,3847,Regent Street,17,267,
55,Player 2,2140,Bow Street,9,230,
56,Player 1,3835,Liverpool Street,17,255,
56,Player 1,4135,Community Chest,18,355,
56,Player 2,2126,Chance,9,216,
56,Player 2,1976,Regent Street,9,66,
57,Player 1,4335,Pentonville Road,18,355,
57,Player 2,1984,Community Chest,9,74,
57,Player 2,1934,Super Tax,9,24,
58,Player 1,4327,Vine Street,18,347,
58,Player 2,2150,Kings Cross Station,9,240,
59,Player 1,4311,Piccadilly,18,331,
59,Player 2,2150,Jail,9,240,
60,Player 1,4311,Bond Street,18,331,
60,Player 2,2150,Northumberland Avenue,9,240,
61,Player 1,4535,GO,18,555,
61,Player 2,2126,Community Chest,9,216,
62,Player 1,4535,The Angel Islington,18,355,
62,Player 2,2226,Trafalgar Square,9,316,
63,Player 1,4535,Marylebone Station,18,355,
63,Player 2,2226,Oxford Street,9,316,
63,Player 2,2226,Super Tax,9,316,
64,Player 1,4535,Trafalgar Square,19,155,
64,Player 2,2346,Whitechapel Road,9,436,
65,Player 1,4519,Coventry Street,19,139,
65,Player 2,2342,Pall Mall,9,432,
65,Player 2,2322,Vine Street,9,412,
66,Player 1,4539,Oxford Street,19,159,
66,Player 2,2348,Coventry Street,9,438,
67,Player 1,4757,Income Tax,19,377,
67,Player 1,4557,The Angel Islington,19,177,
67,Player 1,4557,Jail,19,177,
67,Player 2,2304,Oxford Street,9,394,
68,Player 1,4557,Free Parking,19,177,
68,Player 2,2304,Chance,9,394,
68,Player 2,2304,Kings Cross Station,9,394,
69,Player 1,4557,Water Works,19,177,
69,Player 2,2304,Electric Company ,9,394,
70,Player 1,4557,Bond Street,19,177,
70,Player 2,2304,Vine Street,9,394,
71,Player 1,4757,Old Kent Road,19,377,
71,Player 2,2304,Water Works,9,394,
72,Player 1,4793,Pentonville Road,19,213,
72,Player 2,2276,Bond Street,9,366,
73,Player 1,4813,Community Chest,19,233,
73,Player 2,2448,Kings Cross Station,9,538,
74,Player 1,4863,Leicester Square,19,283,
74,Player 2,2448,Northumberland Avenue,9,538,
75,Player 1,4887,Bond Street,19,307,
75,Player 1,5087,GO,19,507,
75,Player 2,2424,Vine Street,9,514,
76,Player 1,5087,Whitechapel Road,19,307,
76,Player 2,2424,Coventry Street,9,514,
76,Player 2,2380,Bond Street,9,470,
77,Player 1,5159,Pentonville Road,19,379,
77,Player 1,5151,Vine Street,19,371,
77,Player 2,2576,Whitechapel Road,9,666,
78,Player 1,5139,Fenchurch St Station,19,359,
78,Player 2,2572,Jail,9,662,
79,Player 1,5139,Regent Street,19,359,
79,Player 1,5313,Old Kent Road,19,533,
79,Player 1,5313,Euston Road,19,533,
79,Player 2,2598,Community Chest,9,688,
80,Player 1,5313,Electric Company ,19,333,
80,Player 1,5297,Marlborough Street,19,317,
80,Player 2,2578,Trafalgar Square,9,668,
81,Player 1,5283,Leicester Square,19,303,
81,Player 2,2578,Water Works,9,668,
82,Player 1,5299,Super Tax,19,319,
82,Player 1,5399,Income Tax,19,419,
82,Player 2,2562,Chance,9,652,
83,Player 1,5199,Chance,19,219,
83,Player 1,5199,Marylebone Station,19,219,
83,Player 2,2747,Old Kent Road,9,837,
84,Player 1,5201,Chance,19,221,
84,Player 2,2745,Electric Company ,9,835,
85,Player 1,5251,Go To Jail,19,271,
85,Player 1,5251,Jail,19,271,
85,Player 2,2745,Marlborough Street,9,835,
85,Player 2,2745,Fleet Street,9,835,
86,Player 1,5269,Jail,19,289,
86,Player 2,2727,Regent Street,9,817,
87,Player 1,5219,Bow Street,19,239,
87,Player 2,2927,Old Kent Road,9,1017,
87,Player 2,2925,Pall Mall,9,1015,
87,Player 2,2905,Bow Street,9,995,
88,Player 1,5255,Trafalgar Square,19,275,
88,Player 2,2911,Chance,9,1001,
89,Player 1,5235,Oxford Street,19,255,
89,Player 2,2937,Oxford Street,9,1027,
90,Player 1,5209,Mayfair,19,229,
90,Player 2,2937,Super Tax,9,1027,
91,Player 1,5409,Whitechapel Road,19,429,
91,Player 1,5409,Pall Mall,19,429,
91,Player 2,3037,Community Chest,9,1127,
92,Player 1,5409,Marlborough Street,19,229,
92,Player 2,2951,Northumberland Avenue,9,1041,
92,Player 2,2927,Community Chest,9,1017,
92,Player 2,2927,Jail,9,1017,
93,Player 1,5419,Fenchurch St Station,19,239,
93,Player 2,2927,Jail,9,1017,
94,Player 1,5419,Regent Street,19,239,
94,Player 1,5393,Chance,19,213,
94,Player 2,2903,Community Chest,9,993,
95,Player 1,5433,The Angel Islington,19,253,
95,Player 2,2913,Vine Street,9,1003,
95,Player 2,2913,Go To Jail,9,1003,
95,Player 2,2913,Jail,9,1003,
96,Player 1,5378,Pall Mall,19,198,
96,Player 2,2913,Jail,9,1003,
97,Player 1,5378,Vine Street,19,198,
97,Player 1,5362,Fenchurch St Station,19,182,
97,Player 2,2879,Vine Street,9,969,
98,Player 1,5362,Water Works,19,182,
98,Player 2,2879,Fleet Street,9,969,
99,Player 1,5380,Community Chest,19,200,
99,Player 1,5380,GO,19,200,
99,Player 2,2861,Piccadilly,9,951,
100,Player 1,5424,Chance,19,244,
100,Player 1,5424,Mayfair,19,244,
100,Player 2,2817,Chance,9,907,
100,Player 2,2817,Community Chest,9,907,
101,Player 1,5624,Whitechapel Road,19,444,
101,Player 1,5624,Euston Road,19,444,
101,Player 2,2917,Chance,9,1007,
102,Player 1,5547,Free Parking,19,367,
102,Player 1,5547,Leicester Square,19,367,
102,Player 2,3267,Community Chest,9,1357,
102,Player 2,3267,Electric Company ,9,1357,
103,Player 1,5547,Community Chest,19,367,
103,Player 2,3267,Chance,9,1357,
104,Player 1,5567,Mayfair,19,387,
104,Player 2,3367,Water Works,9,1457,
105,Player 1,5791,Whitechapel Road,19,411,
105,Player 1,5791,Northumberland Avenue,19,411,
105,Player 2,3343,Chance,9,1433,
105,Player 2,3343,Jail,9,1433,
105,Player 2,3343,Bow Street,9,1433,
106,Player 1,5005,Chance,19,225,
106,Player 1,5005,GO,19,225,
106,Player 2,3329,Bow Street,9,1419,
107,Player 1,5005,Kings Cross Station,19,225,
107,Player 2,3304,Chance,9,1394,
107,Player 2,3304,Pall Mall,9,1394,
108,Player 1,5000,Whitehall ,19,220,
108,Player 2,3284,The Strand,9,1374,
109,Player 1,5000,Chance,19,220,
109,Player 2,3284,Trafalgar Square,9,1374,
110,Player 1,4980,Community Chest,19,200,
110,Player 2,3284,Community Chest,9,1374,
110,Player 2,3284,Old Kent Road,9,1374,
111,Player 1,5007,Mayfair,19,227,
111,Player 2,3282,Euston Road,9,1372,
112,Player 1,5213,The Angel Islington,19,433,
112,Player 2,3276,Vine Street,9,1366,
113,Player 1,4413,Northumberland Avenue,19,233,
113,Player 2,3276,Coventry Street,9,1366,
114,Player 1,4457,Marlborough Street,19,277,
114,Player 1,4443,Coventry Street,19,263,
114,Player 2,3246,Bond Street,9,1336,
115,Player 1,4471,Oxford Street,19,291,
115,Player 2,3244,Mayfair,9,1334,
116,Player 1,4645,Mayfair,20,265,
116,Player 2,1939,Kings Cross Station,8,229,
117,Player 1,4935,Income Tax,20,555,
117,Player 2,1739,Pall Mall,8,29,
118,Player 1,4755,Marylebone Station,20,375,
118,Player 2,1719,Marlborough Street,8,9,
119,Player 1,4755,Marlborough Street,20,375,
119,Player 2,1719,Fenchurch St Station,8,9,
120,Player 1,4955,Trafalgar Square,20,275,
120,Player 2,1729,Regent Street,8,19,
120,Player 2,1729,Park Lane,8,19,
120,Player 2,0,Park Lane,0,0,
1,Player 2,1500,Chance,0,1500,
1,Player 2,1500,GO,0,1500,
1,Player 1,1500,Chance,0,1500,
1,Player 1,1500,Pall Mall,0,1500,
2,Player 2,1500,Jail,0,1500,
2,Player 1,1500,Free Parking,1,1360,
3,Player 2,1500,Electric Company ,0,1500,
3,Player 2,1500,Community Chest,1,1350,
3,Player 2,1500,Old Kent Road,1,1350,
3,Player 1,1500,Piccadilly,1,1360,
4,Player 2,1500,Euston Road,2,1290,
4,Player 1,1500,Liverpool Street,2,1080,
5,Player 2,1500,Northumberland Avenue,3,1190,
5,Player 1,1700,Old Kent Road,3,1080,
5,Player 1,1698,Income Tax,3,1078,
6,Player 2,1502,Fenchurch St Station,4,1032,
6,Player 1,1529,Jail,3,909,
6,Player 1,1529,Northumberland Avenue,3,909,
7,Player 2,1514,Regent Street,5,844,
7,Player 1,1517,Fenchurch St Station,3,897,
8,Player 2,1739,GO,6,769,
8,Player 1,1492,Oxford Street,3,872,
9,Player 2,1739,Whitechapel Road,6,769,
9,Player 1,1492,Park Lane,4,572,
10,Player 2,1339,Jail,7,209,
10,Player 1,1922,Whitechapel Road,5,652,
11,Player 2,1789,Vine Street,7,659,
11,Player 1,1472,Electric Company ,5,202,
12,Player 2,1825,Piccadilly,8,495,
12,Player 1,1458,The Strand,5,188,
13,Player 2,1935,Chance,9,385,
13,Player 1,1458,Piccadilly,5,188,
13,Player 1,1458,Mayfair,5,188,
14,Player 2,2395,Chance,10,445,
14,Player 1,1658,Jail,5,388,
15,Player 2,2245,Bow Street,10,295,
15,Player 1,1667,Free Parking,6,217,
16,Player 2,2245,Fleet Street,10,295,
16,Player 1,1667,Coventry Street,6,217,
17,Player 2,2355,Go To Jail,11,185,
17,Player 2,2355,Jail,11,185,
17,Player 1,1836,Oxford Street,7,126,
18,Player 2,2355,Jail,11,185,
18,Player 1,1836,Bond Street,7,126,
18,Player 1,2036,Old Kent Road,7,326,
19,Player 2,2811,Northumberland Avenue,12,321,
19,Player 1,1786,The Angel Islington,7,76,
20,Player 2,2871,The Strand,13,281,
20,Player 1,1786,Jail,7,76,
20,Player 1,1786,Bow Street,7,76,
20,Player 1,1786,Fleet Street,7,76,
21,Player 2,2889,Piccadilly,13,299,
21,Player 1,1790,Piccadilly,7,80,
22,Player 2,2867,Park Lane,13,277,
22,Player 2,3032,Income Tax,13,442,
22,Player 1,1825,Park Lane,7,115,
23,Player 2,2832,Whitehall ,13,242,
23,Player 1,2025,Kings Cross Station,7,315,
24,Player 2,2832,Free Parking,14,102,
24,Player 1,2175,Electric Company ,8,265,
25,Player 2,2860,Coventry Street,14,130,
25,Player 1,2169,The Strand,8,259,
26,Player 2,2856,Bond Street,14,126,
26,Player 1,2151,Community Chest,8,241,
26,Player 1,2161,Super Tax,8,251,
27,Player 2,2846,Mayfair,14,116,
27,Player 1,2261,Income Tax,8,351,
28,Player 2,3046,Kings Cross Station,14,316,
28,Player 1,2111,Whitehall ,8,201,
29,Player 2,3006,Community Chest,14,276,
29,Player 2,3206,The Strand,14,476,
29,Player 1,2101,Chance,8,191,
29,Player 1,2101,Fenchurch St Station,8,191,
30,Player 2,3231,Piccadilly,14,501,
30,Player 1,2098,Oxford Street,8,188,
31,Player 2,3209,Regent Street,14,479,
31,Player 2,3209,Liverpool Street,14,479,
31,Player 2,3159,Jail,14,429,
31,Player 1,2148,Park Lane,8,238,
32,Player 2,3159,Jail,14,429,
32,Player 1,2348,Chance,8,438,
33,Player 2,3109,Northumberland Avenue,14,379,
33,Player 1,2234,Northumberland Avenue,8,324,
34,Player 2,3121,Free Parking,14,391,
34,Player 1,2222,Trafalgar Square,8,312,
35,Player 2,3217,Fleet Street,15,247,
35,Player 1,2222,Leicester Square,8,312,
35,Player 1,2365,Bond Street,9,195,
36,Player 2,3245,Water Works,15,275,
36,Player 1,2537,Old Kent Road,9,367,
37,Player 2,3495,Chance,16,375,
37,Player 2,3495,Marylebone Station,16,375,
37,Player 1,2287,Whitechapel Road,9,117,
37,Player 1,2297,Jail,9,127,
38,Player 2,4085,Trafalgar Square,17,165,
38,Player 1,2297,Free Parking,9,127,
39,Player 2,4085,Coventry Street,17,165,
39,Player 1,2341,Water Works,9,171,
39,Player 1,2261,Bond Street,9,91,
40,Player 2,4149,Regent Street,17,229,
40,Player 1,2233,Mayfair,9,63,
41,Player 2,4199,Mayfair,17,279,
41,Player 1,2383,The Angel Islington,9,213,
42,Player 2,4405,Whitechapel Road,17,485,
42,Player 2,4405,Electric Company ,17,485,
42,Player 1,2377,Marylebone Station,9,207,
43,Player 2,4455,The Strand,17,235,
43,Player 1,2327,Fleet Street,9,157,
44,Player 2,4705,Go To Jail,17,185,
44,Player 2,4705,Jail,17,185,
44,Player 1,2287,Go To Jail,9,117,
44,Player 1,2287,Jail,9,117,
45,Player 2,4705,Jail,17,185,
45,Player 1,2287,Jail,9,117,
46,Player 2,4655,Northumberland Avenue,17,135,
46,Player 2,4655,The Strand,17,135,
46,Player 1,2237,Northumberland Avenue,9,67,
47,Player 2,4667,Fenchurch St Station,17,147,
47,Player 2,4667,Go To Jail,17,147,
47,Player 2,4667,Jail,17,147,
47,Player 1,2225,Fenchurch St Station,9,55,
48,Player 2,4717,Jail,17,197,
48,Player 1,2175,Oxford Street,9,5,
49,Player 2,4667,Marlborough Street,17,147,
49,Player 1,2375,Old Kent Road,9,205,
50,Player 2,5079,Free Parking,18,229,
50,Player 2,5079,Leicester Square,18,229,
50,Player 1,2195,Jail,9,25,
51,Player 2,5079,Community Chest,18,229,
51,Player 1,2195,Marlborough Street,9,25,
52,Player 2,5243,Community Chest,18,393,
52,Player 1,2181,The Strand,9,11,
53,Player 2,5443,Income Tax,18,593,
53,Player 2,5243,Whitehall ,18,393,
53,Player 1,2206,Water Works,9,36,
54,Player 2,4113,The Strand,18,163,
54,Player 2,4113,Coventry Street,18,163,
54,Player 1,2250,Chance,9,80,
55,Player 2,4069,Super Tax,18,119,
55,Player 1,2500,Old Kent Road,9,330,
56,Player 2,4419,Income Tax,18,469,
56,Player 1,2250,Euston Road,9,80,
57,Player 2,4225,Pentonville Road,18,275,
57,Player 1,2244,Marlborough Street,9,74,
57,Player 1,2230,Fleet Street,9,60,
58,Player 2,4689,Marlborough Street,19,469,
58,Player 1,2265,Piccadilly,9,95,
59,Player 2,4689,Leicester Square,19,469,
59,Player 1,2265,Park Lane,9,95,
60,Player 2,4689,Community Chest,19,469,
60,Player 1,2465,Old Kent Road,9,295,
60,Player 1,2215,The Angel Islington,9,45,
61,Player 2,5739,Income Tax,19,1519,
61,Player 1,2300,Northumberland Avenue,9,130,
61,Player 1,2288,The Strand,9,118,
62,Player 2,6601,Pall Mall,19,2381,
62,Player 1,2053,Leicester Square,8,23,
63,Player 2,5341,Marlborough Street,20,181,
63,Player 1,2053,Oxford Street,8,23,
64,Player 2,5341,Fleet Street,20,181,
64,Player 1,2053,Super Tax,8,23,
64,Player 1,2253,Community Chest,8,223,
64,Player 1,2203,Pentonville Road,8,173,
65,Player 2,5864,Regent Street,20,504,
65,Player 1,2168,Marlborough Street,8,138,
66,Player 2,5078,Bond Street,20,118,
66,Player 1,2154,Leicester Square,8,124,
67,Player 2,5078,Mayfair,20,118,
67,Player 1,2154,Liverpool Street,8,124,
68,Player 2,5278,Community Chest,20,318,
68,Player 1,2354,Chance,8,324,
68,Player 1,2354,Electric Company ,8,324,
69,Player 2,5228,Chance,20,268,
69,Player 1,2304,Vine Street,8,274,
70,Player 2,6628,Marylebone Station,20,18,
70,Player 1,2304,Coventry Street,8,274,
71,Player 2,6628,Free Parking,20,18,
71,Player 1,2304,Super Tax,8,274,
72,Player 2,6628,Regent Street,20,18,
72,Player 1,2404,Whitechapel Road,8,374,
73,Player 2,6866,Mayfair,20,256,
73,Player 1,2084,Pall Mall,8,54,
74,Player 2,6600,Kings Cross Station,20,440,
74,Player 1,2169,Free Parking,8,139,
75,Player 2,5950,Chance,20,240,
75,Player 2,5950,Mayfair,20,240,
75,Player 2,6150,Euston Road,20,440,
75,Player 1,2169,Leicester Square,8,139,
76,Player 2,4750,Pall Mall,20,90,
76,Player 1,2169,Community Chest,8,139,
76,Player 1,2169,Jail,8,139,
77,Player 2,4750,Free Parking,20,90,
77,Player 1,2169,Jail,8,139,
78,Player 2,4750,Leicester Square,20,90,
78,Player 1,2119,Bow Street,8,89,
79,Player 2,4750,Regent Street,20,90,
79,Player 1,2119,Free Parking,8,89,
80,Player 2,4750,Park Lane,20,90,
80,Player 2,4950,Euston Road,20,290,
80,Player 1,2119,Regent Street,8,89,
81,Player 2,4950,Community Chest,20,290,
81,Player 1,2119,Park Lane,8,89,
82,Player 2,4960,Fenchurch St Station,20,300,
82,Player 2,4960,Oxford Street,20,300,
82,Player 1,2319,Whitechapel Road,8,289,
83,Player 2,5245,Bond Street,20,585,
83,Player 2,5445,Whitechapel Road,20,785,
83,Player 1,2109,Euston Road,8,79,
84,Player 2,5995,The Angel Islington,20,1335,
84,Player 1,2124,Community Chest,8,94,
84,Player 1,2124,GO,8,94,
85,Player 2,5995,Whitehall ,20,1335,
85,Player 1,2124,Income Tax,8,94,
86,Player 2,5995,Fleet Street,20,1335,
86,Player 1,2124,Whitehall ,8,94,
87,Player 2,6745,Regent Street,20,2085,
87,Player 1,1979,The Strand,7,129,
88,Player 2,6076,Bond Street,21,136,
88,Player 1,1854,Leicester Square,7,4,
89,Player 2,6276,Community Chest,21,336,
89,Player 2,6376,Pentonville Road,21,436,
89,Player 1,1854,Bond Street,7,4,
90,Player 2,6004,Community Chest,21,264,
90,Player 2,6004,Water Works,21,264,
90,Player 1,2166,Community Chest,7,316,
91,Player 2,6004,Bond Street,21,264,
91,Player 1,2186,The Angel Islington,7,336,
91,Player 1,1876,Pentonville Road,7,26,
92,Player 2,7354,Old Kent Road,21,1614,
92,Player 1,1971,Northumberland Avenue,7,121,
93,Player 2,8254,Kings Cross Station,21,2514,
93,Player 1,1916,Fenchurch St Station,7,66,
94,Player 2,8254,Whitehall ,21,2514,
94,Player 1,1866,Oxford Street,7,16,
95,Player 2,8254,Fleet Street,21,2514,
95,Player 1,1866,Park Lane,7,16,
96,Player 2,8254,Piccadilly,21,2514,
96,Player 1,2066,Kings Cross Station,7,216,
97,Player 2,8254,Community Chest,21,2514,
97,Player 1,2066,Marylebone Station,7,216,
97,Player 1,2016,Fleet Street,7,166,
97,Player 1,1891,Piccadilly,7,41,
98,Player 2,6429,Community Chest,22,339,
98,Player 2,6429,Old Kent Road,22,339,
98,Player 1,1541,Bond Street,6,41,
99,Player 2,6457,Income Tax,22,367,
99,Player 1,1713,Community Chest,6,213,
100,Player 2,6247,Jail,22,157,
100,Player 1,1723,Northumberland Avenue,6,223,
100,Player 1,1573,Chance,6,73,
100,Player 1,1573,Vine Street,6,73,
100,Player 1,0,Vine Street,0,0,
1,Player 2,1500,Euston Road,0,1500,
1,Player 2,1500,Whitehall ,1,1400,
1,Player 1,1500,Euston Road,0,1500,
2,Player 2,1506,Vine Street,2,1266,
2,Player 1,1494,Bow Street,0,1494,
3,Player 2,1506,Coventry Street,3,1066,
3,Player 2,1506,Community Chest,4,806,
3,Player 1,1494,The Strand,1,1314,
4,Player 2,1526,Park Lane,4,826,
4,Player 2,1726,Old Kent Road,5,676,
4,Player 1,1494,Piccadilly,2,1094,
5,Player 2,1726,Pall Mall,6,616,
5,Player 1,1494,Park Lane,3,814,
6,Player 2,1761,The Strand,7,511,
6,Player 1,1677,Chance,3,997,
6,Player 1,1677,Marylebone Station,3,997,
7,Player 2,1743,Water Works,7,493,
7,Player 1,1677,The Strand,4,797,
8,Player 2,1743,Liverpool Street,8,343,
8,Player 1,1707,Trafalgar Square,5,627,
9,Player 2,1943,Community Chest,8,543,
9,Player 1,1707,Go To Jail,6,387,
9,Player 1,1707,Jail,6,387,
10,Player 2,1893,Jail,8,493,
10,Player 1,1707,Jail,6,387,
11,Player 2,1893,Marlborough Street,8,493,
11,Player 2,1893,Fenchurch St Station,9,313,
11,Player 1,1707,Community Chest,7,187,
11,Player 1,1707,Water Works,7,187,
12,Player 2,1921,Water Works,9,341,
12,Player 1,1679,Park Lane,7,159,
13,Player 2,1956,Super Tax,9,376,
13,Player 1,1844,Community Chest,7,324,
14,Player 2,2056,Euston Road,9,476,
14,Player 2,2056,Community Chest,9,476,
14,Player 1,1744,Chance,7,224,
14,Player 1,1744,Income Tax,7,224,
15,Player 2,2106,Water Works,9,526,
15,Player 1,1570,Electric Company ,7,50,
15,Player 1,1570,Marylebone Station,7,50,
16,Player 2,2227,Super Tax,10,497,
16,Player 1,1570,Vine Street,7,50,
17,Player 2,2343,Whitechapel Road,10,613,
17,Player 1,1554,Chance,7,34,
18,Player 2,1943,Pall Mall,11,53,
18,Player 1,1539,Regent Street,7,19,
19,Player 2,1943,Marylebone Station,11,53,
19,Player 1,1639,Park Lane,7,119,
19,Player 1,1804,The Angel Islington,7,284,
20,Player 2,1928,The Strand,11,38,
20,Player 1,1822,Community Chest,8,202,
21,Player 2,1910,Oxford Street,11,20,
21,Player 1,2192,Coventry Street,9,272,
22,Player 2,2132,Income Tax,11,242,
22,Player 2,1932,Pall Mall,11,42,
22,Player 1,2170,Liverpool Street,9,250,
23,Player 2,1932,The Strand,11,42,
23,Player 1,2388,GO,9,468,
24,Player 2,1914,Piccadilly,11,24,
24,Player 1,2410,The Angel Islington,9,490,
25,Player 2,1892,Oxford Street,11,2,
25,Player 1,2436,Electric Company ,9,516,
26,Player 2,1976,Chance,11,86,
26,Player 2,1976,Pall Mall,11,86,
26,Player 1,2376,Free Parking,9,456,
27,Player 2,1976,Marlborough Street,11,86,
27,Player 1,2376,Fleet Street,9,456,
28,Player 2,1976,Fenchurch St Station,11,86,
28,Player 1,2476,Community Chest,10,336,
29,Player 2,1926,Oxford Street,11,36,
29,Player 1,2602,Park Lane,10,312,
29,Player 1,2767,Income Tax,10,477,
30,Player 2,2135,Old Kent Road,11,245,
30,Player 1,2567,Pall Mall,10,277,
31,Player 2,2090,Kings Cross Station,11,200,
31,Player 1,2667,Community Chest,11,177,
31,Player 1,2667,Jail,11,177,
32,Player 2,2090,Pall Mall,11,200,
32,Player 1,2667,Jail,11,177,
33,Player 2,2090,Chance,11,200,
33,Player 1,2617,Community Chest,11,127,
34,Player 2,1910,Fenchurch St Station,11,20,
34,Player 1,2767,Fenchurch St Station,11,277,
35,Player 2,1930,Regent Street,11,40,
35,Player 1,3037,Community Chest,12,247,
35,Player 1,3037,Old Kent Road,12,247,
36,Player 2,2125,Chance,11,235,
36,Player 1,2877,Kings Cross Station,12,87,
36,Player 1,2877,Jail,12,87,
37,Player 2,2175,Kings Cross Station,11,285,
37,Player 1,3077,Northumberland Avenue,12,287,
37,Player 1,3181,Chance,13,231,
38,Player 2,1975,Electric Company ,11,85,
38,Player 1,3232,Piccadilly,13,282,
39,Player 2,1975,Fleet Street,11,85,
39,Player 1,3268,Mayfair,13,318,
40,Player 2,1939,Community Chest,11,49,
40,Player 1,3828,Income Tax,14,478,
41,Player 2,2339,Community Chest,11,449,
41,Player 1,3628,Pentonville Road,14,278,
42,Player 2,2177,Chance,11,287,
42,Player 2,2177,Jail,11,287,
42,Player 1,3628,Bow Street,15,158,
43,Player 2,2177,Jail,11,287,
43,Player 1,3628,Vine Street,15,158,
44,Player 2,2143,Marylebone Station,11,253,
44,Player 1,3812,Coventry Street,15,342,
45,Player 2,1965,Trafalgar Square,11,75,
45,Player 1,3890,Go To Jail,15,270,
45,Player 1,3890,Jail,15,270,
46,Player 2,1915,Oxford Street,11,25,
46,Player 1,3916,Jail,15,296,
47,Player 2,1939,Park Lane,11,49,
47,Player 1,3866,Vine Street,15,246,
48,Player 2,2155,Pentonville Road,11,265,
48,Player 2,2147,Marylebone Station,11,257,
48,Player 1,4058,Fenchurch St Station,15,288,
49,Player 2,1947,Leicester Square,11,57,
49,Player 1,4279,Liverpool Street,16,249,
50,Player 2,1947,Chance,11,57,
50,Player 2,2047,Mayfair,11,157,
50,Player 1,4529,Community Chest,16,499,
50,Player 1,4529,GO,16,499,
51,Player 2,2197,Euston Road,11,307,
51,Player 1,4529,The Angel Islington,16,199,
51,Player 1,4529,Whitehall ,16,199,
52,Player 2,2152,Vine Street,11,262,
52,Player 1,4519,Bow Street,16,189,
53,Player 2,2152,The Strand,11,262,
53,Player 2,2062,Water Works,11,172,
53,Player 1,4609,Fenchurch St Station,16,279,
54,Player 2,2062,Liverpool Street,11,172,
54,Player 1,4809,Oxford Street,16,329,
55,Player 2,2112,The Angel Islington,11,222,
55,Player 1,4815,Mayfair,16,185,
56,Player 2,2051,Marylebone Station,11,161,
56,Player 1,5215,Whitechapel Road,16,435,
57,Player 2,2296,Fenchurch St Station,11,406,
57,Player 1,5055,Whitehall ,16,275,
58,Player 2,2106,Liverpool Street,11,216,
58,Player 1,5146,The Strand,16,216,
59,Player 2,2106,Old Kent Road,11,216,
59,Player 1,5146,Regent Street,16,216,
60,Player 2,2106,Pentonville Road,11,216,
60,Player 1,5154,Liverpool Street,16,224,
61,Player 2,2098,Vine Street,11,208,
61,Player 1,5154,Super Tax,16,224,
62,Player 2,2098,Trafalgar Square,11,208,
62,Player 1,5404,Community Chest,16,474,
62,Player 1,5414,Whitehall ,16,484,
63,Player 2,2088,Go To Jail,11,48,
63,Player 2,2088,Jail,11,48,
63,Player 1,4214,Free Parking,16,184,
64,Player 2,2088,Jail,11,48,
64,Player 1,4214,Coventry Street,16,184,
65,Player 2,2088,Jail,11,48,
65,Player 1,4214,Bond Street,16,184,
66,Player 2,2088,Jail,11,48,
66,Player 1,4702,Community Chest,17,352,
67,Player 2,2088,Jail,11,48,
67,Player 1,4712,The Angel Islington,17,362,
68,Player 2,2088,Marlborough Street,11,48,
68,Player 1,4712,Bow Street,17,362,
69,Player 2,2088,Leicester Square,11,48,
69,Player 1,4734,Fleet Street,17,384,
70,Player 2,2066,Community Chest,11,26,
70,Player 1,4734,Fenchurch St Station,17,384,
70,Player 1,4734,Piccadilly,17,384,
71,Player 2,2086,Super Tax,11,46,
71,Player 1,4734,Super Tax,17,384,
72,Player 2,2286,Kings Cross Station,11,246,
72,Player 1,5034,Old Kent Road,17,484,
73,Player 2,1991,Electric Company ,11,101,
73,Player 1,4874,Income Tax,17,324,
74,Player 2,1991,Vine Street,11,101,
74,Player 1,4674,Marylebone Station,17,124,
75,Player 2,1991,Fenchurch St Station,11,101,
75,Player 1,4874,Chance,17,324,
75,Player 1,4874,Mayfair,17,324,
76,Player 2,1911,Oxford Street,11,21,
76,Player 1,5126,The Angel Islington,17,576,
77,Player 2,2109,Community Chest,11,219,
77,Player 2,2059,Electric Company ,11,169,
77,Player 2,2059,The Strand,11,169,
77,Player 1,6176,Marlborough Street,17,1026,
77,Player 1,6176,The Strand,17,1026,
78,Player 2,2194,Water Works,11,4,
78,Player 1,6176,Water Works,17,226,
79,Player 2,2264,Bond Street,11,74,
79,Player 1,6206,Community Chest,18,156,
79,Player 1,6206,Electric Company ,18,156,
80,Player 2,2249,Kings Cross Station,10,259,
80,Player 1,6301,Fleet Street,18,251,
81,Player 2,2049,Marylebone Station,10,59,
81,Player 2,2019,Chance,10,29,
81,Player 1,6501,Leicester Square,18,251,
82,Player 2,2069,Coventry Street,10,79,
82,Player 1,6501,Bond Street,18,251,
83,Player 2,2069,Community Chest,10,79,
83,Player 1,6701,GO,18,451,
84,Player 2,2239,Community Chest,10,249,
84,Player 1,6701,Jail,18,251,
85,Player 2,2012,Jail,10,72,
85,Player 1,6701,The Strand,18,251,
86,Player 2,2012,Whitehall ,10,72,
86,Player 1,6701,Community Chest,18,251,
86,Player 1,7001,Kings Cross Station,18,551,
86,Player 1,7001,Pentonville Road,18,551,
87,Player 2,2012,Bow Street,10,72,
87,Player 1,7015,Marlborough Street,18,365,
88,Player 2,1998,Fleet Street,10,58,
88,Player 2,0,Fleet Street,0,0,
1,Player 2,1500,Community Chest,0,1500,
1,Player 2,1400,Pall Mall,0,1400,
1,Player 1,1500,Jail,0,1500,
1,Player 1,1500,Free Parking,0,1500,
1,Player 1,1500,Jail,0,1500,
1,Player 3,1500,Chance,0,1500,
1,Player 3,1500,Jail,0,1500,
2,Player 2,1400,Marlborough Street,1,1260,
2,Player 1,1500,Jail,0,1500,
2,Player 3,1500,Jail,0,1500,
3,Player 2,1400,Trafalgar Square,2,1080,
3,Player 2,1400,Piccadilly,3,840,
3,Player 1,1450,The Strand,0,1450,
3,Player 3,1450,Vine Street,0,1450,
4,Player 2,1400,Park Lane,4,560,
4,Player 1,1450,Go To Jail,1,1230,
4,Player 1,1450,Jail,1,1230,
4,Player 3,1068,Piccadilly,2,518,
5,Player 2,1622,The Angel Islington,4,782,
5,Player 1,1450,Jail,1,1230,
5,Player 3,1046,Liverpool Street,2,496,
6,Player 2,1622,Bow Street,5,682,
6,Player 1,1400,Free Parking,1,1180,
6,Player 3,1246,Old Kent Road,3,496,
7,Player 2,1622,Marlborough Street,6,502,
7,Player 2,1622,Fenchurch St Station,6,502,
7,Player 1,1400,Fleet Street,1,1180,
7,Player 3,1246,Euston Road,4,436,
8,Player 2,1622,Community Chest,7,302,
8,Player 1,1400,Go To Jail,2,960,
8,Player 1,1400,Jail,2,960,
8,Player 3,1246,Bow Street,5,336,
9,Player 2,1886,Kings Cross Station,7,566,
9,Player 2,1886,Bow Street,8,366,
9,Player 1,1400,Jail,2,960,
9,Player 3,1232,The Strand,5,322,
10,Player 2,1886,Fleet Street,8,366,
10,Player 1,1386,Free Parking,2,946,
10,Player 3,1214,Community Chest,5,304,
10,Player 3,1314,Mayfair,5,404,
10,Player 3,1514,Income Tax,5,604,
11,Player 2,1868,Bond Street,8,348,
11,Player 1,1566,Regent Street,4,406,
11,Player 3,1363,Northumberland Avenue,5,453,
12,Player 2,2068,Income Tax,8,548,
12,Player 1,1826,GO,5,366,
12,Player 3,1363,Marlborough Street,6,293,
12,Player 3,1349,Leicester Square,6,279,
13,Player 2,1947,Chance,9,167,
13,Player 1,1826,Income Tax,5,366,
13,Player 1,1644,Jail,5,184,
13,Player 1,1644,Marylebone Station,5,184,
13,Player 3,1349,Super Tax,6,279,
13,Player 3,1449,The Angel Islington,6,379,
14,Player 2,2123,Whitehall ,10,143,
14,Player 2,2123,Fleet Street,10,143,
14,Player 1,1662,Vine Street,5,202,
14,Player 1,1646,Fenchurch St Station,5,186,
14,Player 3,1508,Whitehall ,7,298,
15,Player 2,2205,Oxford Street,10,225,
15,Player 1,1546,Park Lane,5,86,
15,Player 1,1711,Community Chest,5,251,
15,Player 3,1723,Vine Street,8,213,
16,Player 2,2205,Liverpool Street,10,225,
16,Player 1,1811,Whitehall ,5,351,
16,Player 3,1758,Leicester Square,8,248,
17,Player 2,2402,Whitechapel Road,10,422,
17,Player 2,2402,Northumberland Avenue,11,362,
17,Player 1,1801,Fleet Street,5,341,
17,Player 3,1748,Go To Jail,8,238,
17,Player 3,1748,Jail,8,238,
18,Player 2,2390,Fleet Street,11,350,
18,Player 1,1819,Water Works,5,359,
18,Player 3,1748,Jail,8,238,
19,Player 2,2372,Regent Street,11,332,
19,Player 1,1845,Chance,6,235,
19,Player 1,1845,Mayfair,6,235,
19,Player 3,1698,Northumberland Avenue,8,188,
20,Player 2,2346,Mayfair,11,306,
20,Player 1,2095,Euston Road,6,485,
20,Player 3,1704,Chance,8,194,
21,Player 2,2496,Income Tax,11,456,
21,Player 1,2089,Northumberland Avenue,6,479,
21,Player 1,2077,Vine Street,6,467,
21,Player 3,1782,Piccadilly,8,272,
22,Player 2,2318,Chance,11,278,
22,Player 2,2318,Marylebone Station,11,278,
22,Player 1,2061,Trafalgar Square,6,451,
22,Player 3,1960,GO,8,450,
23,Player 2,2338,Chance,11,298,
23,Player 1,2041,Bond Street,6,431,
23,Player 3,1960,Pentonville Road,8,450,
24,Player 2,2318,Regent Street,11,278,
24,Player 1,2267,GO,6,657,
24,Player 3,1960,Northumberland Avenue,9,330,
25,Player 2,2292,Community Chest,11,252,
25,Player 2,2292,Jail,11,252,
25,Player 1,2267,Jail,6,657,
25,Player 3,1960,Chance,9,330,
26,Player 2,2292,Jail,11,252,
26,Player 1,2267,Marylebone Station,6,657,
26,Player 3,1960,Piccadilly,9,330,
27,Player 2,2364,Vine Street,11,324,
27,Player 1,2167,Chance,6,557,
27,Player 1,2167,GO,6,557,
27,Player 3,1954,Super Tax,9,324,
28,Player 2,2348,Fenchurch St Station,11,308,
28,Player 2,2348,Oxford Street,11,308,
28,Player 1,2167,Electric Company ,6,557,
28,Player 1,2167,Community Chest,7,407,
28,Player 3,2080,Whitechapel Road,9,450,
29,Player 2,2326,Park Lane,11,286,
29,Player 1,2117,Water Works,7,357,
29,Player 3,2111,Electric Company ,9,481,
30,Player 2,2491,The Angel Islington,11,451,
30,Player 1,2207,Liverpool Street,7,447,
30,Player 3,2046,Fleet Street,9,416,
31,Player 2,2491,Electric Company ,11,451,
31,Player 1,2460,The Angel Islington,7,700,
31,Player 3,2028,Go To Jail,9,398,
31,Player 3,2028,Jail,9,398,
32,Player 2,2437,Free Parking,11,397,
32,Player 1,2454,Community Chest,7,694,
32,Player 1,2454,Old Kent Road,7,694,
32,Player 3,2030,Jail,9,400,
33,Player 2,2437,Go To Jail,11,397,
33,Player 2,2437,Jail,11,397,
33,Player 1,2452,The Angel Islington,7,692,
33,Player 3,1980,Community Chest,9,350,
34,Player 2,2443,Jail,11,403,
34,Player 1,2446,Electric Company ,7,686,
34,Player 1,2446,Bow Street,7,686,
34,Player 3,2180,Trafalgar Square,9,550,
35,Player 2,2427,Vine Street,11,387,
35,Player 1,2432,Vine Street,7,672,
35,Player 3,2192,Oxford Street,9,562,
36,Player 2,2411,Coventry Street,11,371,
36,Player 1,2390,Water Works,8,370,
36,Player 3,2392,GO,9,762,
37,Player 2,2351,Bond Street,10,371,
37,Player 1,2418,Regent Street,8,398,
37,Player 3,1852,Chance,10,162,
37,Player 3,1852,Marylebone Station,10,162,
38,Player 2,2623,GO,10,643,
38,Player 2,2623,Electric Company ,10,643,
38,Player 2,2503,Free Parking,10,523,
38,Player 1,2538,Super Tax,8,518,
38,Player 3,1752,Vine Street,10,62,
39,Player 2,2503,Piccadilly,10,523,
39,Player 1,2638,The Angel Islington,8,618,
39,Player 3,1752,Fleet Street,10,62,
40,Player 2,2509,Chance,10,529,
40,Player 2,2509,Community Chest,10,529,
40,Player 1,2650,Jail,8,630,
40,Player 1,2650,Northumberland Avenue,8,630,
40,Player 3,1746,Bond Street,10,56,
41,Player 2,2734,Community Chest,10,754,
41,Player 2,2734,GO,10,754,
41,Player 1,2666,Vine Street,8,646,
41,Player 3,1934,Whitechapel Road,10,244,
42,Player 2,2734,Euston Road,10,754,
42,Player 2,2728,Community Chest,10,748,
42,Player 1,2640,Trafalgar Square,8,620,
42,Player 3,1930,The Angel Islington,10,240,
43,Player 2,2774,Chance,10,794,
43,Player 1,2620,Piccadilly,8,600,
43,Player 3,1924,Pall Mall,10,234,
44,Player 2,2791,Piccadilly,10,811,
44,Player 1,2598,Chance,8,578,
44,Player 1,2598,Pall Mall,8,578,
44,Player 3,1914,Community Chest,10,224,
45,Player 2,2801,Community Chest,10,821,
45,Player 1,2588,The Strand,8,568,
45,Player 3,1924,The Strand,10,234,
46,Player 2,2821,Super Tax,10,841,
46,Player 1,2606,Piccadilly,8,586,
46,Player 3,1906,Go To Jail,10,216,
46,Player 3,1906,Jail,10,216,
47,Player 2,2943,Income Tax,10,963,
47,Player 1,2584,Park Lane,8,564,
47,Player 3,1941,Jail,10,251,
48,Player 2,2743,Whitehall ,10,763,
48,Player 1,2749,Euston Road,8,729,
48,Player 3,1907,Free Parking,10,217,
49,Player 2,2733,Community Chest,10,753,
49,Player 2,2683,Vine Street,10,703,
49,Player 2,2667,Trafalgar Square,10,687,
49,Player 1,2743,Community Chest,8,723,
49,Player 1,2743,Water Works,8,723,
49,Player 3,1923,Piccadilly,10,233,
50,Player 2,2689,Piccadilly,10,709,
50,Player 1,2743,Oxford Street,8,723,
50,Player 3,1927,Park Lane,10,237,
51,Player 2,2889,Old Kent Road,10,909,
51,Player 2,2887,Euston Road,10,907,
51,Player 1,2717,Park Lane,8,697,
51,Player 3,2170,Whitechapel Road,10,480,
52,Player 2,2881,Whitehall ,10,901,
52,Player 1,2882,Euston Road,8,862,
52,Player 3,2186,Electric Company ,10,96,
53,Player 2,2871,Chance,10,891,
53,Player 1,2966,Marylebone Station,8,946,
53,Player 3,2096,Chance,10,6,
54,Player 2,2971,Piccadilly,10,991,
54,Player 1,2866,Fleet Street,8,846,
54,Player 3,2021,Bond Street,10,81,
54,Player 3,2193,Whitechapel Road,10,253,
55,Player 2,2971,Super Tax,10,991,
55,Player 1,2894,Piccadilly,8,874,
55,Player 3,2193,Pentonville Road,10,253,
56,Player 2,3093,The Angel Islington,10,1113,
56,Player 1,2872,Chance,8,852,
56,Player 3,2193,Free Parking,10,253,
57,Player 2,3093,Whitehall ,10,1113,
57,Player 1,3222,GO,8,1202,
57,Player 3,2203,Regent Street,10,263,
58,Player 2,3083,Free Parking,10,1103,
58,Player 1,3248,The Angel Islington,8,1228,
58,Player 3,2177,Mayfair,10,237,
59,Player 2,3089,Water Works,10,1109,
59,Player 1,3372,Community Chest,8,1352,
59,Player 3,2327,Pentonville Road,10,387,
60,Player 2,3009,Chance,10,1029,
60,Player 2,3009,Jail,10,1029,
60,Player 1,3272,Coventry Street,8,1252,
60,Player 1,3272,Park Lane,8,1252,
60,Player 3,2217,Bow Street,10,277,
61,Player 2,3023,Jail,10,1043,
61,Player 1,3472,Kings Cross Station,8,1452,
61,Player 3,2203,Fleet Street,10,263,
62,Player 2,3073,Marylebone Station,10,1093,
62,Player 1,3390,Jail,8,1370,
62,Player 3,2185,Water Works,10,245,
63,Player 2,3073,Free Parking,10,1093,
63,Player 1,3440,Community Chest,8,1420,
63,Player 3,2135,Bond Street,10,195,
64,Player 2,3073,Piccadilly,10,1093,
64,Player 1,3518,Fleet Street,8,1498,
64,Player 3,2307,Income Tax,10,367,
64,Player 3,2107,Pall Mall,10,167,
65,Player 2,3083,Mayfair,10,1103,
65,Player 2,3233,Old Kent Road,10,1253,
65,Player 2,3073,The Angel Islington,10,1093,
65,Player 1,3568,Bond Street,8,1548,
65,Player 3,2257,Vine Street,10,317,
66,Player 2,3073,Northumberland Avenue,10,1093,
66,Player 1,3568,Mayfair,8,1548,
66,Player 3,2269,Piccadilly,10,329,
66,Player 3,2247,Community Chest,10,307,
66,Player 3,2347,Super Tax,10,407,
67,Player 2,3083,Free Parking,10,1103,
67,Player 2,3083,Piccadilly,10,1103,
67,Player 1,3768,Pentonville Road,8,1748,
67,Player 3,2455,Income Tax,10,515,
68,Player 2,3083,Super Tax,10,1103,
68,Player 1,3760,Electric Company ,8,1740,
68,Player 3,2255,Electric Company ,10,315,
69,Player 2,3183,The Angel Islington,10,1203,
69,Player 2,3183,Pall Mall,10,1203,
69,Player 1,3840,Fleet Street,8,1820,
69,Player 3,2175,Free Parking,10,235,
70,Player 2,3183,Marlborough Street,10,1203,
70,Player 1,3840,Go To Jail,8,1820,
70,Player 1,3840,Jail,8,1820,
70,Player 3,2175,Leicester Square,10,235,
71,Player 2,3205,Trafalgar Square,10,1225,
71,Player 1,3840,Jail,8,1820,
71,Player 3,2153,Liverpool Street,10,213,
72,Player 2,3205,Go To Jail,10,1225,
72,Player 2,3205,Jail,10,1225,
72,Player 1,3790,Northumberland Avenue,8,1770,
72,Player 3,2365,Old Kent Road,10,425,
72,Player 3,2365,Jail,10,425,
73,Player 2,3205,Jail,10,1225,
73,Player 1,3778,Fenchurch St Station,8,1758,
73,Player 3,2165,Whitehall ,10,375,
74,Player 2,3255,Bow Street,10,1275,
74,Player 2,3255,Fenchurch St Station,10,1275,
74,Player 1,3678,Community Chest,8,1658,
74,Player 3,2165,Free Parking,10,375,
75,Player 2,3255,Community Chest,10,1275,
75,Player 2,3255,Jail,10,1275,
75,Player 1,3778,Chance,8,1758,
75,Player 3,2165,Fenchurch St Station,10,375,
76,Player 2,3355,Jail,10,1375,
76,Player 1,4078,Old Kent Road,8,2058,
76,Player 3,2315,Community Chest,10,525,
77,Player 2,3305,Marylebone Station,10,1325,
77,Player 1,3828,Pentonville Road,8,1808,
77,Player 3,2273,Mayfair,10,483,
77,Player 3,2423,Income Tax,10,633,
78,Player 2,3305,Fleet Street,10,1325,
78,Player 1,3888,Marylebone Station,8,1868,
78,Player 3,2223,Chance,10,433,
78,Player 3,2223,Mayfair,10,433,
79,Player 2,3387,Water Works,10,1407,
79,Player 1,3888,Fenchurch St Station,8,1868,
79,Player 3,2373,The Angel Islington,10,583,
80,Player 2,3443,Oxford Street,10,1463,
80,Player 1,3788,Water Works,8,1768,
80,Player 3,2393,Whitehall ,10,603,
81,Player 2,3617,Whitechapel Road,10,1637,
81,Player 1,3788,Bond Street,8,1768,
81,Player 3,2651,The Strand,10,861,
81,Player 3,2633,Coventry Street,10,843,
82,Player 2,3167,Pall Mall,10,1187,
82,Player 1,4028,Community Chest,8,2008,
82,Player 1,4028,Old Kent Road,8,2008,
82,Player 3,1961,Liverpool Street,11,71,
82,Player 3,1961,Mayfair,11,71,
83,Player 2,3067,Vine Street,9,1187,
83,Player 1,3828,Chance,8,1808,
83,Player 3,2127,Chance,11,237,
83,Player 3,2127,Marylebone Station,11,237,
84,Player 2,3151,Fenchurch St Station,9,1271,
84,Player 1,3878,Marylebone Station,8,1858,
84,Player 1,3778,Trafalgar Square,8,1758,
84,Player 3,2027,Trafalgar Square,11,137,
85,Player 2,3291,Regent Street,9,1411,
85,Player 1,3784,Go To Jail,8,1764,
85,Player 1,3784,Jail,8,1764,
85,Player 3,2007,Regent Street,11,117,
86,Player 2,3465,Whitechapel Road,9,1585,
86,Player 2,3015,Jail,9,1135,
86,Player 1,3810,Jail,8,1790,
86,Player 3,2431,Mayfair,11,91,
87,Player 2,3015,Bow Street,9,1135,
87,Player 1,3810,Northumberland Avenue,8,1790,
87,Player 1,3798,Leicester Square,8,1778,
87,Player 1,3776,Jail,8,1756,
87,Player 3,2593,Pentonville Road,11,253,
88,Player 2,3037,Leicester Square,9,1157,
88,Player 2,3037,Park Lane,9,1157,
88,Player 1,3776,Jail,8,1756,
88,Player 3,2628,Marylebone Station,11,288,
89,Player 2,3302,Chance,9,1422,
89,Player 2,3282,Pall Mall,9,1402,
89,Player 2,3282,Jail,9,1402,
89,Player 1,3726,Northumberland Avenue,8,1706,
89,Player 3,2540,Chance,11,200,
90,Player 2,3282,Jail,9,1402,
90,Player 1,3714,The Strand,8,1694,
90,Player 3,2390,Trafalgar Square,11,50,
90,Player 3,2370,Regent Street,11,30,
91,Player 2,3252,Marylebone Station,9,1372,
91,Player 1,3740,Coventry Street,8,1720,
91,Player 3,2344,Mayfair,11,4,
92,Player 2,3252,Chance,9,1372,
92,Player 2,3252,GO,9,1372,
92,Player 1,3790,Bond Street,8,1770,
92,Player 3,2594,The Angel Islington,11,254,
93,Player 2,3252,Income Tax,9,1372,
93,Player 1,3990,Income Tax,8,1970,
93,Player 1,3790,Electric Company ,8,1770,
93,Player 1,3790,The Strand,8,1770,
93,Player 3,2594,Electric Company ,11,254,
94,Player 2,3052,The Angel Islington,9,1172,
94,Player 2,2782,Marylebone Station,9,902,
94,Player 1,3850,Leicester Square,8,1830,
94,Player 3,2694,Vine Street,11,354,
95,Player 2,2804,Marlborough Street,9,924,
95,Player 1,3828,Water Works,8,1808,
95,Player 1,3828,Chance,8,1808,
95,Player 1,3828,Kings Cross Station,8,1808,
95,Player 3,2694,Leicester Square,11,354,
96,Player 2,2926,Coventry Street,9,1046,
96,Player 1,3750,Pentonville Road,8,1730,
96,Player 3,2372,Water Works,11,332,
96,Player 3,2352,Bond Street,11,312,
97,Player 2,2904,Liverpool Street,9,1024,
97,Player 1,3498,Electric Company ,8,1478,
97,Player 3,2549,GO,11,509,
98,Player 2,3079,Community Chest,9,1199,
98,Player 1,3498,Trafalgar Square,8,1478,
98,Player 1,3478,Oxford Street,8,1458,
98,Player 3,2575,Income Tax,11,535,
99,Player 2,3299,Whitehall ,9,1419,
99,Player 1,3452,Mayfair,8,1432,
99,Player 3,2385,Pall Mall,11,345,
100,Player 2,3299,Marlborough Street,9,1419,
100,Player 1,3652,The Angel Islington,8,1632,
100,Player 3,2733,The Strand,11,693,
100,Player 3,2715,Water Works,11,675,
101,Player 2,3299,Trafalgar Square,9,1419,
101,Player 1,3190,Northumberland Avenue,8,1170,
101,Player 3,2657,Chance,11,617,
101,Player 3,2657,Community Chest,11,617,
102,Player 2,3299,Bond Street,9,1419,
102,Player 1,3206,Marlborough Street,8,1186,
102,Player 3,2682,Mayfair,11,642,
103,Player 2,3485,Community Chest,9,1605,
103,Player 2,3485,GO,9,1605,
103,Player 1,3242,Leicester Square,8,1222,
103,Player 3,2832,The Angel Islington,11,792,
104,Player 2,3507,The Angel Islington,9,1627,
104,Player 2,2957,Community Chest,9,1077,
104,Player 1,3210,Piccadilly,8,1190,
104,Player 3,3372,Marylebone Station,11,1332,
105,Player 2,3099,The Strand,9,1219,
105,Player 1,3206,Chance,8,1186,
105,Player 3,3272,Fleet Street,11,1232,
106,Player 2,3081,Regent Street,9,1201,
106,Player 2,3055,Super Tax,9,1175,
106,Player 1,3435,The Angel Islington,8,1415,
106,Player 3,2544,Leicester Square,12,364,
107,Player 2,3037,Whitechapel Road,8,1297,
107,Player 1,2885,Northumberland Avenue,8,865,
107,Player 3,3152,Bond Street,12,372,
108,Player 2,2587,Northumberland Avenue,8,847,
108,Player 1,2733,The Strand,8,713,
108,Player 3,3504,Community Chest,12,424,
109,Player 2,2407,Chance,8,667,
109,Player 2,2407,Pall Mall,8,667,
109,Player 2,1782,Chance,8,42,
109,Player 1,2733,Piccadilly,8,713,
109,Player 1,2711,Community Chest,8,691,
109,Player 3,2939,Chance,12,459,
110,Player 2,1804,Go To Jail,8,64,
110,Player 2,1804,Jail,8,64,
110,Player 1,2931,Income Tax,8,911,
110,Player 3,2789,Jail,12,309,
111,Player 2,1804,Jail,8,64,
111,Player 1,2731,Pentonville Road,8,711,
111,Player 3,3389,Marlborough Street,12,909,
112,Player 2,1768,Chance,8,28,
112,Player 2,1918,Community Chest,8,178,
112,Player 1,2131,Marylebone Station,8,111,
112,Player 3,3375,Trafalgar Square,12,895,
113,Player 2,2188,GO,8,448,
113,Player 1,2031,Free Parking,8,11,
113,Player 3,3355,Water Works,12,875,
113,Player 3,3315,Park Lane,12,835,
114,Player 2,2188,Chance,8,448,
114,Player 2,2188,Jail,8,448,
114,Player 1,2071,Leicester Square,8,51,
114,Player 3,3515,Euston Road,12,1035,
115,Player 2,2210,Jail,8,470,
115,Player 1,2049,Community Chest,8,29,
115,Player 1,2049,Electric Company ,8,29,
115,Player 3,3515,Pall Mall,12,1035,
116,Player 2,2160,Marlborough Street,8,420,
116,Player 1,2049,Northumberland Avenue,8,29,
116,Player 1,2029,The Strand,8,9,
116,Player 3,4415,Bow Street,12,1935,
117,Player 2,2174,Leicester Square,8,434,
117,Player 1,2029,Trafalgar Square,8,9,
117,Player 3,4401,Chance,12,1921,
118,Player 2,2194,Park Lane,8,454,
118,Player 1,2119,Regent Street,8,99,
118,Player 3,4536,Piccadilly,12,2056,
119,Player 2,2381,Euston Road,8,641,
119,Player 1,2119,Mayfair,8,99,
119,Player 1,2319,Pentonville Road,8,299,
119,Player 1,2139,Northumberland Avenue,8,119,
119,Player 3,6564,Community Chest,12,4084,
120,Player 2,1831,Northumberland Avenue,8,91,
120,Player 2,1801,Vine Street,8,61,
120,Player 1,1644,Vine Street,7,24,
120,Player 3,3996,GO,13,516,
121,Player 2,1785,Leicester Square,8,45,
121,Player 1,1628,Water Works,7,8,
121,Player 3,3996,Electric Company ,13,316,
121,Player 3,3876,Vine Street,13,196,
122,Player 2,1785,Bond Street,8,45,
122,Player 1,1748,Oxford Street,7,128,
122,Player 3,3902,Trafalgar Square,13,222,
123,Player 2,1785,Park Lane,8,45,
123,Player 1,1922,Whitechapel Road,7,302,
123,Player 3,4632,Oxford Street,13,352,
123,Player 3,4832,GO,13,552,
124,Player 2,2025,Pentonville Road,8,285,
124,Player 2,1775,The Strand,8,35,
124,Player 2,1775,Coventry Street,8,35,
124,Player 1,1714,Pall Mall,7,94,
124,Player 3,4582,Kings Cross Station,13,1302,
125,Player 2,1853,Bond Street,8,113,
125,Player 1,1644,Free Parking,7,24,
125,Player 3,4482,Pall Mall,13,1202,
125,Player 3,4482,The Strand,13,1202,
126,Player 2,1853,Mayfair,8,113,
126,Player 2,0,Mayfair,0,0,
127,Player 1,1644,Leicester Square,7,24,
127,Player 3,5400,Trafalgar Square,21,380,
128,Player 1,1622,Super Tax,7,2,
128,Player 1,1822,Income Tax,7,202,
128,Player 3,5400,Oxford Street,21,380,
128,Player 3,5400,Liverpool Street,21,380,
129,Player 1,1640,Pall Mall,7,20,
129,Player 3,6350,Community Chest,21,330,
130,Player 1,1700,Marlborough Street,7,80,
130,Player 3,6150,Jail,21,530,
131,Player 1,1680,Leicester Square,7,60,
131,Player 3,6172,Vine Street,21,552,
132,Player 1,1658,Oxford Street,7,38,
132,Player 3,6198,Coventry Street,21,578,
133,Player 1,1832,Old Kent Road,7,212,
133,Player 3,6448,Bond Street,21,828,
134,Player 1,1692,Chance,7,72,
134,Player 1,1692,Mayfair,7,72,
134,Player 1,0,Mayfair,0,0,
