1,Player 1,1500,Kings Cross Station,0,1500,
1,Player 2,1500,Pentonville Road,0,1500,
2,Player 1,1500,Northumberland Avenue,1,1300,
2,Player 2,1500,Northumberland Avenue,1,1380,
3,Player 1,1512,Chance,2,1152,
3,Player 2,1488,Marlborough Street,1,1368,
3,Player 2,1488,Water Works,2,1188,
4,Player 1,1497,Water Works,2,1137,
4,Player 2,1512,Community Chest,3,1062,
4,Player 2,1512,Jail,3,1062,
5,Player 1,1473,Liverpool Street,2,1113,
5,Player 2,1512,Jail,3,1062,
6,Player 1,1473,Mayfair,3,913,
6,Player 2,1462,Chance,3,1012,
6,Player 2,1462,Go To Jail,3,1012,
6,Player 2,1462,Jail,3,1012,
7,Player 1,1673,Euston Road,4,713,
7,Player 2,1462,Jail,3,1012,
8,Player 1,1673,Whitehall ,5,613,
8,Player 2,1412,Northumberland Avenue,3,962,
9,Player 1,1685,Bow Street,6,485,
9,Player 2,1400,Bow Street,3,950,
9,Player 2,1386,Fleet Street,3,936,
10,Player 1,1699,Fleet Street,7,319,
10,Player 2,1404,Community Chest,4,734,
11,Player 1,1681,Coventry Street,7,301,
11,Player 2,1621,Liverpool Street,5,691,
11,Player 2,1771,GO,5,841,
12,Player 1,1731,Community Chest,7,351,
12,Player 1,1731,GO,7,351,
12,Player 2,1771,Income Tax,5,841,
12,Player 2,1594,Jail,5,664,
12,Player 2,1594,Marlborough Street,5,664,
13,Player 1,1731,The Angel Islington,7,351,
13,Player 2,1594,Leicester Square,5,664,
14,Player 1,1731,Bow Street,8,251,
14,Player 2,1594,Oxford Street,6,404,
15,Player 1,1731,The Strand,8,251,
15,Player 2,2058,GO,8,348,
15,Player 2,2058,Kings Cross Station,8,348,
16,Player 1,1781,Trafalgar Square,8,301,
16,Player 2,2092,Whitehall ,9,142,
17,Player 1,1791,Leicester Square,8,311,
17,Player 1,1791,Regent Street,8,311,
17,Player 2,2082,Bow Street,9,132,
18,Player 1,2015,Park Lane,9,235,
18,Player 2,2068,Leicester Square,9,118,
18,Player 2,2068,Oxford Street,9,118,
19,Player 1,2496,Community Chest,10,366,
19,Player 2,2068,Super Tax,9,118,
20,Player 1,2446,Pall Mall,10,316,
20,Player 2,2168,Old Kent Road,9,218,
21,Player 1,2446,The Strand,11,176,
21,Player 1,2410,Coventry Street,11,140,
21,Player 1,2388,Jail,11,118,
21,Player 2,2226,Pall Mall,10,216,
22,Player 1,2408,Jail,11,138,
22,Player 2,2206,Fleet Street,10,196,
22,Player 2,2206,Coventry Street,10,196,
23,Player 1,2358,Free Parking,11,88,
23,Player 2,2206,Community Chest,10,196,
24,Player 1,2358,Leicester Square,11,88,
24,Player 2,2306,GO,10,296,
25,Player 1,2358,Oxford Street,11,88,
25,Player 2,2306,Electric Company ,10,296,
25,Player 2,2306,Community Chest,11,146,
26,Player 1,2558,Old Kent Road,11,288,
26,Player 2,2333,Piccadilly,11,173,
26,Player 2,2333,Community Chest,11,173,
27,Player 1,2724,Pall Mall,12,174,
27,Player 2,2433,Super Tax,11,273,
28,Player 1,2724,Bow Street,12,174,
28,Player 2,2533,GO,11,373,
28,Player 2,2533,Chance,11,373,
28,Player 2,2533,Marylebone Station,11,373,
29,Player 1,2724,Marlborough Street,12,174,
29,Player 1,2710,Leicester Square,12,160,
29,Player 2,2637,Fleet Street,12,277,
29,Player 2,2637,Community Chest,12,277,
29,Player 2,2637,Electric Company ,12,277,
29,Player 2,2637,Vine Street,12,277,
30,Player 1,2710,Oxford Street,12,160,
30,Player 2,2747,Coventry Street,13,187,
31,Player 1,2710,Mayfair,12,160,
31,Player 2,2747,Park Lane,13,187,
31,Player 2,2912,The Angel Islington,13,352,
32,Player 1,2951,The Angel Islington,12,401,
32,Player 2,2906,Electric Company ,13,346,
33,Player 1,2951,Jail,12,201,
33,Player 1,2951,Whitehall ,12,201,
33,Player 2,2906,Bow Street,13,346,
34,Player 1,2965,Community Chest,12,215,
34,Player 2,2892,The Strand,13,332,
35,Player 1,3165,Trafalgar Square,12,215,
35,Player 2,2892,Piccadilly,13,332,
35,Player 2,2892,Chance,13,332,
35,Player 2,2892,Marylebone Station,13,332,
36,Player 1,3165,Chance,12,215,
36,Player 1,3415,Income Tax,12,465,
36,Player 2,2892,Trafalgar Square,13,332,
37,Player 1,3215,Electric Company ,12,265,
37,Player 2,2972,Liverpool Street,13,262,
38,Player 1,3185,Community Chest,12,235,
38,Player 2,3122,Whitechapel Road,13,412,
39,Player 1,3235,Fenchurch St Station,12,285,
39,Player 2,3152,Jail,15,182,
40,Player 1,3235,Community Chest,12,285,
40,Player 2,3152,Marlborough Street,15,182,
41,Player 1,3445,Old Kent Road,12,495,
41,Player 2,3154,Fleet Street,15,184,
42,Player 1,3443,Euston Road,12,293,
42,Player 2,3154,Go To Jail,15,184,
42,Player 2,3154,Jail,15,184,
43,Player 1,3443,Community Chest,12,293,
43,Player 2,3154,Jail,15,184,
44,Player 1,3463,Chance,12,313,
44,Player 1,3463,GO,12,313,
44,Player 2,3104,Chance,15,134,
44,Player 2,3104,Vine Street,15,134,
44,Player 2,3104,Trafalgar Square,15,134,
45,Player 1,3463,Jail,12,313,
45,Player 1,3463,Bow Street,12,313,
45,Player 1,3463,Fleet Street,12,313,
45,Player 2,3140,Community Chest,15,170,
46,Player 1,3417,Community Chest,12,267,
46,Player 2,3150,Super Tax,15,180,
47,Player 1,3367,Mayfair,12,217,
47,Player 1,3567,Chance,12,417,
47,Player 2,3250,Euston Road,15,280,
48,Player 1,3453,Vine Street,12,303,
48,Player 1,3437,Trafalgar Square,12,287,
48,Player 2,3260,Pall Mall,15,290,
49,Player 1,3457,Liverpool Street,12,307,
49,Player 2,3240,Bow Street,15,270,
50,Player 1,3471,Mayfair,12,321,
50,Player 2,3226,Coventry Street,15,256,
51,Player 1,3671,Jail,12,521,
51,Player 2,3226,Liverpool Street,15,256,
51,Player 2,3376,Kings Cross Station,15,406,
52,Player 1,3617,Community Chest,12,267,
52,Player 1,3617,Old Kent Road,12,267,
52,Player 2,3328,Whitehall ,15,358,
53,Player 1,3635,Pentonville Road,12,285,
53,Player 2,3316,Free Parking,15,346,
54,Player 1,3627,Whitehall ,12,277,
54,Player 2,3316,Coventry Street,15,346,
55,Player 1,3627,Vine Street,12,277,
55,Player 2,3332,Go To Jail,15,362,
55,Player 2,3332,Jail,15,362,
56,Player 1,3611,Trafalgar Square,12,261,
56,Player 2,3332,Jail,15,362,
57,Player 1,3611,Regent Street,12,261,
57,Player 2,3282,Free Parking,15,312,
58,Player 1,3611,Liverpool Street,12,261,
58,Player 2,3282,Fenchurch St Station,15,312,
59,Player 1,3811,Income Tax,12,461,
59,Player 2,3282,Community Chest,15,312,
59,Player 2,3282,Jail,15,312,
60,Player 1,3611,Whitehall ,12,261,
60,Player 2,3282,Jail,15,312,
61,Player 1,3611,The Strand,12,261,
61,Player 2,3268,Northumberland Avenue,15,298,
62,Player 1,3599,Go To Jail,12,249,
62,Player 1,3599,Jail,12,249,
62,Player 2,3244,Vine Street,15,274,
63,Player 1,3599,Jail,12,249,
63,Player 2,3244,Trafalgar Square,15,274,
64,Player 1,3549,Marlborough Street,12,199,
64,Player 2,3258,Water Works,15,288,
65,Player 1,3535,Trafalgar Square,12,185,
65,Player 1,3535,Regent Street,12,185,
65,Player 2,3258,Community Chest,15,288,
66,Player 1,3535,Super Tax,12,185,
66,Player 2,3558,GO,15,588,
67,Player 1,3635,Kings Cross Station,12,285,
67,Player 2,3283,Community Chest,15,313,
67,Player 2,3283,GO,15,313,
67,Player 2,3283,Whitechapel Road,15,313,
68,Player 1,3635,Pall Mall,12,285,
68,Player 2,3283,Jail,15,313,
69,Player 1,3635,Free Parking,12,285,
69,Player 2,3283,Northumberland Avenue,15,313,
70,Player 1,3659,Fenchurch St Station,12,309,
70,Player 2,3309,Community Chest,15,339,
71,Player 1,3609,Regent Street,12,259,
71,Player 2,3259,Fenchurch St Station,15,289,
72,Player 1,3609,Mayfair,12,259,
72,Player 2,3259,Piccadilly,15,289,
72,Player 2,3237,Oxford Street,15,267,
73,Player 1,3831,Community Chest,12,481,
73,Player 2,3237,Chance,15,267,
73,Player 2,3237,Pall Mall,15,267,
73,Player 2,3217,Marlborough Street,15,247,
74,Player 1,3751,The Angel Islington,12,201,
74,Player 2,3217,Leicester Square,15,247,
75,Player 1,3751,Whitehall ,12,201,
75,Player 2,3217,Bond Street,15,247,
76,Player 1,3751,Fleet Street,12,201,
76,Player 2,3661,GO,16,371,
77,Player 1,3715,Oxford Street,12,165,
77,Player 2,3661,Pentonville Road,16,371,
78,Player 1,3915,Whitechapel Road,12,365,
78,Player 2,3665,Whitehall ,16,375,
79,Player 1,3931,Euston Road,12,381,
79,Player 2,3645,Community Chest,16,355,
79,Player 2,3670,Chance,16,380,
80,Player 1,3931,Pall Mall,12,381,
80,Player 2,3650,Piccadilly,16,360,
81,Player 1,3953,Bow Street,12,203,
81,Player 2,3628,Super Tax,16,338,
82,Player 1,3953,Free Parking,12,203,
82,Player 1,3953,Fenchurch St Station,12,203,
82,Player 2,3778,The Angel Islington,16,488,
83,Player 1,3909,Community Chest,12,159,
83,Player 2,3772,Pall Mall,16,182,
84,Player 1,4029,Chance,12,279,
84,Player 2,3752,Marylebone Station,16,162,
85,Player 1,4379,GO,12,429,
85,Player 2,3752,Trafalgar Square,16,162,
86,Player 1,4379,Kings Cross Station,12,229,
86,Player 2,3752,Go To Jail,16,162,
86,Player 2,3752,Jail,16,162,
87,Player 1,4379,Pentonville Road,12,229,
87,Player 2,3760,Jail,16,170,
88,Player 1,4371,Free Parking,12,221,
88,Player 2,3710,Electric Company ,16,120,
88,Player 2,3710,Free Parking,16,120,
89,Player 1,4371,Regent Street,12,221,
89,Player 2,3710,Water Works,16,120,
90,Player 1,4371,Liverpool Street,12,221,
90,Player 2,3710,Liverpool Street,16,120,
91,Player 1,4621,Old Kent Road,12,471,
91,Player 2,3862,Whitechapel Road,16,272,
91,Player 2,3862,Jail,16,272,
92,Player 1,3819,Kings Cross Station,12,269,
92,Player 2,3862,Marylebone Station,16,272,
93,Player 1,3819,Euston Road,12,269,
93,Player 2,3862,Coventry Street,16,272,
93,Player 2,3862,Liverpool Street,16,272,
94,Player 1,3869,Marylebone Station,12,319,
94,Player 2,4062,GO,16,472,
95,Player 1,3819,Vine Street,12,269,
95,Player 2,4078,The Angel Islington,16,188,
95,Player 2,4072,Electric Company ,16,182,
95,Player 2,4072,Fleet Street,16,182,
96,Player 1,3809,Leicester Square,12,259,
96,Player 2,4094,Go To Jail,16,204,
96,Player 2,4094,Jail,16,204,
97,Player 1,3787,Regent Street,12,237,
97,Player 2,4094,Jail,16,204,
98,Player 1,3987,Community Chest,12,437,
98,Player 1,3987,Electric Company ,12,437,
98,Player 2,4154,Free Parking,16,264,
98,Player 2,4154,Coventry Street,16,264,
99,Player 1,3877,Marlborough Street,12,327,
99,Player 2,4168,Chance,16,278,
100,Player 1,3863,Coventry Street,12,313,
100,Player 2,4240,The Angel Islington,16,350,
101,Player 1,3847,Bond Street,12,297,
101,Player 2,4262,Pentonville Road,16,222,
102,Player 1,4019,Community Chest,12,469,
102,Player 2,4262,Electric Company ,16,222,
103,Player 1,3254,Euston Road,12,304,
103,Player 2,4262,Vine Street,16,222,
104,Player 1,3254,Pall Mall,12,304,
104,Player 2,4262,Water Works,16,222,
105,Player 1,3254,The Strand,12,304,
105,Player 2,4512,Bond Street,16,172,
106,Player 1,3004,Water Works,12,54,
106,Player 2,4782,GO,16,442,
107,Player 1,3034,Community Chest,12,84,
107,Player 2,4782,Jail,16,292,
108,Player 1,3284,Community Chest,12,334,
108,Player 2,4782,Northumberland Avenue,16,292,
109,Player 1,3208,Electric Company ,12,258,
109,Player 2,4858,The Strand,16,218,
110,Player 1,3108,Chance,12,158,
110,Player 1,3108,Jail,12,158,
110,Player 2,4858,Water Works,16,218,
111,Player 1,3108,Jail,12,158,
111,Player 2,4858,Community Chest,16,218,
112,Player 1,3058,The Strand,12,108,
112,Player 2,5013,Old Kent Road,16,423,
112,Player 2,5013,Jail,16,423,
113,Player 1,3598,Oxford Street,12,48,
113,Player 2,4439,Northumberland Avenue,16,299,
114,Player 1,3772,GO,12,222,
114,Player 2,4439,Vine Street,16,299,
115,Player 1,3717,Chance,12,167,
115,Player 2,4439,Water Works,16,299,
116,Player 1,3762,Whitehall ,12,212,
116,Player 2,4439,Super Tax,16,299,
117,Player 1,3762,Chance,12,212,
117,Player 1,3762,Mayfair,12,212,
117,Player 2,4539,Pentonville Road,16,399,
118,Player 1,3962,Chance,12,412,
118,Player 2,3939,Whitehall ,16,149,
119,Player 1,3802,Bow Street,12,252,
119,Player 2,3919,The Strand,16,129,
120,Player 1,3802,The Strand,12,252,
120,Player 2,4569,Fenchurch St Station,16,879,
120,Player 2,4569,Oxford Street,16,879,
121,Player 1,4042,Coventry Street,12,92,
121,Player 2,4791,Old Kent Road,16,1101,
122,Player 1,4020,Regent Street,12,70,
122,Player 1,4020,Park Lane,12,70,
122,Player 2,4791,Chance,16,1101,
123,Player 1,4220,Chance,12,270,
123,Player 1,4220,Marylebone Station,12,270,
123,Player 1,4170,Trafalgar Square,12,220,
123,Player 2,5441,Bow Street,16,1751,
124,Player 1,3560,Water Works,12,10,
124,Player 1,3620,Chance,12,70,
124,Player 1,3620,Marylebone Station,12,70,
124,Player 1,3570,The Strand,12,20,
124,Player 2,4961,Leicester Square,17,191,
125,Player 1,3040,Water Works,11,70,
125,Player 2,5031,Regent Street,17,261,
126,Player 1,2970,Super Tax,11,0,
126,Player 2,5031,Mayfair,17,261,
126,Player 2,5031,Kings Cross Station,17,261,
127,Player 1,3310,Community Chest,11,340,
127,Player 1,3320,Euston Road,11,350,
127,Player 1,3320,Marylebone Station,11,350,
127,Player 2,5021,Jail,17,251,
128,Player 1,3193,Leicester Square,11,223,
128,Player 2,5043,Bow Street,17,273,
129,Player 1,3171,Liverpool Street,11,201,
129,Player 2,5043,Water Works,17,273,
129,Player 2,5043,Super Tax,17,273,
129,Player 2,5143,Euston Road,17,373,
130,Player 1,3377,Community Chest,11,407,
130,Player 2,5038,Bow Street,17,268,
131,Player 1,3250,Pall Mall,11,280,
131,Player 2,5038,Fenchurch St Station,17,268,
132,Player 1,3250,Bow Street,11,280,
132,Player 2,4388,Oxford Street,17,218,
133,Player 1,2980,Chance,11,10,
133,Player 2,4388,Park Lane,17,218,
134,Player 1,3332,Go To Jail,11,362,
134,Player 1,3332,Jail,11,362,
134,Player 2,5228,Community Chest,17,308,
134,Player 2,5228,Old Kent Road,17,308,
135,Player 1,3332,Jail,11,362,
135,Player 2,5162,Jail,17,242,
136,Player 1,3282,Free Parking,11,312,
136,Player 2,5162,Marlborough Street,17,242,
137,Player 1,3282,Water Works,11,312,
137,Player 2,5160,Leicester Square,17,240,
137,Player 2,5160,Park Lane,17,240,
138,Player 1,3438,Oxford Street,11,268,
138,Player 2,5026,Whitechapel Road,17,356,
138,Player 2,5026,Whitehall ,17,356,
138,Player 2,5006,Free Parking,17,336,
139,Player 1,3632,Community Chest,11,462,
139,Player 1,3632,Jail,11,462,
139,Player 2,4940,Trafalgar Square,17,270,
140,Player 1,3632,Jail,11,262,
140,Player 2,4940,Water Works,17,270,
141,Player 1,3582,Community Chest,11,212,
141,Player 2,4940,Chance,17,270,
141,Player 2,4940,GO,17,270,
142,Player 1,3682,Leicester Square,11,312,
142,Player 2,4880,Kings Cross Station,17,210,
143,Player 1,3710,Regent Street,11,340,
143,Player 2,4830,Electric Company ,17,160,
144,Player 1,3710,Super Tax,11,340,
144,Player 2,4830,Free Parking,17,160,
145,Player 1,3810,Pentonville Road,11,440,
145,Player 2,4838,Coventry Street,17,168,
146,Player 1,3802,Community Chest,11,232,
146,Player 1,3802,GO,11,232,
146,Player 2,4838,Bond Street,17,168,
147,Player 1,3802,Kings Cross Station,11,232,
147,Player 2,4838,Mayfair,17,168,
148,Player 1,3957,Electric Company ,12,267,
148,Player 2,6193,Old Kent Road,16,393,
148,Player 2,6193,Chance,16,393,
148,Player 2,6193,Income Tax,16,393,
149,Player 1,3887,Fleet Street,12,197,
149,Player 2,6079,Whitehall ,16,279,
150,Player 1,3757,Coventry Street,12,67,
150,Player 2,6059,Chance,16,259,
151,Player 1,3757,Community Chest,12,67,
151,Player 2,5244,Coventry Street,16,44,
152,Player 1,3707,Super Tax,12,17,
152,Player 2,5244,Go To Jail,16,44,
152,Player 2,5244,Jail,16,44,
153,Player 1,3907,The Angel Islington,12,217,
153,Player 2,5244,Jail,16,44,
153,Player 2,5244,Bow Street,16,44,
154,Player 1,3907,Electric Company ,12,217,
154,Player 2,5304,Chance,16,104,
154,Player 2,5304,Pall Mall,16,104,
155,Player 1,3867,Free Parking,12,177,
155,Player 1,3867,Water Works,12,177,
155,Player 1,3787,Chance,12,97,
155,Player 2,5364,Bow Street,16,164,
156,Player 1,3767,Mayfair,12,77,
156,Player 2,5364,Fleet Street,16,164,
157,Player 1,3967,Kings Cross Station,12,277,
157,Player 1,3967,Electric Company ,12,277,
157,Player 2,5434,Water Works,16,234,
158,Player 1,3897,Vine Street,12,207,
158,Player 2,5564,Liverpool Street,16,314,
159,Player 1,3647,Trafalgar Square,12,157,
159,Player 2,5723,The Angel Islington,16,773,
160,Player 1,3397,Leicester Square,12,107,
160,Player 1,3375,Liverpool Street,12,85,
160,Player 2,5745,Euston Road,16,795,
160,Player 2,5745,Jail,16,795,
160,Player 2,5745,Community Chest,16,795,
161,Player 1,3575,The Angel Islington,12,285,
161,Player 2,5645,Coventry Street,16,695,
162,Player 1,3465,Whitehall ,12,175,
162,Player 2,5645,Bond Street,16,695,
163,Player 1,3465,Bow Street,12,175,
163,Player 2,6595,Chance,16,1645,
163,Player 2,6945,Whitechapel Road,16,1995,
164,Player 1,2915,Trafalgar Square,12,25,
164,Player 2,7695,Pall Mall,16,2745,
165,Player 1,2985,Piccadilly,12,95,
165,Player 2,7675,Bow Street,16,2725,
166,Player 1,2985,Chance,12,95,
166,Player 2,7675,Leicester Square,16,2725,
167,Player 1,3135,Kings Cross Station,12,245,
167,Player 2,7675,Regent Street,16,2725,
168,Player 1,3025,Bow Street,12,135,
168,Player 2,5925,Super Tax,17,275,
169,Player 1,2475,The Strand,11,85,
169,Player 2,6560,Jail,17,510,
169,Player 2,6560,Community Chest,17,510,
170,Player 1,2425,Regent Street,11,35,
170,Player 1,2395,Liverpool Street,11,5,
170,Player 2,6715,Trafalgar Square,17,265,
171,Player 1,2595,Kings Cross Station,11,205,
171,Player 2,6715,Regent Street,17,265,
172,Player 1,2540,Bow Street,11,150,
172,Player 2,7665,Bond Street,17,215,
173,Player 1,2210,Trafalgar Square,11,20,
173,Player 2,7815,GO,17,765,
174,Player 1,2285,Oxford Street,11,95,
174,Player 1,0,Oxford Street,0,0,
1,Player 2,1500,The Angel Islington,0,1500,
1,Player 1,1500,Whitechapel Road,0,1500,
2,Player 2,1500,Bow Street,1,1400,
2,Player 2,1500,The Strand,2,1220,
2,Player 1,1500,The Angel Islington,1,1440,
3,Player 2,1506,Piccadilly,3,1006,
3,Player 2,1506,Bond Street,4,726,
3,Player 1,1494,Electric Company ,1,1434,
4,Player 2,1706,Old Kent Road,5,606,
4,Player 1,554,Northumberland Avenue,3,184,
4,Player 1,554,The Strand,3,184,
5,Player 2,1728,Euston Road,6,468,
5,Player 1,536,Trafalgar Square,3,166,
6,Player 2,1896,Bow Street,8,296,
6,Player 1,536,Community Chest,3,166,
7,Player 2,1896,Fleet Street,8,296,
7,Player 1,761,Old Kent Road,3,391,
8,Player 2,2028,Bond Street,9,208,
8,Player 1,761,Jail,3,391,
9,Player 2,2228,GO,9,408,
9,Player 2,2228,The Angel Islington,9,408,
9,Player 1,761,Bow Street,3,391,
10,Player 2,2242,Marylebone Station,9,272,
10,Player 1,817,Coventry Street,4,247,
11,Player 2,2372,Fleet Street,10,142,
11,Player 1,817,Oxford Street,4,247,
12,Player 2,2372,Go To Jail,10,142,
12,Player 2,2372,Jail,10,142,
12,Player 1,1042,Mayfair,5,172,
13,Player 2,2372,Jail,10,142,
13,Player 1,1542,Income Tax,6,272,
14,Player 2,2322,Marlborough Street,10,92,
14,Player 1,1388,Electric Company ,6,118,
15,Player 2,2448,Leicester Square,11,38,
15,Player 2,2448,Oxford Street,11,38,
15,Player 1,1622,Vine Street,7,92,
16,Player 2,2648,GO,11,238,
16,Player 1,1792,Trafalgar Square,8,62,
17,Player 2,2748,Jail,11,338,
17,Player 1,1942,Oxford Street,8,62,
17,Player 1,1942,Chance,8,62,
17,Player 1,2122,Chance,8,242,
17,Player 1,2122,Marylebone Station,8,242,
18,Player 2,2748,The Strand,11,338,
18,Player 1,2122,Coventry Street,8,242,
18,Player 1,2100,Bond Street,8,220,
19,Player 2,2770,Coventry Street,11,360,
19,Player 1,2300,Community Chest,8,420,
20,Player 2,2770,Chance,11,360,
20,Player 2,2770,GO,11,360,
20,Player 1,2108,Euston Road,8,378,
20,Player 1,2102,Marlborough Street,8,372,
21,Player 2,2790,Electric Company ,11,380,
21,Player 2,2742,Free Parking,11,332,
21,Player 1,2136,Trafalgar Square,8,406,
22,Player 2,2842,Leicester Square,11,282,
22,Player 1,2058,Regent Street,8,328,
23,Player 2,2820,Super Tax,11,260,
23,Player 2,2920,Euston Road,11,360,
23,Player 1,2193,Chance,9,163,
24,Player 2,2920,Northumberland Avenue,11,360,
24,Player 1,2443,Whitechapel Road,9,263,
25,Player 2,2920,Chance,11,360,
25,Player 2,2920,Jail,11,360,
25,Player 1,2443,Pentonville Road,9,263,
26,Player 2,2920,Jail,11,360,
26,Player 1,2443,Community Chest,10,143,
27,Player 2,2870,Chance,11,310,
27,Player 2,2870,Pall Mall,11,310,
27,Player 2,2870,Chance,12,170,
27,Player 1,2493,Fleet Street,10,193,
27,Player 1,2403,Coventry Street,10,103,
27,Player 1,2381,Liverpool Street,10,81,
28,Player 2,3062,Go To Jail,13,162,
28,Player 2,3062,Jail,13,162,
28,Player 1,2581,Chance,10,281,
28,Player 1,2581,Income Tax,10,281,
28,Player 1,2381,The Angel Islington,10,81,
28,Player 1,2375,Northumberland Avenue,10,75,
29,Player 2,3080,Jail,13,180,
29,Player 1,2363,Trafalgar Square,10,63,
29,Player 1,2313,Coventry Street,10,63,
30,Player 2,3152,Vine Street,13,252,
30,Player 1,2307,Regent Street,10,57,
31,Player 2,3136,Piccadilly,13,236,
31,Player 1,2307,Mayfair,10,57,
32,Player 2,3136,Chance,13,236,
32,Player 1,2507,Kings Cross Station,10,257,
32,Player 1,2507,Pall Mall,10,257,
33,Player 2,3526,Whitechapel Road,14,426,
33,Player 1,2595,Northumberland Avenue,10,345,
34,Player 2,3358,Kings Cross Station,14,258,
34,Player 2,3358,Electric Company ,14,258,
34,Player 1,2611,Fenchurch St Station,10,361,
35,Player 2,3330,Bow Street,14,230,
35,Player 1,2681,Bond Street,11,231,
36,Player 2,3330,Fleet Street,14,230,
36,Player 1,2881,Whitechapel Road,11,431,
37,Player 2,3330,Coventry Street,14,230,
37,Player 1,2881,Jail,11,431,
38,Player 2,3330,Liverpool Street,14,230,
38,Player 1,2881,Free Parking,11,431,
39,Player 2,3330,Mayfair,14,230,
39,Player 2,3530,The Angel Islington,14,430,
39,Player 1,2881,Piccadilly,11,431,
40,Player 2,3552,Jail,14,152,
40,Player 1,2859,Chance,11,409,
40,Player 1,2859,Mayfair,11,409,
41,Player 2,3552,Bow Street,14,152,
41,Player 1,3059,Community Chest,11,609,
41,Player 1,3059,Jail,11,609,
42,Player 2,3552,Fleet Street,14,152,
42,Player 1,2894,Jail,11,444,
43,Player 2,3552,Community Chest,14,152,
43,Player 2,3502,Park Lane,14,102,
43,Player 1,3142,Bow Street,12,342,
44,Player 2,3716,Kings Cross Station,14,316,
44,Player 1,3128,The Strand,12,328,
45,Player 2,3806,Pall Mall,14,256,
45,Player 1,3038,Regent Street,12,238,
46,Player 2,3806,Marlborough Street,14,256,
46,Player 1,3038,Park Lane,12,238,
47,Player 2,3806,Fenchurch St Station,14,256,
47,Player 1,3288,Income Tax,12,488,
48,Player 2,3756,Regent Street,14,206,
48,Player 1,3088,Electric Company ,12,288,
49,Player 2,3756,Park Lane,14,206,
49,Player 2,3956,GO,14,406,
49,Player 1,3088,The Strand,12,288,
50,Player 2,4206,Chance,14,206,
50,Player 1,2838,Water Works,12,38,
51,Player 2,4477,Marylebone Station,15,177,
51,Player 1,2888,Bond Street,12,88,
51,Player 1,2888,Mayfair,12,88,
52,Player 2,4427,The Strand,15,127,
52,Player 1,3088,Chance,12,288,
53,Player 2,4427,Regent Street,15,127,
53,Player 2,4627,Community Chest,15,327,
53,Player 1,2928,Pall Mall,12,128,
53,Player 1,2918,Marylebone Station,12,118,
54,Player 2,4647,Pall Mall,15,197,
54,Player 1,2918,The Strand,12,118,
55,Player 2,4571,Marlborough Street,15,271,
55,Player 1,3023,Fleet Street,12,123,
55,Player 1,2828,Go To Jail,12,28,
55,Player 1,2828,Jail,12,28,
56,Player 2,4541,Leicester Square,16,121,
56,Player 1,2708,Jail,11,28,
57,Player 2,4541,Liverpool Street,16,121,
57,Player 1,2708,Jail,11,28,
58,Player 2,4741,Community Chest,16,321,
58,Player 2,4741,Electric Company ,16,321,
58,Player 1,2736,Jail,11,56,
59,Player 2,4713,Marylebone Station,16,293,
59,Player 1,2736,Vine Street,11,56,
60,Player 2,4663,Marlborough Street,16,243,
60,Player 1,2736,Trafalgar Square,11,56,
61,Player 2,3788,The Strand,16,118,
61,Player 1,2666,Community Chest,11,86,
61,Player 1,2666,Old Kent Road,11,86,
62,Player 2,3788,Piccadilly,16,118,
62,Player 1,2666,The Angel Islington,11,86,
63,Player 2,4538,Old Kent Road,16,868,
63,Player 2,4528,Pentonville Road,16,858,
63,Player 1,2623,Electric Company ,11,93,
63,Player 1,2623,Vine Street,11,93,
64,Player 2,4528,Marylebone Station,16,858,
64,Player 1,2673,Fleet Street,11,143,
65,Player 2,4178,Vine Street,17,358,
65,Player 1,2383,Regent Street,10,53,
66,Player 2,4096,Fleet Street,17,276,
66,Player 1,2383,Chance,10,53,
67,Player 2,4096,Piccadilly,17,276,
67,Player 1,2633,Old Kent Road,10,303,
68,Player 2,4096,Liverpool Street,17,276,
68,Player 1,2600,The Angel Islington,10,270,
69,Player 2,4646,Mayfair,17,826,
69,Player 1,2360,Bow Street,10,30,
70,Player 2,4860,Pentonville Road,17,1040,
70,Player 2,4860,Whitehall ,17,1040,
70,Player 1,2346,Leicester Square,10,16,
71,Player 2,4860,The Strand,18,100,
71,Player 1,2346,Liverpool Street,10,16,
72,Player 2,4910,Go To Jail,18,150,
72,Player 2,4910,Jail,18,150,
72,Player 1,2556,Income Tax,10,226,
73,Player 2,4910,Jail,18,150,
73,Player 1,2356,Pentonville Road,10,26,
74,Player 2,5460,Bow Street,18,500,
74,Player 1,2396,Bow Street,10,66,
75,Player 2,4674,Vine Street,18,114,
75,Player 1,2382,Vine Street,10,52,
76,Player 2,4674,Go To Jail,18,114,
76,Player 2,4674,Jail,18,114,
76,Player 1,2382,Piccadilly,10,52,
77,Player 2,4696,Jail,18,136,
77,Player 1,2360,Liverpool Street,10,30,
78,Player 2,4696,Northumberland Avenue,18,136,
78,Player 1,2540,Old Kent Road,10,210,
78,Player 1,2540,Euston Road,10,210,
79,Player 2,4846,Community Chest,18,586,
79,Player 1,2434,Bow Street,10,104,
80,Player 2,4960,Fleet Street,18,700,
80,Player 1,2420,Free Parking,10,90,
81,Player 2,4960,Piccadilly,18,700,
81,Player 1,2420,Coventry Street,10,90,
82,Player 2,4982,Chance,18,722,
82,Player 2,4982,Kings Cross Station,18,722,
82,Player 1,2398,Bond Street,10,68,
83,Player 2,5010,Jail,18,750,
83,Player 1,2370,Chance,10,40,
83,Player 1,2355,Mayfair,10,25,
84,Player 2,5010,Marlborough Street,18,750,
84,Player 2,5010,Trafalgar Square,18,750,
84,Player 1,2555,Income Tax,10,225,
85,Player 2,5010,Regent Street,18,750,
85,Player 1,2355,Electric Company ,10,25,
86,Player 2,5290,Old Kent Road,18,1030,
86,Player 2,5290,Chance,18,1030,
86,Player 1,2335,The Strand,10,5,
87,Player 2,4520,Community Chest,19,60,
87,Player 2,4520,GO,19,60,
87,Player 2,4520,Pentonville Road,19,60,
87,Player 1,2217,Coventry Street,9,87,
88,Player 2,4542,Community Chest,19,82,
88,Player 1,2195,Community Chest,9,65,
89,Player 2,4642,Water Works,19,182,
89,Player 1,2355,Community Chest,9,225,
90,Player 2,4642,Liverpool Street,19,182,
90,Player 1,2309,Chance,9,179,
90,Player 1,2309,Marylebone Station,9,179,
91,Player 2,4842,Whitechapel Road,19,382,
91,Player 1,2313,Chance,9,183,
91,Player 1,2313,GO,9,183,
92,Player 2,4728,Pall Mall,19,268,
92,Player 2,4728,Vine Street,19,268,
92,Player 2,4728,Water Works,19,268,
92,Player 1,2313,The Angel Islington,9,183,
93,Player 2,5278,Chance,19,118,
93,Player 1,2240,Electric Company ,9,110,
94,Player 2,7418,GO,19,308,
94,Player 2,7418,Jail,19,308,
94,Player 1,2180,Community Chest,9,50,
95,Player 2,6818,Whitehall ,19,158,
95,Player 1,2190,Coventry Street,9,60,
96,Player 2,6818,Vine Street,19,158,
96,Player 1,2190,Park Lane,9,60,
97,Player 2,6818,Leicester Square,19,158,
97,Player 1,2390,Chance,9,260,
97,Player 1,2390,Jail,9,260,
98,Player 2,6818,Bond Street,19,158,
98,Player 1,2357,Jail,9,227,
99,Player 2,7018,Old Kent Road,19,358,
99,Player 1,2309,The Strand,9,179,
100,Player 2,5708,Pentonville Road,19,248,
100,Player 2,5708,Northumberland Avenue,19,248,
100,Player 1,2224,Coventry Street,9,94,
101,Player 2,5730,Fleet Street,19,270,
101,Player 1,2202,Park Lane,9,72,
102,Player 2,5730,Go To Jail,19,270,
102,Player 2,5730,Jail,19,270,
102,Player 1,2202,Mayfair,9,72,
102,Player 1,2402,Pentonville Road,9,272,
103,Player 2,6330,Jail,19,870,
103,Player 1,2246,Marylebone Station,9,116,
104,Player 2,6280,Electric Company ,19,820,
104,Player 2,6280,Free Parking,19,820,
104,Player 1,2246,Trafalgar Square,9,116,
105,Player 2,7380,Oxford Street,19,1920,
105,Player 2,7380,Park Lane,19,1920,
105,Player 1,2211,Oxford Street,9,81,
105,Player 1,2411,Old Kent Road,9,281,
106,Player 2,7580,Chance,19,2120,
106,Player 2,7580,Pall Mall,19,2120,
106,Player 1,2345,Pentonville Road,9,215,
106,Player 1,2255,Marlborough Street,9,125,
107,Player 2,5910,Whitehall ,20,190,
107,Player 2,5910,Community Chest,20,190,
107,Player 1,1925,Trafalgar Square,8,55,
107,Player 1,0,Trafalgar Square,0,0,
1,Player 1,1500,The Angel Islington,0,1500,
1,Player 1,1500,Euston Road,1,1400,
1,Player 1,1500,Northumberland Avenue,2,1300,
1,Player 2,1500,Jail,0,1500,
1,Player 2,1500,Electric Company ,0,1500,
1,Player 2,1500,Fleet Street,1,1350,
2,Player 1,1500,Free Parking,3,1140,
2,Player 1,1500,Go To Jail,3,1140,
2,Player 1,1500,Jail,3,1140,
2,Player 2,1500,Regent Street,2,1130,
3,Player 1,1500,Jail,3,1140,
3,Player 2,1335,Liverpool Street,3,665,
4,Player 1,1450,Free Parking,3,1090,
4,Player 2,1425,Old Kent Road,4,555,
5,Player 1,1450,Coventry Street,3,1090,
5,Player 2,1425,Euston Road,5,495,
6,Player 1,1313,Chance,4,693,
6,Player 1,1313,Marylebone Station,4,693,
6,Player 2,1419,Whitehall ,5,489,
7,Player 1,1313,Fenchurch St Station,5,493,
7,Player 2,1419,Marylebone Station,6,349,
7,Player 2,1369,Leicester Square,6,299,
8,Player 1,1467,Regent Street,7,187,
8,Player 2,1395,Regent Street,6,325,
9,Player 1,1441,Super Tax,7,161,
9,Player 2,1395,Mayfair,6,325,
9,Player 2,1955,Chance,7,485,
9,Player 2,1955,GO,7,485,
10,Player 1,1541,The Angel Islington,7,261,
10,Player 2,1955,Euston Road,7,485,
10,Player 2,1949,Marylebone Station,7,479,
11,Player 1,1597,Jail,7,317,
11,Player 2,1899,The Strand,7,429,
12,Player 1,1597,Free Parking,7,317,
12,Player 2,1899,Fenchurch St Station,8,209,
13,Player 1,1537,Go To Jail,7,257,
13,Player 1,1537,Jail,7,257,
13,Player 2,1849,Liverpool Street,8,159,
14,Player 1,1537,Jail,7,257,
14,Player 2,2049,Income Tax,8,359,
15,Player 1,1487,Community Chest,7,207,
15,Player 2,1849,Electric Company ,8,159,
16,Player 1,1437,Coventry Street,7,157,
16,Player 2,1849,Trafalgar Square,8,159,
16,Player 2,2005,Regent Street,9,75,
17,Player 1,1437,Oxford Street,7,157,
17,Player 2,2005,Community Chest,9,75,
17,Player 2,2015,Mayfair,9,85,
18,Player 1,1697,Mayfair,8,117,
18,Player 2,2215,Kings Cross Station,9,285,
19,Player 1,1897,The Angel Islington,8,317,
19,Player 2,2345,Euston Road,10,215,
20,Player 1,1903,Marylebone Station,8,323,
20,Player 2,2339,Marylebone Station,10,209,
21,Player 1,1953,Free Parking,8,373,
21,Player 2,2289,Chance,10,159,
22,Player 1,1953,Coventry Street,8,373,
22,Player 2,2289,Regent Street,10,159,
23,Player 1,1953,Super Tax,8,373,
23,Player 2,2289,Liverpool Street,10,159,
24,Player 1,2053,Income Tax,8,473,
24,Player 1,1853,Northumberland Avenue,8,273,
24,Player 2,2489,Community Chest,10,359,
24,Player 2,2489,Electric Company ,10,359,
25,Player 1,1853,Leicester Square,8,273,
25,Player 1,1853,Bond Street,8,273,
25,Player 2,2633,Bow Street,11,183,
26,Player 1,2143,Old Kent Road,9,383,
26,Player 2,2635,Fenchurch St Station,11,185,
27,Player 1,2191,Jail,9,431,
27,Player 2,2585,Chance,11,135,
27,Player 2,2585,Jail,11,135,
28,Player 1,2191,Marylebone Station,9,431,
28,Player 2,2585,Jail,11,135,
29,Player 1,2191,Trafalgar Square,9,431,
29,Player 2,2575,Community Chest,11,125,
29,Player 2,2575,Old Kent Road,11,125,
30,Player 1,2151,Liverpool Street,9,391,
30,Player 2,2625,Chance,11,175,
30,Player 2,2625,Pall Mall,11,175,
31,Player 1,2343,Old Kent Road,10,443,
31,Player 1,2341,Pentonville Road,10,441,
31,Player 2,2627,Community Chest,11,177,
31,Player 2,2727,Free Parking,11,277,
32,Player 1,2341,Community Chest,11,321,
32,Player 1,2341,GO,11,321,
32,Player 2,2727,Go To Jail,11,277,
32,Player 2,2727,Jail,11,277,
33,Player 1,2341,Chance,11,321,
33,Player 2,2727,Jail,11,277,
34,Player 1,2341,Marlborough Street,11,321,
34,Player 2,2677,Community Chest,11,227,
35,Player 1,2341,Chance,12,141,
35,Player 1,2341,Vine Street,12,141,
35,Player 2,2887,Chance,12,237,
36,Player 1,2341,Piccadilly,12,141,
36,Player 2,3169,Piccadilly,13,239,
37,Player 1,2341,Chance,12,141,
37,Player 1,2341,Mayfair,12,141,
37,Player 2,3169,Liverpool Street,13,239,
38,Player 1,2541,Community Chest,12,341,
38,Player 2,3369,Kings Cross Station,13,439,
39,Player 1,2441,Jail,12,241,
39,Player 2,3369,Whitehall ,13,289,
40,Player 1,2441,Community Chest,12,241,
40,Player 2,3369,Vine Street,13,289,
41,Player 1,2461,Fleet Street,12,261,
41,Player 2,3405,Leicester Square,13,325,
42,Player 1,2425,Go To Jail,12,225,
42,Player 1,2425,Jail,12,225,
42,Player 2,3405,Community Chest,13,325,
43,Player 1,2425,Jail,12,225,
43,Player 2,3615,Old Kent Road,13,535,
44,Player 1,2375,Marlborough Street,12,175,
44,Player 2,3615,Euston Road,13,235,
45,Player 1,2387,Trafalgar Square,12,187,
45,Player 2,3703,Marylebone Station,13,173,
46,Player 1,2337,Liverpool Street,12,137,
46,Player 2,3703,The Strand,13,173,
47,Player 1,2487,GO,12,287,
47,Player 2,3703,Fenchurch St Station,13,173,
48,Player 1,2537,Income Tax,12,337,
48,Player 1,2337,Northumberland Avenue,12,137,
48,Player 1,2337,The Strand,12,137,
48,Player 2,3743,Water Works,13,213,
49,Player 1,2247,Fenchurch St Station,12,47,
49,Player 1,2247,Community Chest,12,47,
49,Player 2,3871,Liverpool Street,14,191,
50,Player 1,2247,Mayfair,12,47,
50,Player 2,4071,Income Tax,14,391,
51,Player 1,2447,Income Tax,12,247,
51,Player 2,3871,Electric Company ,14,191,
52,Player 1,2247,Pentonville Road,12,47,
52,Player 2,3871,Bow Street,14,191,
53,Player 1,2261,Electric Company ,12,61,
53,Player 2,3887,Chance,14,207,
54,Player 1,2231,Chance,12,31,
54,Player 1,2261,Coventry Street,12,61,
54,Player 2,4037,Oxford Street,14,207,
55,Player 1,2261,Bond Street,12,61,
55,Player 2,4265,GO,14,435,
56,Player 1,2433,Community Chest,12,233,
56,Player 2,4265,Pentonville Road,14,285,
57,Player 1,2364,Pentonville Road,12,164,
57,Player 2,4249,The Strand,14,269,
57,Player 2,4249,Coventry Street,14,269,
57,Player 2,4227,Jail,14,247,
58,Player 1,2386,Bow Street,12,186,
58,Player 2,4227,Jail,14,247,
59,Player 1,2386,Trafalgar Square,12,186,
59,Player 1,2266,Regent Street,12,66,
59,Player 2,4503,Marlborough Street,14,223,
60,Player 1,2254,Super Tax,12,54,
60,Player 2,4489,Fenchurch St Station,14,209,
61,Player 1,2504,The Angel Islington,12,304,
61,Player 2,4439,Community Chest,14,159,
62,Player 1,2394,Whitehall ,12,194,
62,Player 2,4849,Community Chest,14,419,
63,Player 1,2384,The Strand,12,184,
63,Player 2,4954,Pall Mall,14,524,
64,Player 1,2309,Regent Street,12,109,
64,Player 2,3770,Free Parking,14,240,
65,Player 1,2483,Whitechapel Road,12,283,
65,Player 1,2483,Euston Road,13,223,
65,Player 2,3770,Water Works,14,240,
66,Player 1,2428,Bow Street,13,168,
66,Player 1,2428,The Strand,13,168,
66,Player 2,3880,Regent Street,15,190,
67,Player 1,2268,Community Chest,12,68,
67,Player 1,2268,Jail,12,68,
67,Player 2,4080,GO,15,390,
68,Player 1,2268,Jail,12,68,
68,Player 2,4080,The Angel Islington,15,390,
69,Player 1,2218,Marylebone Station,12,18,
69,Player 2,4080,Electric Company ,15,390,
70,Player 1,2218,The Strand,12,18,
70,Player 2,5130,Chance,15,1440,
71,Player 1,2268,Coventry Street,12,68,
71,Player 1,2268,Chance,12,68,
71,Player 1,2268,Kings Cross Station,12,68,
71,Player 2,5230,Regent Street,15,1540,
72,Player 1,2218,Northumberland Avenue,12,18,
72,Player 2,5230,Mayfair,15,1540,
73,Player 1,2218,Leicester Square,12,18,
73,Player 1,2218,Chance,12,18,
73,Player 2,5430,The Angel Islington,15,1740,
74,Player 1,2403,Community Chest,12,203,
74,Player 2,5430,Northumberland Avenue,15,1740,
75,Player 1,2353,Income Tax,12,153,
75,Player 1,2353,Pall Mall,12,153,
75,Player 2,5430,Chance,15,1740,
75,Player 2,5410,Fenchurch St Station,15,1720,
76,Player 1,2348,Marlborough Street,12,148,
76,Player 2,5360,Community Chest,15,1670,
77,Player 1,2338,The Strand,12,138,
77,Player 2,6620,GO,15,2930,
78,Player 1,2238,Regent Street,12,38,
78,Player 1,2212,Park Lane,12,12,
78,Player 1,2412,Whitechapel Road,12,212,
78,Player 2,4711,Euston Road,17,371,
79,Player 1,1972,Jail,11,72,
79,Player 2,4711,Community Chest,17,371,
79,Player 2,4711,Water Works,17,371,
80,Player 1,1972,Marylebone Station,11,72,
80,Player 2,4711,Chance,17,371,
80,Player 2,4711,Marylebone Station,17,371,
81,Player 1,2022,Community Chest,11,122,
81,Player 1,2022,Old Kent Road,11,122,
81,Player 1,1952,The Angel Islington,11,52,
81,Player 2,4746,Marlborough Street,17,206,
82,Player 1,1952,Whitehall ,11,52,
82,Player 2,4756,Fleet Street,17,216,
83,Player 1,1942,Free Parking,11,42,
83,Player 2,4756,Go To Jail,17,216,
83,Player 2,4756,Jail,17,216,
84,Player 1,1942,Leicester Square,11,42,
84,Player 2,4756,Jail,17,216,
85,Player 1,1942,Chance,11,42,
85,Player 1,1942,GO,11,42,
85,Player 1,1942,Chance,11,42,
85,Player 2,4706,The Strand,17,166,
86,Player 1,1942,Marlborough Street,11,42,
86,Player 2,4706,Coventry Street,17,166,
87,Player 1,1942,Coventry Street,11,42,
87,Player 2,4706,Community Chest,17,166,
88,Player 1,1942,Liverpool Street,11,42,
88,Player 2,4856,Park Lane,17,316,
88,Player 2,5056,Old Kent Road,17,516,
89,Player 1,2142,Kings Cross Station,11,242,
89,Player 1,2092,Marylebone Station,11,192,
89,Player 2,5106,Jail,17,366,
90,Player 1,2037,Marlborough Street,11,137,
90,Player 2,5106,Community Chest,17,366,
90,Player 2,5106,GO,17,366,
91,Player 1,2037,Coventry Street,11,137,
91,Player 2,5106,Pentonville Road,17,366,
92,Player 1,2037,Liverpool Street,11,137,
92,Player 2,5156,Marlborough Street,17,216,
93,Player 1,1987,Super Tax,11,87,
93,Player 2,5156,Chance,17,216,
93,Player 2,5156,Jail,17,216,
94,Player 1,2187,Pentonville Road,11,287,
94,Player 2,5156,Jail,17,216,
95,Player 1,2066,Free Parking,11,166,
95,Player 2,5106,Vine Street,17,166,
96,Player 1,2066,Coventry Street,11,166,
96,Player 2,5106,The Strand,17,166,
96,Player 2,5106,Piccadilly,17,166,
97,Player 1,2066,Regent Street,11,166,
97,Player 1,2014,Super Tax,11,114,
97,Player 2,5158,Park Lane,17,218,
98,Player 1,2114,GO,11,214,
98,Player 1,2114,Euston Road,11,214,
98,Player 2,5358,Kings Cross Station,17,418,
99,Player 1,2114,Bow Street,11,214,
99,Player 2,5358,Pentonville Road,17,218,
99,Player 2,5342,Marlborough Street,17,202,
100,Player 1,2130,The Strand,11,230,
100,Player 2,6392,Fenchurch St Station,17,252,
101,Player 1,1990,Coventry Street,11,90,
101,Player 2,6342,Liverpool Street,17,202,
102,Player 1,1990,Chance,11,90,
102,Player 1,1990,Pall Mall,11,90,
102,Player 2,6542,Income Tax,17,402,
103,Player 1,1990,Marlborough Street,11,90,
103,Player 2,6342,Whitehall ,17,202,
104,Player 1,1990,Trafalgar Square,11,90,
104,Player 1,0,Trafalgar Square,0,0,
1,Player 1,1500,Electric Company ,0,1500,
1,Player 1,1500,Vine Street,1,1350,
1,Player 2,1500,Pall Mall,0,1500,
2,Player 1,1500,Coventry Street,2,1150,
2,Player 2,1500,Chance,1,1360,
2,Player 2,1500,GO,1,1360,
3,Player 1,1500,Go To Jail,3,890,
3,Player 1,1500,Jail,3,890,
3,Player 2,1500,Chance,1,1360,
3,Player 2,1500,Jail,1,1360,
4,Player 1,1500,Jail,3,890,
4,Player 2,1500,Jail,1,1360,
5,Player 1,1450,Community Chest,3,840,
5,Player 2,1450,Community Chest,1,1310,
5,Player 2,1450,Water Works,1,1310,
6,Player 1,1650,Trafalgar Square,3,1040,
6,Player 2,1450,Bond Street,2,1160,
7,Player 1,1650,Water Works,4,800,
7,Player 1,1634,Liverpool Street,4,784,
7,Player 2,1666,Kings Cross Station,3,1056,
8,Player 1,1834,Old Kent Road,5,784,
8,Player 2,1666,Jail,4,856,
9,Player 1,1834,Euston Road,6,724,
9,Player 2,1666,Marlborough Street,4,856,
10,Player 1,1834,Pall Mall,7,624,
10,Player 2,1676,Piccadilly,5,686,
11,Player 1,1824,Community Chest,7,614,
11,Player 1,1824,Jail,7,614,
11,Player 2,1676,Liverpool Street,6,406,
11,Player 2,1851,Whitechapel Road,6,581,
12,Player 1,1309,Jail,8,39,
12,Player 1,1309,Electric Company ,8,39,
12,Player 2,1791,The Angel Islington,6,521,
13,Player 1,1309,Marylebone Station,8,39,
13,Player 2,1971,Marylebone Station,8,401,
14,Player 1,1309,Chance,8,39,
14,Player 2,1971,Chance,8,401,
15,Player 1,1334,Regent Street,8,64,
15,Player 2,2226,Leicester Square,9,356,
16,Player 1,1534,GO,8,264,
16,Player 2,2447,Community Chest,10,317,
17,Player 1,1534,Income Tax,8,264,
17,Player 2,2597,Old Kent Road,10,467,
18,Player 1,1383,Pall Mall,8,113,
18,Player 2,2605,Jail,10,475,
19,Player 1,1373,Bow Street,8,103,
19,Player 2,2722,Marlborough Street,11,412,
20,Player 1,1373,Trafalgar Square,8,103,
20,Player 2,2722,Leicester Square,11,412,
21,Player 1,1373,Liverpool Street,8,103,
21,Player 2,2722,Community Chest,11,412,
22,Player 1,1573,GO,8,303,
22,Player 2,2822,Mayfair,11,512,
23,Player 1,1491,The Angel Islington,8,221,
23,Player 2,3288,The Angel Islington,12,578,
24,Player 1,1485,Whitehall ,8,215,
24,Player 2,3323,Northumberland Avenue,13,473,
24,Player 2,3323,Free Parking,14,313,
25,Player 1,1485,The Strand,8,215,
25,Player 2,3422,Oxford Street,15,192,
25,Player 2,3617,Chance,16,87,
25,Player 2,3617,Mayfair,16,87,
26,Player 1,1485,Piccadilly,8,215,
26,Player 2,3839,Kings Cross Station,16,309,
27,Player 1,1463,Park Lane,8,193,
27,Player 2,4069,Bow Street,17,189,
28,Player 1,1663,GO,8,393,
28,Player 2,4069,The Strand,17,189,
29,Player 1,1553,Chance,8,283,
29,Player 1,1553,Marylebone Station,8,283,
29,Player 2,4119,Water Works,17,239,
30,Player 1,1503,Fleet Street,8,233,
30,Player 2,4119,Oxford Street,17,239,
30,Player 2,4119,Park Lane,17,239,
31,Player 1,1591,Go To Jail,9,101,
31,Player 1,1591,Jail,9,101,
31,Player 2,4319,GO,17,439,
32,Player 1,1591,Jail,9,101,
32,Player 2,4319,Pall Mall,17,239,
33,Player 1,1541,Community Chest,9,51,
33,Player 1,1541,GO,9,51,
33,Player 2,4319,Free Parking,17,239,
34,Player 1,1541,The Angel Islington,9,51,
34,Player 2,4325,Piccadilly,17,245,
35,Player 1,1535,Pentonville Road,9,45,
35,Player 2,4415,Mayfair,18,215,
35,Player 2,4615,Kings Cross Station,18,415,
36,Player 1,1535,Whitehall ,9,45,
36,Player 2,4635,Whitehall ,18,235,
37,Player 1,1515,Chance,9,25,
37,Player 1,1515,Fenchurch St Station,9,25,
37,Player 2,4815,Marlborough Street,19,215,
38,Player 1,1515,Regent Street,9,25,
38,Player 2,4867,Trafalgar Square,19,267,
39,Player 1,1758,GO,9,268,
39,Player 2,4847,Piccadilly,19,247,
40,Player 1,1758,Chance,9,268,
40,Player 2,4847,Chance,19,247,
41,Player 1,1726,Community Chest,9,236,
41,Player 1,1726,Old Kent Road,9,236,
41,Player 2,4997,GO,19,397,
41,Player 2,4997,Euston Road,19,397,
42,Player 1,1732,Jail,9,242,
42,Player 2,4991,Bow Street,19,391,
43,Player 1,1732,Vine Street,9,242,
43,Player 2,4991,Free Parking,19,391,
44,Player 1,1732,Water Works,9,242,
44,Player 2,5027,Oxford Street,19,227,
44,Player 2,5227,Old Kent Road,19,427,
45,Player 1,1698,Chance,9,208,
45,Player 1,1878,Community Chest,9,388,
45,Player 2,5215,Pentonville Road,19,215,
46,Player 1,1888,Jail,9,98,
46,Player 1,1888,Vine Street,9,98,
46,Player 2,5215,Marlborough Street,19,215,
47,Player 1,1888,Trafalgar Square,9,98,
47,Player 2,5215,Trafalgar Square,19,215,
48,Player 1,1908,Community Chest,9,68,
48,Player 2,5195,Oxford Street,19,195,
49,Player 1,1933,Chance,9,93,
49,Player 1,1933,Community Chest,9,93,
49,Player 2,5395,Whitechapel Road,19,395,
50,Player 1,2273,GO,9,533,
50,Player 2,5075,Jail,19,75,
51,Player 1,2073,Whitechapel Road,9,483,
51,Player 2,5075,Marlborough Street,19,75,
52,Player 1,2073,Electric Company ,9,483,
52,Player 2,5075,Fenchurch St Station,19,75,
53,Player 1,2073,Marylebone Station,9,483,
53,Player 2,5175,Regent Street,19,175,
54,Player 1,1973,Fenchurch St Station,9,383,
54,Player 2,5275,Mayfair,19,275,
54,Player 2,5475,Chance,19,475,
55,Player 1,1873,Community Chest,9,283,
55,Player 2,5460,Bow Street,19,260,
56,Player 1,2123,GO,9,533,
56,Player 2,5460,Free Parking,19,260,
57,Player 1,2123,The Angel Islington,9,533,
57,Player 2,5466,Water Works,19,266,
58,Player 1,2117,Pall Mall,9,527,
58,Player 2,5686,GO,19,486,
58,Player 2,5686,Kings Cross Station,19,486,
59,Player 1,2097,Free Parking,9,507,
59,Player 2,5686,Whitehall ,19,286,
60,Player 1,2097,Piccadilly,9,507,
60,Player 2,5708,Vine Street,19,308,
61,Player 1,2091,Super Tax,9,501,
61,Player 2,5692,Fleet Street,19,292,
61,Player 2,5674,Regent Street,19,274,
62,Player 1,2209,Jail,9,619,
62,Player 1,2209,Northumberland Avenue,9,619,
62,Player 1,2185,Fenchurch St Station,9,595,
62,Player 2,5998,GO,19,598,
63,Player 1,2085,Liverpool Street,9,495,
63,Player 2,5998,Electric Company ,19,398,
63,Player 2,5950,Vine Street,19,350,
64,Player 1,2349,The Angel Islington,9,759,
64,Player 2,5940,Water Works,19,340,
65,Player 1,2343,Electric Company ,9,753,
65,Player 2,5940,Community Chest,19,340,
66,Player 1,2343,Fleet Street,9,753,
66,Player 2,5840,Super Tax,19,240,
67,Player 1,2343,Oxford Street,9,753,
67,Player 2,5992,Old Kent Road,19,392,
68,Player 1,2741,GO,9,1151,
68,Player 2,5742,Whitechapel Road,19,142,
68,Player 2,5697,Jail,19,97,
69,Player 1,1841,Income Tax,10,101,
69,Player 1,1841,Pall Mall,10,101,
69,Player 2,5547,Northumberland Avenue,18,97,
70,Player 1,1841,Community Chest,10,101,
70,Player 1,1851,Leicester Square,10,111,
70,Player 2,5569,Community Chest,18,119,
71,Player 1,1829,Regent Street,10,89,
71,Player 2,5571,Coventry Street,18,121,
71,Player 2,5549,Super Tax,18,99,
72,Player 1,1799,Bond Street,10,59,
72,Player 2,5749,Old Kent Road,18,299,
73,Player 1,1967,Mayfair,10,227,
73,Player 1,0,Mayfair,0,0,
1,Player 1,1500,Chance,0,1500,
1,Player 2,1500,Pentonville Road,0,1500,
2,Player 1,1500,Northumberland Avenue,0,1500,
2,Player 2,1500,The Strand,1,1380,
2,Player 2,1500,Oxford Street,2,1160,
3,Player 1,1500,The Strand,1,1340,
3,Player 2,1718,Old Kent Road,3,1078,
4,Player 1,1482,Leicester Square,1,1322,
4,Player 2,1718,Jail,4,1018,
5,Player 1,1482,Community Chest,2,1062,
5,Player 2,1708,Bow Street,4,1008,
6,Player 1,1692,GO,2,1272,
6,Player 2,1708,Fleet Street,5,828,
7,Player 1,1692,Income Tax,2,1272,
7,Player 2,1708,Water Works,6,608,
8,Player 1,1523,Electric Company ,2,1103,
8,Player 2,1708,Liverpool Street,7,458,
9,Player 1,1523,The Strand,3,953,
9,Player 2,1926,Old Kent Road,8,476,
10,Player 1,1505,Piccadilly,3,935,
10,Player 2,1926,Pall Mall,8,476,
11,Player 1,1505,Chance,4,655,
11,Player 2,1926,The Strand,9,336,
11,Player 2,1926,Water Works,9,336,
12,Player 1,1685,Kings Cross Station,4,835,
12,Player 2,2126,GO,9,536,
12,Player 2,2126,Chance,9,536,
12,Player 2,2126,Income Tax,9,536,
13,Player 1,1685,Northumberland Avenue,5,635,
13,Player 2,1926,Euston Road,9,336,
14,Player 1,1685,Free Parking,5,635,
14,Player 2,1926,Vine Street,10,236,
15,Player 1,1745,Trafalgar Square,6,495,
15,Player 2,1926,Fenchurch St Station,10,236,
16,Player 1,1825,Piccadilly,8,135,
16,Player 2,1926,Bond Street,10,236,
17,Player 1,2025,Old Kent Road,8,335,
17,Player 1,2023,Euston Road,8,333,
17,Player 2,2374,Kings Cross Station,11,364,
18,Player 1,2067,Marylebone Station,8,377,
18,Player 2,2324,Electric Company ,11,314,
19,Player 1,2095,Chance,9,205,
19,Player 2,2296,The Strand,11,286,
20,Player 1,2080,Community Chest,9,190,
20,Player 2,2296,Water Works,11,286,
21,Player 1,2305,Community Chest,9,415,
21,Player 2,2296,Liverpool Street,11,286,
22,Player 1,2325,Northumberland Avenue,9,435,
22,Player 1,2325,Free Parking,9,435,
22,Player 2,2496,Chance,11,486,
22,Player 2,2496,Pall Mall,11,486,
22,Player 2,2496,Bow Street,11,486,
23,Player 1,2325,Regent Street,9,435,
23,Player 2,2571,Fleet Street,12,261,
24,Player 1,2525,Old Kent Road,9,635,
24,Player 2,2573,Oxford Street,12,263,
25,Player 1,2523,Pentonville Road,9,633,
25,Player 2,2581,Super Tax,12,271,
26,Player 1,2515,Whitehall ,9,625,
26,Player 1,2515,The Strand,10,485,
26,Player 2,2699,Chance,12,389,
27,Player 1,2497,Coventry Street,10,467,
27,Player 1,2497,Oxford Street,11,207,
27,Player 2,2901,Jail,12,391,
28,Player 1,2445,Park Lane,11,155,
28,Player 2,3165,Marlborough Street,13,305,
29,Player 1,2645,Community Chest,11,355,
29,Player 2,3165,Water Works,14,125,
30,Player 1,2695,The Angel Islington,11,255,
30,Player 2,3165,Bond Street,14,125,
31,Player 1,2695,Whitehall ,12,155,
31,Player 2,3365,Community Chest,14,325,
32,Player 1,2695,Vine Street,12,155,
32,Player 2,3265,Pentonville Road,14,225,
33,Player 1,2695,Leicester Square,12,155,
33,Player 2,3265,Northumberland Avenue,14,225,
34,Player 1,2707,Liverpool Street,12,167,
34,Player 2,3278,Trafalgar Square,14,238,
35,Player 1,2902,Kings Cross Station,12,362,
35,Player 2,3258,Community Chest,14,218,
36,Player 1,2902,Bow Street,12,212,
36,Player 2,3282,Chance,14,242,
37,Player 1,2888,Chance,12,198,
37,Player 1,2888,GO,12,198,
37,Player 2,3582,Chance,14,542,
37,Player 2,3582,Jail,14,542,
38,Player 1,2888,Pentonville Road,12,198,
38,Player 2,3590,Jail,14,350,
39,Player 1,2880,Northumberland Avenue,12,190,
39,Player 2,3540,Northumberland Avenue,14,300,
40,Player 1,2892,Free Parking,12,202,
40,Player 2,3528,Vine Street,14,288,
41,Player 1,2908,Coventry Street,12,218,
41,Player 2,3512,Coventry Street,14,272,
42,Player 1,3018,Liverpool Street,12,178,
42,Player 2,3427,Chance,14,187,
43,Player 1,2993,Super Tax,12,153,
43,Player 2,3477,Community Chest,14,237,
44,Player 1,3093,The Angel Islington,12,253,
44,Player 2,3427,Pentonville Road,14,187,
45,Player 1,3093,Electric Company ,12,253,
45,Player 1,3093,The Strand,12,253,
45,Player 2,3445,Bow Street,14,205,
46,Player 1,3075,Coventry Street,12,235,
46,Player 2,3445,Vine Street,14,205,
47,Player 1,3091,Community Chest,12,251,
47,Player 2,3429,Coventry Street,14,189,
48,Player 1,3501,Community Chest,12,361,
48,Player 2,3319,Go To Jail,14,79,
48,Player 2,3319,Jail,14,79,
49,Player 1,3701,Whitehall ,12,261,
49,Player 2,3319,Jail,14,79,
50,Player 1,3701,The Strand,12,261,
50,Player 2,3287,Free Parking,14,47,
51,Player 1,3683,Piccadilly,12,243,
51,Player 2,3287,Chance,14,47,
51,Player 2,3267,Piccadilly,14,27,
52,Player 1,4043,Liverpool Street,12,153,
52,Player 2,3282,Oxford Street,14,42,
53,Player 1,4018,Mayfair,12,128,
53,Player 2,3482,Old Kent Road,14,242,
54,Player 1,4578,Whitechapel Road,13,288,
54,Player 2,3449,Pentonville Road,14,209,
55,Player 1,4578,Pentonville Road,14,228,
55,Player 2,3449,Vine Street,14,209,
56,Player 1,4594,Marylebone Station,14,244,
56,Player 2,3433,Leicester Square,14,193,
57,Player 1,4854,Fleet Street,15,294,
57,Player 2,3198,Regent Street,13,18,
58,Player 1,4821,Regent Street,15,261,
58,Player 2,3328,Community Chest,13,148,
58,Player 2,3328,Electric Company ,13,148,
58,Player 2,3320,Vine Street,13,140,
59,Player 1,4715,Bond Street,15,155,
59,Player 2,3388,Fenchurch St Station,13,208,
60,Player 1,4865,Income Tax,15,305,
60,Player 2,3288,Liverpool Street,13,108,
61,Player 1,4665,Pall Mall,15,105,
61,Player 2,3498,The Angel Islington,13,318,
62,Player 1,4661,Marylebone Station,15,101,
62,Player 2,3410,Pentonville Road,13,230,
63,Player 1,4661,Fenchurch St Station,15,101,
63,Player 2,3410,The Strand,13,230,
63,Player 2,3410,Coventry Street,13,230,
64,Player 1,4636,Oxford Street,15,276,
64,Player 2,3200,Oxford Street,13,20,
65,Player 1,4836,GO,15,476,
65,Player 2,3400,Income Tax,13,220,
65,Player 2,3200,Whitehall ,13,20,
66,Player 1,3646,Pentonville Road,15,186,
66,Player 2,3190,Bow Street,13,10,
67,Player 1,3646,Whitehall ,15,186,
67,Player 1,3646,Free Parking,15,186,
67,Player 2,3190,Chance,13,10,
67,Player 2,3190,Mayfair,13,10,
68,Player 1,3696,Piccadilly,15,236,
68,Player 2,3400,Chance,13,220,
68,Player 2,3400,Marylebone Station,13,220,
69,Player 1,3796,Bond Street,15,336,
69,Player 2,3384,Marlborough Street,13,204,
70,Player 1,3646,Chance,15,186,
70,Player 1,3646,Kings Cross Station,15,186,
70,Player 1,3646,Bow Street,15,186,
70,Player 2,3384,Leicester Square,13,204,
71,Player 1,4796,Fleet Street,15,1336,
71,Player 2,2849,Bond Street,13,69,
72,Player 1,4796,Community Chest,15,1336,
72,Player 1,4796,Jail,15,1336,
72,Player 2,3049,Old Kent Road,13,269,
73,Player 1,3786,Jail,16,186,
73,Player 2,2659,Jail,12,19,
74,Player 1,3736,Marlborough Street,16,136,
74,Player 2,2673,Free Parking,12,33,
75,Player 1,3722,Chance,16,122,
75,Player 2,2673,Trafalgar Square,12,33,
76,Player 1,3792,Piccadilly,16,192,
76,Player 2,2653,Regent Street,12,13,
77,Player 1,3792,Liverpool Street,16,192,
77,Player 2,2678,Park Lane,12,38,
78,Player 1,3967,Chance,16,367,
78,Player 1,4072,Whitehall ,16,22,
78,Player 2,2878,Kings Cross Station,12,238,
79,Player 1,4172,Fenchurch St Station,16,122,
79,Player 1,4172,Regent Street,16,122,
79,Player 2,2775,Jail,12,135,
80,Player 1,4120,Chance,16,70,
80,Player 2,2775,Northumberland Avenue,12,135,
81,Player 1,4300,Kings Cross Station,16,250,
81,Player 2,2775,The Strand,12,135,
82,Player 1,4300,Community Chest,16,250,
82,Player 1,4250,Leicester Square,16,200,
82,Player 2,2775,Leicester Square,12,135,
83,Player 1,4460,Regent Street,16,160,
83,Player 2,2757,Bond Street,12,117,
84,Player 1,4408,Park Lane,16,108,
84,Player 2,2957,Community Chest,12,317,
84,Player 2,3057,Euston Road,12,417,
85,Player 1,4608,Kings Cross Station,16,308,
85,Player 2,2854,Northumberland Avenue,12,214,
86,Player 1,5108,Jail,16,408,
86,Player 2,2674,The Strand,12,34,
87,Player 1,4708,Marlborough Street,16,208,
87,Player 2,2688,Piccadilly,12,48,
87,Player 2,2718,Bond Street,12,78,
88,Player 1,5094,Fenchurch St Station,16,1194,
88,Player 2,2918,Old Kent Road,12,278,
89,Player 1,5344,Regent Street,16,1444,
89,Player 2,2668,Kings Cross Station,12,28,
90,Player 1,4094,Super Tax,17,44,
90,Player 2,2588,Jail,11,98,
91,Player 1,4294,Kings Cross Station,17,244,
91,Player 2,2588,Free Parking,11,98,
92,Player 1,4294,Marylebone Station,17,244,
92,Player 2,2588,Go To Jail,11,98,
92,Player 2,2588,Jail,11,98,
93,Player 1,4294,Vine Street,17,244,
93,Player 2,2588,Jail,11,98,
94,Player 1,4294,Go To Jail,17,244,
94,Player 1,4294,Jail,17,244,
94,Player 2,2538,Northumberland Avenue,11,48,
94,Player 2,2618,Leicester Square,11,128,
94,Player 2,2623,Park Lane,11,133,
95,Player 1,4462,Jail,18,212,
95,Player 2,2623,Kings Cross Station,10,333,
96,Player 1,4612,Marlborough Street,18,362,
96,Player 1,4598,Coventry Street,18,348,
96,Player 2,2437,Whitehall ,10,147,
97,Player 1,5238,Park Lane,18,988,
97,Player 1,5438,Euston Road,18,1188,
97,Player 2,2417,Bow Street,10,127,
98,Player 1,5438,Marlborough Street,18,1188,
98,Player 1,5424,Leicester Square,18,1174,
98,Player 2,2431,Fenchurch St Station,10,141,
99,Player 1,5624,Bond Street,18,1374,
99,Player 2,2291,Coventry Street,10,1,
99,Player 2,0,Coventry Street,0,0,
99,Player 2,0,Community Chest,0,0,
99,Player 2,0,GO,0,0,
99,Player 2,0,Jail,0,0,
1,Player 2,1500,Pentonville Road,0,1500,
1,Player 1,1500,Euston Road,0,1500,
2,Player 2,1500,Marylebone Station,1,1380,
2,Player 2,1500,Coventry Street,2,1180,
2,Player 2,1500,Go To Jail,3,920,
2,Player 2,1500,Jail,3,920,
2,Player 1,1500,Northumberland Avenue,1,1400,
2,Player 1,1500,Trafalgar Square,2,1240,
3,Player 2,1500,Jail,3,920,
3,Player 1,1500,Piccadilly,3,1000,
4,Player 2,1450,Marylebone Station,3,870,
4,Player 1,1500,Mayfair,4,720,
4,Player 1,1700,Euston Road,5,520,
5,Player 2,1450,Fleet Street,3,870,
5,Player 2,1450,Water Works,4,650,
5,Player 1,1700,Northumberland Avenue,5,520,
6,Player 2,1450,Bond Street,5,500,
6,Player 1,1780,Trafalgar Square,6,280,
7,Player 2,1650,Old Kent Road,5,700,
7,Player 1,1780,Water Works,6,280,
8,Player 2,1666,Euston Road,6,656,
8,Player 1,1770,Community Chest,6,270,
8,Player 1,1770,Old Kent Road,6,270,
9,Player 2,1662,Marylebone Station,6,652,
9,Player 1,1768,Chance,6,268,
9,Player 1,1768,Income Tax,6,268,
9,Player 1,1592,Electric Company ,6,92,
9,Player 1,1592,Bow Street,6,92,
10,Player 2,1881,Chance,8,541,
10,Player 1,1592,Leicester Square,6,92,
11,Player 2,2239,Oxford Street,9,639,
11,Player 1,1592,Regent Street,6,92,
12,Player 2,2479,Mayfair,11,279,
12,Player 1,1842,Community Chest,6,342,
13,Player 2,2619,Pentonville Road,11,419,
13,Player 1,1852,Pentonville Road,6,352,
14,Player 2,2627,Northumberland Avenue,11,427,
14,Player 1,1856,Vine Street,6,356,
15,Player 2,2635,Chance,12,235,
15,Player 1,1856,Fleet Street,6,356,
16,Player 2,2753,Piccadilly,12,353,
16,Player 1,1860,Oxford Street,6,360,
17,Player 2,2757,Chance,12,357,
17,Player 2,2757,Jail,12,357,
17,Player 1,2034,Income Tax,6,534,
17,Player 1,1834,Euston Road,6,334,
17,Player 1,1834,Marylebone Station,6,334,
18,Player 2,2782,Jail,12,382,
18,Player 1,1809,Marlborough Street,6,309,
19,Player 2,2750,Community Chest,13,170,
19,Player 1,1809,Fenchurch St Station,6,309,
20,Player 2,2990,Fenchurch St Station,14,210,
20,Player 1,1809,Chance,6,309,
20,Player 1,1809,GO,6,309,
21,Player 2,2990,Chance,14,210,
21,Player 2,2990,Pall Mall,14,210,
21,Player 1,1844,Whitechapel Road,7,204,
22,Player 2,2990,Bow Street,14,210,
22,Player 1,1844,Pentonville Road,8,144,
23,Player 2,2998,Free Parking,14,218,
23,Player 2,2998,Coventry Street,14,218,
23,Player 1,1836,Vine Street,8,136,
24,Player 2,3030,Community Chest,14,250,
24,Player 2,3180,GO,14,400,
24,Player 1,1804,Leicester Square,8,104,
25,Player 2,3202,Pall Mall,14,122,
25,Player 1,1792,Piccadilly,8,92,
26,Player 2,3192,Free Parking,14,112,
26,Player 1,1792,Chance,8,92,
27,Player 2,3192,Go To Jail,14,112,
27,Player 2,3192,Jail,14,112,
27,Player 1,1972,The Angel Islington,8,272,
27,Player 1,1972,Whitehall ,9,172,
28,Player 2,3192,Jail,14,112,
28,Player 1,2063,Fenchurch St Station,10,123,
28,Player 1,2013,Community Chest,10,73,
29,Player 2,3192,Free Parking,14,112,
29,Player 2,3192,Piccadilly,14,112,
29,Player 1,2135,Super Tax,10,195,
30,Player 2,3370,GO,14,290,
30,Player 1,2235,Income Tax,10,295,
30,Player 1,2035,Electric Company ,10,95,
30,Player 1,1955,Vine Street,10,15,
31,Player 2,3670,Euston Road,14,290,
31,Player 1,1985,Fenchurch St Station,10,45,
31,Player 1,1985,Regent Street,10,45,
31,Player 1,1959,Mayfair,10,19,
32,Player 2,3746,Community Chest,14,166,
32,Player 1,2159,Pentonville Road,10,219,
32,Player 1,2151,Electric Company ,10,211,
33,Player 2,3834,Trafalgar Square,14,154,
33,Player 1,2121,Trafalgar Square,10,181,
33,Player 1,2121,Piccadilly,10,181,
34,Player 2,3834,Water Works,14,154,
34,Player 2,3834,Community Chest,14,154,
34,Player 1,2121,Bond Street,10,181,
35,Player 2,3784,Liverpool Street,14,104,
35,Player 2,3984,The Angel Islington,14,304,
35,Player 1,2457,Old Kent Road,11,317,
36,Player 2,3980,Pentonville Road,14,100,
36,Player 1,2400,Kings Cross Station,11,260,
37,Player 2,3980,Pall Mall,14,100,
37,Player 2,3960,Free Parking,14,80,
37,Player 1,2570,Marylebone Station,12,230,
38,Player 2,4010,Piccadilly,14,130,
38,Player 1,2542,Free Parking,12,202,
39,Player 2,3988,Park Lane,14,108,
39,Player 1,2840,Coventry Street,13,150,
40,Player 2,4210,Chance,14,330,
40,Player 1,2818,Bond Street,13,128,
41,Player 2,4060,Jail,14,180,
41,Player 1,3018,Old Kent Road,13,328,
42,Player 2,4062,Marlborough Street,14,182,
42,Player 1,2928,Jail,13,238,
43,Player 2,4062,Fleet Street,14,182,
43,Player 1,2928,Marylebone Station,13,238,
44,Player 2,4112,Piccadilly,14,132,
44,Player 1,2900,Fleet Street,13,210,
44,Player 1,2882,Community Chest,13,192,
45,Player 2,4108,Super Tax,14,128,
45,Player 1,2982,Whitechapel Road,13,292,
45,Player 1,2982,Pentonville Road,13,292,
46,Player 2,4216,Whitechapel Road,14,236,
46,Player 1,2978,Vine Street,13,288,
47,Player 2,3472,Pentonville Road,15,332,
47,Player 1,2668,Water Works,12,38,
48,Player 2,3562,Community Chest,15,72,
48,Player 2,3562,Jail,15,72,
48,Player 1,2708,Oxford Street,12,78,
49,Player 2,3588,Jail,15,98,
49,Player 1,2682,Liverpool Street,12,52,
50,Player 2,3538,Marlborough Street,15,48,
50,Player 1,2882,Kings Cross Station,12,252,
50,Player 1,2882,Electric Company ,12,252,
51,Player 2,3608,Trafalgar Square,15,118,
51,Player 1,2812,Marylebone Station,12,182,
52,Player 2,3658,Go To Jail,15,168,
52,Player 2,3658,Jail,15,168,
52,Player 1,2762,Free Parking,12,132,
53,Player 2,3658,Jail,15,168,
53,Player 1,2762,Coventry Street,12,132,
54,Player 2,3630,Northumberland Avenue,15,140,
54,Player 1,2740,Super Tax,12,110,
55,Player 2,3630,Chance,15,140,
55,Player 2,3630,Fenchurch St Station,15,140,
55,Player 1,2840,Kings Cross Station,12,210,
56,Player 2,3630,Oxford Street,15,140,
56,Player 1,2785,Community Chest,12,155,
56,Player 1,2795,Leicester Square,12,165,
57,Player 2,3652,Super Tax,15,162,
57,Player 1,2773,Water Works,12,143,
57,Player 1,2753,Bond Street,12,123,
57,Player 1,2953,Whitechapel Road,12,323,
58,Player 2,3892,The Angel Islington,15,502,
58,Player 1,2639,Pall Mall,12,9,
59,Player 2,3686,Northumberland Avenue,15,446,
59,Player 1,2639,The Strand,12,9,
59,Player 1,2639,Piccadilly,12,9,
60,Player 2,3884,The Strand,16,424,
60,Player 1,2639,Chance,12,9,
61,Player 2,3884,Go To Jail,16,424,
61,Player 2,3884,Jail,16,424,
61,Player 1,2874,GO,12,244,
62,Player 2,3884,Jail,16,424,
62,Player 1,2819,Chance,12,189,
62,Player 1,2819,Marylebone Station,12,189,
63,Player 2,3884,Vine Street,16,424,
63,Player 1,2769,Free Parking,12,139,
64,Player 2,3884,Fleet Street,16,424,
64,Player 1,2769,Regent Street,12,139,
65,Player 2,3910,Go To Jail,16,450,
65,Player 2,3910,Jail,16,450,
65,Player 1,2743,Bond Street,12,113,
66,Player 2,3910,Jail,16,450,
66,Player 1,2943,Whitechapel Road,12,313,
67,Player 2,4310,Northumberland Avenue,16,850,
67,Player 1,2743,Pentonville Road,12,113,
68,Player 2,4318,Community Chest,16,858,
68,Player 2,4318,GO,16,858,
68,Player 1,2735,Marlborough Street,12,105,
69,Player 2,5268,Income Tax,16,1808,
69,Player 1,2655,Fenchurch St Station,12,25,
70,Player 2,5118,The Angel Islington,16,1658,
70,Player 2,5118,Euston Road,16,1658,
70,Player 2,5118,Jail,16,1658,
70,Player 1,2655,Oxford Street,12,25,
71,Player 2,5144,Jail,16,1684,
71,Player 1,2679,Super Tax,12,49,
72,Player 2,5094,Whitehall ,16,1634,
72,Player 1,2899,The Angel Islington,12,269,
72,Player 1,2899,Northumberland Avenue,12,269,
73,Player 2,5074,The Strand,16,1614,
73,Player 1,2789,The Strand,12,159,
74,Player 2,5092,Leicester Square,16,1632,
74,Player 1,2771,Regent Street,12,141,
74,Player 1,2745,Super Tax,12,115,
75,Player 2,5118,Piccadilly,16,1658,
75,Player 1,2845,Pentonville Road,12,215,
76,Player 2,5126,Mayfair,16,1666,
76,Player 1,2837,Marylebone Station,12,207,
77,Player 2,5376,Jail,16,1916,
77,Player 1,2787,Chance,12,157,
78,Player 2,5376,Vine Street,16,1916,
78,Player 1,2837,Piccadilly,12,207,
79,Player 2,5376,Go To Jail,16,1916,
79,Player 2,5376,Jail,16,1916,
79,Player 1,2837,Park Lane,12,207,
80,Player 2,5376,Jail,16,1916,
80,Player 1,3037,Whitechapel Road,12,407,
81,Player 2,5776,Whitehall ,16,2316,
81,Player 1,2657,Jail,12,27,
82,Player 2,5756,Marlborough Street,16,2296,
82,Player 1,2657,Marylebone Station,12,27,
83,Player 2,5806,Fleet Street,16,2346,
83,Player 1,2657,Marlborough Street,12,27,
84,Player 2,3876,Go To Jail,17,96,
84,Player 2,3876,Jail,17,96,
84,Player 1,2327,Chance,11,17,
85,Player 2,3876,Jail,17,96,
85,Player 1,2327,Water Works,11,17,
85,Player 1,2317,Park Lane,11,7,
86,Player 2,3886,Marylebone Station,17,106,
86,Player 1,2517,Kings Cross Station,11,207,
87,Player 2,3886,Free Parking,17,106,
87,Player 1,2462,Whitehall ,11,152,
87,Player 1,2462,Free Parking,11,152,
88,Player 2,3886,Piccadilly,17,106,
88,Player 1,2462,Piccadilly,11,152,
89,Player 2,3886,Liverpool Street,17,106,
89,Player 1,2457,Oxford Street,11,147,
90,Player 2,4088,Community Chest,17,308,
90,Player 1,2605,GO,11,295,
90,Player 1,2605,Kings Cross Station,11,295,
91,Player 2,4188,Pentonville Road,17,208,
91,Player 1,2528,Pall Mall,11,218,
91,Player 1,2528,Community Chest,11,218,
91,Player 1,2528,Water Works,11,218,
92,Player 2,4248,Whitehall ,17,268,
92,Player 1,2668,GO,11,358,
92,Player 1,2668,Kings Cross Station,11,358,
93,Player 2,4248,Chance,17,268,
93,Player 1,2591,Whitehall ,11,281,
94,Player 2,4033,Go To Jail,17,53,
94,Player 2,4033,Jail,17,53,
94,Player 1,2591,Bow Street,11,281,
95,Player 2,4543,Jail,17,363,
95,Player 1,2351,The Strand,11,41,
96,Player 2,4511,Marlborough Street,17,331,
96,Player 1,2333,Water Works,11,23,
97,Player 2,4581,Leicester Square,17,201,
97,Player 2,4581,Community Chest,17,201,
97,Player 1,2313,Super Tax,11,3,
98,Player 2,4801,Whitechapel Road,17,421,
98,Player 2,4801,Kings Cross Station,17,421,
98,Player 2,4751,Jail,17,371,
98,Player 1,2563,Community Chest,11,253,
99,Player 2,4751,Vine Street,17,371,
99,Player 1,2478,Jail,11,168,
100,Player 2,4751,Coventry Street,17,371,
100,Player 1,2478,Whitehall ,11,168,
101,Player 2,4751,Bond Street,17,371,
101,Player 1,2478,Trafalgar Square,11,168,
102,Player 2,4951,GO,17,571,
102,Player 1,2478,Oxford Street,11,168,
103,Player 2,5081,Pentonville Road,17,301,
103,Player 1,2548,Old Kent Road,11,238,
104,Player 2,5331,Bow Street,17,351,
104,Player 1,2348,Pall Mall,11,38,
105,Player 2,5331,Fleet Street,17,351,
105,Player 1,2348,Marylebone Station,11,38,
106,Player 2,5381,Go To Jail,17,201,
106,Player 2,5381,Jail,17,201,
106,Player 1,2348,Chance,11,38,
106,Player 1,2348,Mayfair,11,38,
107,Player 2,5381,Jail,17,201,
107,Player 1,2548,The Angel Islington,11,238,
108,Player 2,5331,Community Chest,17,151,
108,Player 2,5331,Old Kent Road,17,151,
108,Player 1,2493,Pall Mall,11,183,
109,Player 2,5331,Jail,17,151,
109,Player 1,2493,Marlborough Street,11,183,
110,Player 2,6105,Community Chest,17,325,
110,Player 1,2313,Leicester Square,11,3,
111,Player 2,6137,Leicester Square,17,357,
111,Player 1,2341,Piccadilly,11,31,
112,Player 2,6137,Chance,17,357,
112,Player 2,6137,Community Chest,17,357,
112,Player 1,2341,Super Tax,11,31,
113,Player 2,6337,Park Lane,17,357,
113,Player 1,2576,The Angel Islington,11,266,
113,Player 1,2576,Euston Road,11,266,
113,Player 1,2576,Jail,11,266,
114,Player 2,6302,Mayfair,17,322,
114,Player 2,6502,Kings Cross Station,17,522,
114,Player 1,2516,Jail,11,206,
115,Player 2,6452,Electric Company ,17,272,
115,Player 1,2466,Marylebone Station,11,156,
116,Player 2,6502,Free Parking,17,322,
116,Player 1,2416,Chance,11,106,
117,Player 2,6502,Go To Jail,17,322,
117,Player 2,6502,Jail,17,322,
117,Player 1,2566,Regent Street,11,256,
118,Player 2,5202,Jail,17,822,
118,Player 1,2346,Chance,11,36,
119,Player 2,5152,Vine Street,17,772,
119,Player 1,2646,Old Kent Road,11,336,
120,Player 2,5402,Leicester Square,17,1022,
120,Player 1,2396,Pentonville Road,11,86,
121,Player 2,5410,Bond Street,17,1030,
121,Player 1,2388,Whitehall ,11,78,
121,Player 1,2388,Free Parking,11,78,
122,Player 2,5610,GO,17,1230,
122,Player 2,5610,Euston Road,17,1230,
122,Player 1,2388,Coventry Street,11,78,
123,Player 2,5632,Northumberland Avenue,17,1252,
123,Player 1,2366,Bond Street,11,56,
123,Player 1,0,Bond Street,0,0,
1,Player 1,1500,Jail,0,1500,
1,Player 2,1500,Euston Road,0,1500,
2,Player 1,1500,Chance,0,1500,
2,Player 1,1550,Leicester Square,0,1550,
2,Player 1,1550,Piccadilly,1,1290,
2,Player 2,1500,Marylebone Station,1,1400,
3,Player 1,1550,Park Lane,2,1010,
3,Player 2,1500,Free Parking,2,1200,
4,Player 1,1750,Kings Cross Station,3,860,
4,Player 2,1500,Coventry Street,2,1200,
5,Player 1,1750,Bow Street,4,660,
5,Player 2,1500,Regent Street,3,940,
6,Player 1,1750,The Strand,5,480,
6,Player 2,1700,Whitechapel Road,4,840,
6,Player 2,1700,Whitehall ,5,780,
7,Player 1,1750,Leicester Square,6,260,
7,Player 2,1700,Chance,6,640,
8,Player 1,1750,Bond Street,6,260,
8,Player 2,1876,Community Chest,7,496,
9,Player 1,1950,The Angel Islington,6,460,
9,Player 1,1950,Bow Street,7,360,
9,Player 2,1776,Liverpool Street,7,396,
9,Player 2,2006,Kings Cross Station,8,426,
10,Player 1,1975,Free Parking,7,385,
10,Player 2,1981,Marylebone Station,8,401,
11,Player 1,1975,Water Works,7,385,
11,Player 2,1981,Chance,8,401,
12,Player 1,1975,Oxford Street,8,235,
12,Player 2,2176,Fenchurch St Station,9,296,
13,Player 1,1975,Liverpool Street,8,235,
13,Player 2,2366,Coventry Street,10,286,
13,Player 2,2366,Liverpool Street,10,286,
14,Player 1,1875,Park Lane,8,135,
14,Player 1,2075,Community Chest,8,335,
14,Player 1,2075,Jail,8,335,
14,Player 2,2566,The Angel Islington,10,486,
15,Player 1,2081,Jail,8,341,
15,Player 2,2450,Whitehall ,10,370,
16,Player 1,2031,Marylebone Station,8,291,
16,Player 2,2550,Free Parking,10,270,
17,Player 1,1931,Fleet Street,8,191,
17,Player 2,2649,Coventry Street,11,149,
18,Player 1,1931,Oxford Street,8,191,
18,Player 2,2701,Go To Jail,11,201,
18,Player 2,2701,Jail,11,201,
19,Player 1,2079,Community Chest,8,339,
19,Player 2,2701,Jail,11,201,
20,Player 1,2089,Pentonville Road,8,349,
20,Player 2,2651,Free Parking,11,151,
21,Player 1,2089,Bow Street,9,229,
21,Player 2,2651,Trafalgar Square,11,151,
22,Player 1,2233,Trafalgar Square,10,133,
22,Player 2,2651,Piccadilly,11,151,
23,Player 1,2255,Regent Street,10,155,
23,Player 2,2681,Community Chest,11,181,
23,Player 2,2681,GO,11,181,
24,Player 1,2403,Old Kent Road,10,303,
24,Player 1,2403,Euston Road,11,243,
24,Player 2,2687,Chance,11,187,
24,Player 2,2687,Mayfair,11,187,
25,Player 1,2677,Marlborough Street,12,117,
25,Player 2,3004,Chance,12,324,
25,Player 2,3004,Income Tax,12,324,
26,Player 1,2677,Trafalgar Square,12,117,
26,Player 2,2804,Pall Mall,12,124,
27,Player 1,2677,Coventry Street,12,117,
27,Player 2,2903,Chance,13,83,
28,Player 1,2655,Community Chest,12,95,
28,Player 2,3053,Leicester Square,13,233,
29,Player 1,2977,Whitechapel Road,12,417,
29,Player 2,3035,Park Lane,13,215,
30,Player 1,3008,Pall Mall,12,248,
30,Player 2,3210,Chance,13,390,
30,Player 2,3310,Marylebone Station,13,490,
31,Player 1,2998,Free Parking,12,238,
31,Player 2,3310,Fenchurch St Station,13,290,
32,Player 1,2998,Leicester Square,12,238,
32,Player 2,3310,Go To Jail,13,290,
32,Player 2,3310,Jail,13,290,
33,Player 1,2998,Liverpool Street,12,238,
33,Player 2,3410,Jail,13,390,
34,Player 1,3098,Income Tax,12,338,
34,Player 2,3360,Marlborough Street,13,340,
35,Player 1,2898,Jail,12,138,
35,Player 2,3360,Chance,13,340,
35,Player 2,3360,Jail,13,340,
36,Player 1,2898,The Strand,12,138,
36,Player 2,3360,Jail,13,340,
37,Player 1,2898,Coventry Street,12,138,
37,Player 2,3332,Bow Street,13,312,
38,Player 1,2890,Bond Street,12,130,
38,Player 2,3468,Fleet Street,13,248,
39,Player 1,3070,Income Tax,12,310,
39,Player 2,3468,Go To Jail,13,248,
39,Player 2,3468,Jail,13,248,
40,Player 1,2870,Pentonville Road,12,110,
40,Player 2,3468,Jail,13,248,
41,Player 1,2870,Whitehall ,12,110,
41,Player 2,3428,Marylebone Station,13,208,
42,Player 1,2860,Chance,12,100,
42,Player 1,2860,GO,12,100,
42,Player 2,3428,Coventry Street,13,208,
42,Player 2,3428,Oxford Street,13,208,
43,Player 1,2860,Kings Cross Station,12,100,
43,Player 2,3628,Community Chest,13,408,
43,Player 2,3628,Electric Company ,13,408,
43,Player 2,3628,Marlborough Street,14,258,
44,Player 1,2860,Euston Road,12,100,
44,Player 2,3634,Chance,14,264,
44,Player 2,3634,Pall Mall,14,264,
45,Player 1,2854,Whitehall ,12,94,
45,Player 2,3644,Chance,14,274,
46,Player 1,2844,Free Parking,12,84,
46,Player 2,3624,Regent Street,14,254,
47,Player 1,2844,Fenchurch St Station,12,84,
47,Player 2,3724,Super Tax,14,354,
48,Player 1,2874,Community Chest,12,114,
48,Player 2,3824,Pentonville Road,14,454,
49,Player 1,3102,Community Chest,12,342,
49,Player 2,3816,Marlborough Street,14,246,
50,Player 1,3127,Euston Road,12,367,
50,Player 2,3822,Leicester Square,14,252,
51,Player 1,3121,Jail,12,361,
51,Player 1,3121,Marlborough Street,12,361,
51,Player 2,3836,Liverpool Street,14,266,
52,Player 1,3107,Leicester Square,12,347,
52,Player 1,3107,Chance,12,347,
52,Player 2,4036,Community Chest,14,466,
52,Player 2,4036,Old Kent Road,14,466,
53,Player 1,3159,Whitechapel Road,12,399,
53,Player 2,4038,Pall Mall,14,268,
54,Player 1,3155,Chance,12,395,
54,Player 1,3155,Marylebone Station,12,395,
54,Player 2,4138,Community Chest,14,368,
55,Player 1,3045,Trafalgar Square,12,285,
55,Player 2,4148,Fleet Street,14,378,
56,Player 1,3045,Go To Jail,12,285,
56,Player 1,3045,Jail,12,285,
56,Player 2,4148,Go To Jail,14,378,
56,Player 2,4148,Jail,14,378,
57,Player 1,3045,Jail,12,285,
57,Player 2,4148,Jail,14,378,
58,Player 1,2995,Bow Street,12,235,
58,Player 1,2995,Leicester Square,12,235,
58,Player 2,4098,Marylebone Station,14,328,
59,Player 1,2995,Liverpool Street,12,235,
59,Player 2,4198,Fleet Street,14,228,
60,Player 1,3095,Whitechapel Road,12,335,
60,Player 2,4202,Bond Street,14,232,
61,Player 1,3091,Euston Road,12,331,
61,Player 2,4408,Whitechapel Road,14,438,
62,Player 1,3085,Northumberland Avenue,12,325,
62,Player 2,4408,Euston Road,14,238,
63,Player 1,3085,Vine Street,13,165,
63,Player 2,4518,Bow Street,15,148,
64,Player 1,3099,Leicester Square,13,179,
64,Player 2,4504,Coventry Street,15,134,
65,Player 1,3099,Bond Street,13,179,
65,Player 2,5504,Super Tax,15,334,
66,Player 1,2969,Mayfair,13,49,
66,Player 2,5604,Income Tax,15,434,
66,Player 2,5404,Pentonville Road,15,234,
67,Player 1,3177,Pentonville Road,13,257,
67,Player 1,3177,Marlborough Street,13,257,
67,Player 2,5410,Vine Street,15,240,
68,Player 1,3108,Leicester Square,13,188,
68,Player 1,3108,Oxford Street,13,188,
68,Player 2,5170,Coventry Street,16,140,
69,Player 1,2878,Park Lane,12,18,
69,Player 2,5170,Oxford Street,16,140,
70,Player 1,3078,Whitechapel Road,12,218,
70,Player 2,5230,Mayfair,16,200,
71,Player 1,3097,The Angel Islington,12,237,
71,Player 2,5230,Income Tax,16,200,
72,Player 1,3097,Electric Company ,12,237,
72,Player 2,5054,Chance,16,24,
73,Player 1,3073,Free Parking,12,213,
73,Player 2,5039,Community Chest,16,9,
74,Player 1,3073,Leicester Square,12,213,
74,Player 2,5239,The Strand,16,209,
75,Player 1,3073,Bond Street,12,213,
75,Player 2,5289,Go To Jail,17,109,
75,Player 2,5289,Jail,17,109,
76,Player 1,2753,Community Chest,11,243,
76,Player 2,5289,Jail,17,109,
77,Player 1,2648,Jail,11,138,
77,Player 2,5239,Free Parking,17,59,
77,Player 2,5239,Regent Street,17,59,
78,Player 1,2648,Marlborough Street,11,138,
78,Player 1,2634,Trafalgar Square,11,124,
78,Player 2,5253,Chance,17,73,
78,Player 2,5253,Marylebone Station,17,73,
79,Player 1,2634,Water Works,11,124,
79,Player 1,2594,Community Chest,11,84,
79,Player 2,5293,Trafalgar Square,17,113,
80,Player 1,2694,Liverpool Street,11,184,
80,Player 1,2794,Whitechapel Road,11,284,
80,Player 2,5453,Piccadilly,17,273,
81,Player 1,2668,Marylebone Station,11,158,
81,Player 1,2568,Vine Street,11,58,
81,Player 2,5487,Mayfair,17,307,
81,Player 2,5637,The Angel Islington,17,457,
82,Player 1,2608,Fenchurch St Station,11,98,
82,Player 2,4931,Marylebone Station,17,351,
83,Player 1,2638,Chance,11,128,
83,Player 2,4931,Fenchurch St Station,17,351,
83,Player 2,4931,Liverpool Street,17,351,
84,Player 1,2888,Whitechapel Road,11,378,
84,Player 2,4391,Income Tax,17,361,
85,Player 1,2740,Pentonville Road,11,230,
85,Player 2,4191,Pentonville Road,17,161,
86,Player 1,2748,Community Chest,11,238,
86,Player 2,4183,Pall Mall,17,153,
86,Player 2,4183,Marlborough Street,17,153,
87,Player 1,2798,Vine Street,11,288,
87,Player 1,2782,Leicester Square,11,272,
87,Player 2,4199,The Strand,17,169,
88,Player 1,2782,Park Lane,11,272,
88,Player 2,4199,Piccadilly,17,169,
89,Player 1,2982,Whitechapel Road,11,472,
89,Player 2,4379,Park Lane,17,349,
90,Player 1,2802,Jail,11,292,
90,Player 2,4579,Kings Cross Station,17,549,
91,Player 1,2827,Chance,11,317,
91,Player 1,2827,Water Works,11,317,
91,Player 2,4214,Chance,17,334,
91,Player 2,3919,Community Chest,17,39,
91,Player 2,3919,Leicester Square,17,39,
92,Player 1,2767,Oxford Street,11,257,
92,Player 1,2867,Old Kent Road,11,357,
92,Player 2,5136,Go To Jail,17,1256,
92,Player 2,5136,Jail,17,1256,
93,Player 1,2617,Chance,11,107,
93,Player 1,2617,Mayfair,11,107,
93,Player 2,5136,Jail,17,1256,
94,Player 1,2817,Pall Mall,11,307,
94,Player 1,2807,Vine Street,11,297,
94,Player 2,5112,Whitehall ,17,1232,
95,Player 1,2670,Fenchurch St Station,11,160,
95,Player 2,5212,The Strand,17,1332,
96,Player 1,2570,Regent Street,11,60,
96,Player 2,4687,Go To Jail,18,607,
96,Player 2,4687,Jail,18,607,
97,Player 1,2550,Old Kent Road,10,240,
97,Player 1,2430,Whitehall ,10,120,
97,Player 1,2420,Fleet Street,10,110,
97,Player 2,4855,Jail,18,775,
98,Player 1,2402,Leicester Square,10,92,
98,Player 2,4805,Marylebone Station,18,725,
99,Player 1,2402,Bond Street,10,92,
99,Player 1,0,Bond Street,0,0,
1,Player 1,1500,Euston Road,0,1500,
1,Player 2,1500,Kings Cross Station,0,1500,
2,Player 1,1500,Marylebone Station,1,1400,
2,Player 2,1500,Community Chest,1,1300,
2,Player 2,1400,Trafalgar Square,1,1200,
3,Player 1,1500,Vine Street,2,1200,
3,Player 1,1500,Piccadilly,3,1000,
3,Player 2,1400,Regent Street,2,960,
4,Player 1,1500,Community Chest,4,720,
4,Player 2,1400,Mayfair,3,660,
4,Player 2,1600,Community Chest,3,860,
5,Player 1,1750,GO,5,570,
5,Player 2,1700,Jail,3,960,
6,Player 1,1750,Pentonville Road,5,570,
6,Player 2,1700,Whitehall ,3,960,
7,Player 1,1750,Community Chest,6,450,
7,Player 2,1700,The Strand,4,820,
8,Player 1,1850,Trafalgar Square,6,550,
8,Player 2,1720,Leicester Square,5,620,
9,Player 1,1830,Piccadilly,6,530,
9,Player 2,1720,Bond Street,6,360,
9,Player 2,1920,The Angel Islington,6,560,
9,Player 2,1920,Northumberland Avenue,7,460,
10,Player 1,1926,Park Lane,7,306,
10,Player 1,2305,Community Chest,8,335,
10,Player 1,2305,Jail,8,335,
10,Player 2,1920,Fleet Street,8,300,
11,Player 1,2305,Jail,8,335,
11,Player 2,1975,Coventry Street,9,135,
11,Player 2,1975,Liverpool Street,9,135,
12,Player 1,2577,Vine Street,10,147,
12,Player 2,2175,Old Kent Road,9,335,
13,Player 1,2577,The Strand,10,147,
13,Player 1,2541,Leicester Square,10,111,
13,Player 2,2233,Chance,10,333,
13,Player 2,2083,Electric Company ,10,183,
14,Player 1,2519,Oxford Street,10,89,
14,Player 2,2438,Vine Street,12,88,
15,Player 1,2735,Old Kent Road,10,305,
15,Player 2,2424,Fenchurch St Station,12,74,
15,Player 2,2424,Coventry Street,12,74,
15,Player 2,2402,Community Chest,12,52,
16,Player 1,2915,The Angel Islington,11,285,
16,Player 2,2358,Park Lane,12,8,
16,Player 2,2623,The Angel Islington,12,273,
17,Player 1,2944,Whitehall ,11,314,
17,Player 2,2633,Bow Street,12,283,
18,Player 1,2970,Vine Street,12,160,
18,Player 2,2633,The Strand,12,283,
19,Player 1,2970,Coventry Street,12,160,
19,Player 2,2633,Water Works,12,283,
20,Player 1,2970,Oxford Street,12,160,
20,Player 2,2659,Park Lane,13,159,
21,Player 1,2979,Park Lane,12,169,
21,Player 2,2824,Kings Cross Station,13,324,
22,Player 1,3179,Chance,12,369,
22,Player 2,2824,Jail,13,324,
23,Player 1,3329,Whitehall ,12,319,
23,Player 2,2834,Community Chest,13,334,
23,Player 2,2834,Old Kent Road,13,334,
24,Player 1,3319,Vine Street,12,309,
24,Player 2,2834,Electric Company ,13,334,
25,Player 1,3319,Leicester Square,12,309,
25,Player 2,2856,Bow Street,13,356,
26,Player 1,3311,Community Chest,12,301,
26,Player 2,2842,Chance,13,342,
26,Player 2,2842,Jail,13,342,
27,Player 1,3711,GO,12,501,
27,Player 2,2842,Jail,13,342,
28,Player 1,3711,Jail,12,301,
28,Player 2,2792,Bow Street,13,292,
28,Player 2,2778,Water Works,13,278,
28,Player 2,2778,Chance,13,278,
29,Player 1,3725,Bow Street,12,315,
29,Player 2,2968,Chance,13,468,
29,Player 2,2968,Mayfair,13,468,
30,Player 1,4325,Chance,12,515,
30,Player 2,2788,Euston Road,13,288,
31,Player 1,4381,Regent Street,12,371,
31,Player 2,2808,Northumberland Avenue,13,308,
32,Player 1,4355,Mayfair,12,345,
32,Player 2,2808,Vine Street,13,308,
33,Player 1,4571,The Angel Islington,12,561,
33,Player 2,2798,Leicester Square,13,298,
34,Player 1,4565,Whitehall ,12,355,
34,Player 2,2808,Community Chest,13,308,
35,Player 1,4555,Vine Street,12,345,
35,Player 1,4555,Coventry Street,12,345,
35,Player 2,2833,Chance,13,333,
35,Player 2,2833,Marylebone Station,13,333,
36,Player 1,4655,Community Chest,12,245,
36,Player 1,4655,GO,12,245,
36,Player 2,2733,Free Parking,13,233,
37,Player 1,4655,Kings Cross Station,12,245,
37,Player 2,2758,Leicester Square,13,258,
38,Player 1,4630,Northumberland Avenue,12,220,
38,Player 2,2770,Community Chest,13,270,
39,Player 1,4608,Fleet Street,12,198,
39,Player 2,3016,Whitechapel Road,13,516,
40,Player 1,4572,Go To Jail,12,162,
40,Player 1,4572,Jail,12,162,
40,Player 2,2906,Pentonville Road,14,346,
41,Player 1,4580,Jail,12,170,
41,Player 2,2898,Vine Street,14,338,
42,Player 1,4546,Marlborough Street,12,136,
42,Player 1,4546,Trafalgar Square,12,136,
42,Player 2,2963,Chance,15,223,
43,Player 1,4546,Water Works,12,136,
43,Player 2,2983,Piccadilly,15,243,
44,Player 1,4528,Chance,12,118,
44,Player 1,4678,Old Kent Road,12,268,
44,Player 2,2963,Chance,15,223,
44,Player 2,2963,GO,15,223,
45,Player 1,4621,Chance,12,211,
45,Player 1,4621,Marylebone Station,12,211,
45,Player 2,2963,Electric Company ,15,223,
45,Player 2,2963,Bow Street,15,223,
45,Player 2,2949,The Strand,15,209,
46,Player 1,4635,Trafalgar Square,12,225,
46,Player 2,2949,Go To Jail,15,209,
46,Player 2,2949,Jail,15,209,
47,Player 1,4635,Leicester Square,12,225,
47,Player 1,4613,Oxford Street,12,203,
47,Player 2,2997,Jail,15,257,
48,Player 1,4787,Old Kent Road,12,377,
48,Player 2,2949,Vine Street,15,209,
49,Player 1,4691,Chance,12,281,
49,Player 1,4691,Income Tax,12,281,
49,Player 2,2933,Piccadilly,15,193,
50,Player 1,4513,Pall Mall,12,103,
50,Player 2,3002,Liverpool Street,16,122,
51,Player 1,4613,Vine Street,12,203,
51,Player 2,3102,Income Tax,16,222,
52,Player 1,4613,Piccadilly,12,203,
52,Player 2,2902,Electric Company ,16,22,
53,Player 1,4813,GO,12,403,
53,Player 2,2902,Vine Street,16,22,
54,Player 1,4029,Chance,12,219,
54,Player 2,2886,Fleet Street,16,6,
54,Player 2,2886,Piccadilly,16,6,
55,Player 1,4036,Community Chest,12,226,
55,Player 2,2964,Chance,16,84,
55,Player 2,2964,Pall Mall,16,84,
56,Player 1,4046,Fleet Street,12,236,
56,Player 1,4010,Regent Street,12,200,
56,Player 2,3026,Bow Street,16,146,
57,Player 1,3998,Mayfair,12,188,
57,Player 2,3012,Trafalgar Square,16,132,
57,Player 2,3012,Community Chest,16,132,
58,Player 1,4198,Kings Cross Station,12,388,
58,Player 2,3057,Mayfair,16,177,
58,Player 2,0,Mayfair,0,0,
1,Player 3,1500,Euston Road,0,1500,
1,Player 2,1500,Chance,0,1500,
1,Player 1,1500,Jail,0,1500,
2,Player 3,1500,Marylebone Station,1,1400,
2,Player 2,1500,Bow Street,0,1500,
2,Player 1,1500,Marylebone Station,0,1500,
3,Player 3,1415,The Strand,2,1115,
3,Player 2,1500,Fenchurch St Station,1,1320,
3,Player 1,1475,The Strand,0,1475,
4,Player 3,1433,Water Works,3,913,
4,Player 2,1500,Go To Jail,2,1120,
4,Player 2,1500,Jail,2,1120,
4,Player 1,1457,Trafalgar Square,0,1457,
5,Player 3,1433,Liverpool Street,4,763,
5,Player 2,1500,Jail,2,1120,
5,Player 1,1457,Regent Street,1,1217,
6,Player 3,1633,Old Kent Road,5,763,
6,Player 2,1450,Northumberland Avenue,2,1070,
6,Player 1,1457,Park Lane,2,917,
6,Player 1,1657,Kings Cross Station,3,767,
7,Player 3,1633,Euston Road,6,703,
7,Player 2,1450,Fleet Street,3,910,
7,Player 1,1547,Pall Mall,4,457,
8,Player 3,1633,Marlborough Street,6,703,
8,Player 3,1633,Piccadilly,7,523,
8,Player 2,1478,Piccadilly,5,438,
8,Player 1,1547,Bow Street,5,317,
9,Player 3,1633,Chance,7,523,
9,Player 3,1633,GO,7,523,
9,Player 2,1492,Liverpool Street,5,452,
9,Player 1,1533,Fenchurch St Station,5,303,
10,Player 3,1683,Pentonville Road,7,573,
10,Player 2,1667,Kings Cross Station,5,627,
10,Player 1,1533,Chance,5,303,
10,Player 1,1533,Kings Cross Station,5,303,
11,Player 3,1617,Northumberland Avenue,8,387,
11,Player 2,1654,Whitehall ,5,614,
11,Player 2,1654,Marylebone Station,6,474,
11,Player 2,1604,Chance,6,424,
11,Player 2,1604,Vine Street,6,424,
11,Player 1,1533,Whitehall ,5,303,
11,Player 1,1523,Free Parking,5,293,
12,Player 3,1655,Vine Street,8,425,
12,Player 2,1630,Coventry Street,7,250,
12,Player 1,1523,Leicester Square,5,293,
13,Player 3,1873,Trafalgar Square,10,123,
13,Player 2,1630,Regent Street,7,250,
13,Player 2,1604,Park Lane,7,224,
13,Player 1,1569,Go To Jail,5,339,
13,Player 1,1569,Jail,5,339,
14,Player 3,1853,Oxford Street,10,103,
14,Player 2,1804,Income Tax,7,424,
14,Player 1,1749,Jail,6,219,
15,Player 3,1853,Chance,10,103,
15,Player 2,1624,Pentonville Road,7,244,
15,Player 1,1699,Vine Street,6,169,
16,Player 3,2046,The Angel Islington,10,296,
16,Player 2,1632,Marlborough Street,7,252,
16,Player 1,1683,Coventry Street,6,153,
16,Player 1,1683,Super Tax,6,153,
17,Player 3,2060,Whitehall ,11,210,
17,Player 2,1628,Fleet Street,7,248,
17,Player 1,1783,Whitechapel Road,6,253,
18,Player 3,2050,Marlborough Street,11,200,
18,Player 2,1628,Coventry Street,7,248,
18,Player 2,1628,Park Lane,7,248,
18,Player 2,1628,Jail,7,248,
18,Player 1,1783,Northumberland Avenue,7,193,
19,Player 3,2050,The Strand,11,200,
19,Player 2,1640,Jail,7,260,
19,Player 1,1771,Free Parking,7,181,
19,Player 1,1771,Trafalgar Square,7,181,
20,Player 3,2050,Oxford Street,11,200,
20,Player 2,1590,Whitehall ,7,210,
20,Player 1,1771,Oxford Street,7,181,
21,Player 3,2250,Old Kent Road,11,400,
21,Player 2,1590,Vine Street,7,210,
21,Player 1,1971,Old Kent Road,7,381,
22,Player 3,2252,Jail,11,52,
22,Player 2,1590,Leicester Square,7,210,
22,Player 1,1969,Pall Mall,7,379,
23,Player 3,2274,Chance,11,74,
23,Player 3,2274,Pall Mall,11,74,
23,Player 3,2264,Marlborough Street,11,64,
23,Player 2,1568,Liverpool Street,7,188,
23,Player 1,1979,Marlborough Street,7,389,
24,Player 3,2328,Fenchurch St Station,11,128,
24,Player 2,1743,GO,7,363,
24,Player 1,1965,Fleet Street,7,375,
25,Player 3,2303,Go To Jail,11,103,
25,Player 3,2303,Jail,11,103,
25,Player 2,1761,Pall Mall,7,381,
25,Player 1,1957,Coventry Street,7,367,
26,Player 3,2303,Jail,11,103,
26,Player 2,1751,Vine Street,7,371,
26,Player 2,1751,Water Works,7,371,
26,Player 1,1957,Community Chest,7,367,
27,Player 3,2289,Free Parking,11,89,
27,Player 2,1715,Park Lane,7,335,
27,Player 1,2177,GO,7,587,
28,Player 3,2289,Piccadilly,11,89,
28,Player 2,1937,GO,7,557,
28,Player 1,2012,Chance,7,422,
29,Player 3,2267,Mayfair,11,67,
29,Player 2,2057,Income Tax,8,277,
29,Player 2,1857,Euston Road,8,77,
29,Player 1,2012,Marylebone Station,7,422,
30,Player 3,2607,Chance,11,407,
30,Player 2,1857,Marylebone Station,8,77,
30,Player 1,1962,Vine Street,7,372,
30,Player 1,1946,Trafalgar Square,7,356,
31,Player 3,2507,Pall Mall,11,107,
31,Player 2,1823,Free Parking,8,43,
31,Player 1,1956,Regent Street,7,366,
32,Player 3,2497,Marlborough Street,11,97,
32,Player 2,1823,Regent Street,8,43,
32,Player 1,1982,Mayfair,7,392,
33,Player 3,2497,Leicester Square,11,97,
33,Player 2,1847,Community Chest,8,67,
33,Player 2,1797,Super Tax,8,17,
33,Player 1,2132,Kings Cross Station,7,542,
33,Player 1,2132,Pentonville Road,7,542,
33,Player 1,1832,Free Parking,7,242,
34,Player 3,2597,Super Tax,11,297,
34,Player 3,2697,Community Chest,11,397,
34,Player 3,2697,Electric Company ,11,397,
34,Player 2,1997,Kings Cross Station,8,217,
34,Player 1,1857,Piccadilly,7,267,
35,Player 3,2697,Chance,12,247,
35,Player 2,1994,Jail,8,214,
35,Player 1,1835,Mayfair,7,245,
35,Player 1,1985,Euston Road,7,395,
36,Player 3,2854,Coventry Street,12,704,
36,Player 2,2044,Free Parking,8,264,
36,Player 1,1645,Marylebone Station,6,115,
37,Player 3,2364,Park Lane,13,154,
37,Player 2,2044,Go To Jail,8,264,
37,Player 2,2044,Jail,8,264,
37,Player 1,1595,The Strand,6,65,
38,Player 3,2582,Chance,13,372,
38,Player 3,2582,Jail,13,372,
38,Player 2,2044,Jail,8,264,
38,Player 1,1577,Coventry Street,6,47,
39,Player 3,2604,Jail,13,94,
39,Player 2,1994,Free Parking,8,214,
39,Player 2,1994,Coventry Street,8,214,
39,Player 1,1555,Community Chest,6,25,
40,Player 3,2576,Bow Street,13,66,
40,Player 2,1972,Oxford Street,8,192,
40,Player 1,1601,Super Tax,6,71,
41,Player 3,2576,Fenchurch St Station,13,66,
41,Player 2,1971,Bond Street,8,191,
41,Player 2,2227,Mayfair,9,127,
41,Player 1,1801,Euston Road,6,271,
42,Player 3,2701,Go To Jail,13,391,
42,Player 3,2701,Jail,13,391,
42,Player 2,2427,Old Kent Road,9,327,
42,Player 2,2177,Electric Company ,9,77,
42,Player 1,1696,Electric Company ,6,166,
43,Player 3,3101,Jail,13,791,
43,Player 2,2157,Free Parking,9,57,
43,Player 1,1656,The Strand,6,126,
44,Player 3,3069,Northumberland Avenue,13,759,
44,Player 2,2169,Go To Jail,9,69,
44,Player 2,2169,Jail,9,69,
44,Player 1,1638,Water Works,6,108,
45,Player 3,3127,Fleet Street,13,817,
45,Player 2,2187,Jail,9,87,
45,Player 1,1568,Liverpool Street,6,38,
46,Player 3,3159,Water Works,13,849,
46,Player 2,2137,Community Chest,9,37,
46,Player 1,1838,GO,6,308,
47,Player 3,3159,Community Chest,13,849,
47,Player 2,2187,Chance,9,87,
47,Player 1,1838,Kings Cross Station,6,308,
48,Player 3,3259,Park Lane,13,949,
48,Player 2,2287,Piccadilly,9,187,
48,Player 1,1838,Jail,6,308,
49,Player 3,3459,Kings Cross Station,13,1149,
49,Player 2,2287,Liverpool Street,9,187,
49,Player 1,1863,Marlborough Street,6,333,
50,Player 3,3498,Jail,13,1188,
50,Player 2,2437,GO,9,337,
50,Player 1,1849,Water Works,6,319,
50,Player 1,1749,Community Chest,6,219,
51,Player 3,3598,Electric Company ,13,1288,
51,Player 3,3598,Free Parking,13,1288,
51,Player 2,2338,Euston Road,9,238,
51,Player 1,2049,Whitechapel Road,6,519,
52,Player 3,4598,Water Works,13,2288,
52,Player 2,2168,Marylebone Station,9,68,
52,Player 1,1599,The Angel Islington,6,69,
53,Player 3,2878,GO,14,288,
53,Player 3,2878,The Angel Islington,14,288,
53,Player 3,2878,Pentonville Road,14,288,
53,Player 2,1838,Fleet Street,8,18,
53,Player 1,1594,Whitehall ,6,64,
54,Player 3,2878,Northumberland Avenue,14,288,
54,Player 2,1848,Fenchurch St Station,8,28,
54,Player 2,1848,Piccadilly,8,28,
54,Player 2,1894,Liverpool Street,8,74,
54,Player 1,1584,Chance,6,54,
54,Player 1,1584,Mayfair,6,54,
55,Player 3,2972,Fleet Street,14,232,
55,Player 2,2094,Old Kent Road,8,274,
55,Player 1,1734,Kings Cross Station,6,204,
56,Player 3,3222,Leicester Square,14,182,
56,Player 2,1844,The Angel Islington,8,24,
56,Player 1,1734,Jail,6,204,
57,Player 3,3772,Park Lane,14,282,
57,Player 2,1844,Bow Street,8,24,
57,Player 1,1734,Marylebone Station,6,204,
58,Player 3,4022,Income Tax,14,382,
58,Player 2,1844,Coventry Street,8,24,
58,Player 1,1684,Fenchurch St Station,6,154,
59,Player 3,4152,Pall Mall,14,212,
59,Player 2,1919,Oxford Street,8,99,
59,Player 1,1695,Oxford Street,6,165,
60,Player 3,4142,Marylebone Station,14,202,
60,Player 3,4142,Leicester Square,14,202,
60,Player 2,2093,GO,8,273,
60,Player 1,1695,Chance,6,165,
60,Player 1,1945,Chance,6,415,
60,Player 1,1945,Marylebone Station,6,415,
61,Player 3,4192,Regent Street,14,252,
61,Player 2,2016,Chance,8,196,
61,Player 1,1895,Fenchurch St Station,6,365,
62,Player 3,4192,Super Tax,14,252,
62,Player 2,2021,Jail,8,201,
62,Player 1,1870,Community Chest,6,340,
62,Player 1,1870,Jail,6,340,
63,Player 3,4292,Income Tax,14,352,
63,Player 2,2021,Northumberland Avenue,8,201,
63,Player 2,2021,Free Parking,8,201,
63,Player 1,1870,Jail,6,340,
64,Player 3,4092,Pall Mall,14,152,
64,Player 2,2021,Coventry Street,8,201,
64,Player 1,1830,Northumberland Avenue,6,300,
65,Player 3,3682,The Strand,14,192,
65,Player 2,1971,Regent Street,8,151,
65,Player 1,1830,Fleet Street,6,300,
66,Player 3,3682,Leicester Square,14,192,
66,Player 2,2171,Community Chest,8,351,
66,Player 1,1830,Bond Street,6,300,
67,Player 3,3682,Oxford Street,14,192,
67,Player 2,2044,Pentonville Road,8,224,
67,Player 1,2056,Whitechapel Road,6,526,
68,Player 3,4306,GO,14,1266,
68,Player 2,1824,Marlborough Street,8,4,
68,Player 1,1606,The Angel Islington,6,76,
69,Player 3,4870,Income Tax,14,1830,
69,Player 3,4670,Jail,14,1630,
69,Player 2,1900,Trafalgar Square,8,80,
69,Player 1,1601,Electric Company ,6,71,
70,Player 3,4730,Free Parking,14,1690,
70,Player 2,1900,Piccadilly,8,80,
70,Player 2,0,Piccadilly,0,0,
71,Player 3,5706,Piccadilly,22,146,
71,Player 1,1541,Community Chest,6,11,
71,Player 1,1541,Old Kent Road,6,11,
72,Player 3,5956,Park Lane,22,396,
72,Player 1,1561,Jail,6,31,
73,Player 3,6156,Kings Cross Station,22,596,
73,Player 1,1586,Chance,6,56,
73,Player 1,1586,Oxford Street,6,56,
74,Player 3,6131,Jail,22,271,
74,Player 1,1586,Liverpool Street,6,56,
75,Player 3,6231,The Strand,22,371,
75,Player 1,1606,Park Lane,6,76,
75,Player 1,1806,Old Kent Road,6,276,
75,Player 1,1556,Jail,6,26,
76,Player 3,5681,Regent Street,22,221,
76,Player 3,5881,Old Kent Road,22,421,
76,Player 1,1556,Jail,6,26,
76,Player 1,1556,Electric Company ,6,26,
77,Player 3,5501,Jail,22,341,
77,Player 1,1536,Chance,6,6,
77,Player 1,1536,GO,6,6,
77,Player 1,1536,Jail,6,6,
77,Player 1,1536,Marylebone Station,6,6,
78,Player 3,5601,Community Chest,22,441,
78,Player 1,1556,Marlborough Street,6,26,
78,Player 1,0,Marlborough Street,0,0,
