1,Player 1,1500,The Angel Islington,0,1500,
1,Player 1,1500,Jail,1,1400,
1,Player 2,1500,The Angel Islington,0,1500,
1,Player 2,1494,Northumberland Avenue,0,1494,
2,Player 1,1506,The Strand,1,1406,
2,Player 2,1494,Free Parking,1,1334,
3,Player 1,1506,Coventry Street,2,1186,
3,Player 2,1494,Water Works,1,1334,
4,Player 1,1506,Bond Street,3,926,
4,Player 2,1494,Liverpool Street,2,1184,
5,Player 1,1506,Super Tax,4,606,
5,Player 1,1606,Income Tax,4,706,
5,Player 2,1694,GO,3,1184,
6,Player 1,1446,Jail,4,546,
6,Player 2,1694,Pentonville Road,3,1184,
7,Player 1,1446,Marlborough Street,4,546,
7,Player 2,1694,Community Chest,4,1064,
8,Player 1,1347,Fenchurch St Station,5,267,
8,Player 2,1664,Piccadilly,5,834,
8,Player 2,1664,Community Chest,6,554,
8,Player 2,1689,Chance,6,579,
9,Player 1,1347,Bond Street,5,267,
9,Player 2,1939,Income Tax,6,829,
9,Player 2,1746,Electric Company ,6,636,
9,Player 2,1746,Vine Street,7,486,
10,Player 1,1547,Old Kent Road,5,467,
10,Player 2,1746,Leicester Square,8,286,
11,Player 1,1625,The Angel Islington,7,225,
11,Player 2,1746,Chance,8,286,
11,Player 2,1746,GO,8,286,
12,Player 1,1625,Marylebone Station,7,225,
12,Player 2,1836,Euston Road,9,176,
13,Player 1,1625,Fleet Street,7,225,
13,Player 2,1836,Community Chest,10,76,
14,Player 1,1801,Coventry Street,8,181,
14,Player 2,1936,Coventry Street,10,176,
14,Player 2,1914,Regent Street,10,154,
15,Player 1,2033,Community Chest,9,113,
15,Player 1,2033,Electric Company ,9,113,
15,Player 1,1973,Free Parking,9,53,
15,Player 2,2174,Old Kent Road,10,414,
16,Player 1,1975,Fenchurch St Station,9,55,
16,Player 2,2162,Jail,10,402,
17,Player 1,1925,Bond Street,9,5,
17,Player 2,2162,Bow Street,10,402,
18,Player 1,2125,Whitechapel Road,9,205,
18,Player 2,2162,Coventry Street,11,222,
19,Player 1,2147,Electric Company ,10,167,
19,Player 2,2230,Chance,11,290,
19,Player 2,2230,Community Chest,11,290,
20,Player 1,2057,Marlborough Street,10,77,
20,Player 2,2430,Park Lane,11,490,
21,Player 1,2057,Fenchurch St Station,10,77,
21,Player 2,2828,Mayfair,12,538,
21,Player 2,3388,Euston Road,13,698,
22,Player 1,2007,Bond Street,10,27,
22,Player 2,3388,Community Chest,13,298,
23,Player 1,2207,GO,10,227,
23,Player 2,3438,Fleet Street,13,348,
24,Player 1,2152,The Angel Islington,10,172,
24,Player 2,3438,Regent Street,13,348,
25,Player 1,2178,Whitehall ,10,198,
25,Player 2,3447,Super Tax,14,217,
26,Player 1,2178,Free Parking,10,198,
26,Player 2,3547,Euston Road,14,317,
27,Player 1,2178,Chance,10,198,
27,Player 1,2178,Bond Street,10,198,
27,Player 1,2378,Income Tax,10,398,
27,Player 2,3547,Marylebone Station,14,317,
28,Player 1,2178,Jail,10,198,
28,Player 1,2178,Bow Street,10,198,
28,Player 2,3561,Chance,14,331,
28,Player 2,3561,Pall Mall,14,331,
29,Player 1,2164,Leicester Square,10,184,
29,Player 1,2164,Chance,10,184,
29,Player 1,2344,Income Tax,10,364,
29,Player 2,3561,Community Chest,15,191,
29,Player 2,3571,The Strand,15,201,
30,Player 1,2162,Whitehall ,10,182,
30,Player 2,3573,Water Works,15,203,
31,Player 1,2142,Marlborough Street,10,162,
31,Player 2,3573,Mayfair,15,203,
32,Player 1,2142,Free Parking,10,162,
32,Player 1,2142,Go To Jail,10,162,
32,Player 1,2142,Jail,10,162,
32,Player 2,3773,Chance,15,403,
33,Player 1,2142,Jail,10,162,
33,Player 2,3923,Marylebone Station,15,353,
33,Player 2,3923,Fleet Street,15,353,
34,Player 1,2092,Community Chest,10,112,
34,Player 2,3923,Bond Street,15,353,
35,Player 1,2140,Leicester Square,10,160,
35,Player 2,3895,Park Lane,15,325,
36,Player 1,2140,Regent Street,10,160,
36,Player 2,4095,Kings Cross Station,15,525,
37,Player 1,2140,Mayfair,10,160,
37,Player 2,4095,Jail,16,325,
38,Player 1,2340,Euston Road,10,360,
38,Player 2,4101,The Strand,16,331,
39,Player 1,2352,Northumberland Avenue,10,372,
39,Player 2,4107,Water Works,16,337,
40,Player 1,2328,Vine Street,10,348,
40,Player 2,4123,Bond Street,16,353,
41,Player 1,2340,Fenchurch St Station,10,360,
41,Player 1,2140,Liverpool Street,10,160,
41,Player 1,1990,Super Tax,10,10,
41,Player 2,4495,Park Lane,16,225,
42,Player 1,2190,The Angel Islington,10,210,
42,Player 2,4695,Kings Cross Station,16,425,
43,Player 1,2135,Jail,10,155,
43,Player 2,4695,Pall Mall,16,225,
43,Player 2,4695,Community Chest,16,225,
44,Player 1,2125,Whitehall ,10,145,
44,Player 2,4755,Trafalgar Square,16,285,
45,Player 1,2075,Free Parking,10,95,
45,Player 2,4935,Regent Street,17,225,
46,Player 1,2101,Piccadilly,10,121,
46,Player 2,5131,GO,17,421,
47,Player 1,2079,Mayfair,10,99,
47,Player 1,2279,Pentonville Road,10,299,
47,Player 1,2271,Electric Company ,10,291,
47,Player 2,5169,Jail,17,259,
47,Player 2,5169,Vine Street,17,259,
48,Player 1,2241,The Strand,10,261,
48,Player 2,5169,Fleet Street,17,259,
48,Player 2,5169,Piccadilly,17,259,
49,Player 1,2241,Coventry Street,10,261,
49,Player 2,5169,Liverpool Street,17,259,
50,Player 1,2241,Community Chest,10,261,
50,Player 2,5369,Chance,17,459,
50,Player 2,5219,Pall Mall,17,309,
51,Player 1,2391,Community Chest,10,411,
51,Player 1,2391,Old Kent Road,10,411,
51,Player 2,5219,Free Parking,17,309,
52,Player 1,2270,Kings Cross Station,10,290,
52,Player 2,5287,Trafalgar Square,17,377,
53,Player 1,2070,Electric Company ,10,90,
53,Player 2,5357,Regent Street,17,247,
54,Player 1,2026,Free Parking,10,46,
54,Player 1,2026,Leicester Square,10,46,
54,Player 1,2026,Bond Street,10,46,
54,Player 2,5331,Bond Street,17,221,
55,Player 1,2054,Mayfair,10,74,
55,Player 2,5303,Park Lane,17,193,
56,Player 1,2254,Jail,10,274,
56,Player 2,5503,The Angel Islington,17,393,
57,Player 1,2260,The Strand,10,280,
57,Player 2,5497,Bow Street,17,387,
57,Player 2,5497,The Strand,17,387,
58,Player 1,2278,Water Works,10,298,
58,Player 2,5549,Fenchurch St Station,17,239,
59,Player 1,2208,Super Tax,10,228,
59,Player 1,2308,Pentonville Road,10,328,
59,Player 2,5557,Coventry Street,17,247,
59,Player 2,5535,Bond Street,17,225,
60,Player 1,2350,Community Chest,10,370,
60,Player 1,2350,Jail,10,370,
60,Player 2,5707,Community Chest,17,397,
60,Player 2,5807,Chance,17,497,
60,Player 2,5807,Jail,17,497,
61,Player 1,2350,Jail,10,370,
61,Player 2,5007,Jail,17,297,
62,Player 1,2300,Vine Street,10,320,
62,Player 2,4973,Whitehall ,17,263,
63,Player 1,2284,Fenchurch St Station,10,304,
63,Player 1,2084,Community Chest,10,104,
63,Player 1,2084,GO,10,104,
63,Player 2,4373,Vine Street,17,263,
64,Player 1,2084,Euston Road,10,104,
64,Player 2,4379,Fenchurch St Station,17,269,
64,Player 2,4379,Bond Street,17,269,
65,Player 1,2106,Community Chest,10,126,
65,Player 2,4551,Income Tax,17,441,
65,Player 2,4351,Whitehall ,17,241,
66,Player 1,2056,Fleet Street,10,76,
66,Player 2,4351,Free Parking,17,241,
67,Player 1,2056,Bond Street,10,76,
67,Player 2,4351,Piccadilly,17,241,
68,Player 1,2256,Whitechapel Road,10,276,
68,Player 2,4351,Liverpool Street,17,241,
68,Player 2,4351,Park Lane,17,241,
68,Player 2,4551,Old Kent Road,17,441,
69,Player 1,2258,Chance,10,278,
69,Player 2,4549,Electric Company ,17,139,
70,Player 1,2358,Jail,10,378,
70,Player 2,4549,The Strand,17,139,
71,Player 1,2376,Chance,10,396,
71,Player 1,2376,Mayfair,10,396,
71,Player 1,2576,Euston Road,10,596,
71,Player 2,4537,Leicester Square,17,127,
72,Player 1,2192,Marylebone Station,10,112,
72,Player 2,4715,Bond Street,17,305,
73,Player 1,2180,Fenchurch St Station,10,100,
73,Player 2,5087,GO,17,377,
73,Player 2,5087,The Angel Islington,17,377,
74,Player 1,2140,Liverpool Street,10,60,
74,Player 2,4887,Northumberland Avenue,17,177,
75,Player 1,2300,Kings Cross Station,10,220,
75,Player 2,5087,Vine Street,17,377,
76,Player 1,2100,Pall Mall,10,20,
76,Player 2,4692,Trafalgar Square,17,582,
77,Player 1,2320,Community Chest,10,90,
77,Player 2,4692,Regent Street,17,582,
78,Player 1,2296,Chance,10,66,
78,Player 2,4866,Old Kent Road,17,756,
79,Player 1,2186,Piccadilly,10,106,
79,Player 2,4728,The Angel Islington,17,618,
80,Player 1,2170,Liverpool Street,10,90,
80,Player 1,2330,GO,10,250,
80,Player 2,4922,Pall Mall,17,812,
81,Player 1,2275,Whitechapel Road,10,195,
81,Player 2,4922,Free Parking,17,812,
82,Player 1,2275,The Angel Islington,10,195,
82,Player 2,4922,Water Works,17,812,
82,Player 2,4922,Community Chest,17,812,
83,Player 1,2275,Bow Street,10,195,
83,Player 2,5161,Community Chest,17,1051,
84,Player 1,2161,Marlborough Street,9,181,
84,Player 1,2161,Fenchurch St Station,9,181,
84,Player 2,4561,Electric Company ,18,351,
84,Player 2,4561,The Strand,18,351,
85,Player 1,2071,Piccadilly,9,91,
85,Player 1,2049,Chance,9,69,
85,Player 2,4583,Coventry Street,18,373,
86,Player 1,2289,Whitechapel Road,9,309,
86,Player 2,4583,Chance,18,373,
86,Player 2,4583,Kings Cross Station,18,373,
87,Player 1,2289,Pentonville Road,9,309,
87,Player 2,4599,Electric Company ,18,389,
88,Player 1,2273,Free Parking,9,293,
88,Player 2,4599,Free Parking,18,389,
88,Player 2,4599,Leicester Square,18,389,
89,Player 1,2273,Water Works,9,293,
89,Player 2,4679,Regent Street,18,69,
90,Player 1,2219,Liverpool Street,9,239,
90,Player 2,5053,GO,18,443,
91,Player 1,2219,Income Tax,9,239,
91,Player 2,5053,The Angel Islington,18,343,
92,Player 1,2019,Electric Company ,9,39,
92,Player 2,4733,Pentonville Road,18,223,
93,Player 1,2049,The Strand,9,69,
93,Player 2,4733,Marylebone Station,18,223,
93,Player 2,4733,Chance,18,223,
93,Player 2,4733,Marylebone Station,18,223,
94,Player 1,2049,Coventry Street,9,69,
94,Player 2,4733,Fleet Street,18,223,
95,Player 1,2067,Regent Street,9,87,
95,Player 2,4715,Go To Jail,18,205,
95,Player 2,4715,Jail,18,205,
96,Player 1,2067,Liverpool Street,9,87,
96,Player 2,4715,Jail,18,355,
97,Player 1,2307,Community Chest,9,327,
97,Player 1,2307,Electric Company ,9,327,
97,Player 2,4735,Free Parking,18,375,
98,Player 1,2237,The Strand,9,257,
98,Player 2,4735,Go To Jail,18,375,
98,Player 2,4735,Jail,18,375,
99,Player 1,2237,Fenchurch St Station,9,257,
99,Player 1,2037,Oxford Street,9,57,
99,Player 2,5190,Jail,19,530,
100,Player 1,2237,Income Tax,9,257,
100,Player 1,2037,Electric Company ,9,57,
100,Player 2,5055,Free Parking,19,395,
101,Player 1,2067,Marylebone Station,9,87,
101,Player 2,5255,Fenchurch St Station,19,595,
102,Player 1,2107,Vine Street,9,127,
102,Player 2,5271,Regent Street,19,611,
103,Player 1,2117,Coventry Street,9,137,
103,Player 2,5445,Old Kent Road,19,785,
103,Player 2,5195,Income Tax,19,535,
104,Player 1,2268,Oxford Street,9,288,
104,Player 2,5021,Jail,19,361,
105,Player 1,2442,Community Chest,9,462,
105,Player 2,5021,Marylebone Station,19,361,
106,Player 1,2378,Northumberland Avenue,9,398,
106,Player 1,2143,Leicester Square,9,13,
106,Player 1,2143,Jail,9,13,
106,Player 2,5921,Leicester Square,19,1261,
107,Player 1,2143,Jail,9,13,
107,Player 2,5921,Go To Jail,19,1261,
107,Player 2,5921,Jail,19,1261,
108,Player 1,2143,Jail,9,13,
108,Player 2,5921,Jail,19,1261,
109,Player 1,2143,Jail,9,13,
109,Player 1,2143,Bow Street,9,13,
109,Player 2,5885,Marlborough Street,19,1225,
110,Player 1,2039,Leicester Square,9,59,
110,Player 2,5885,Chance,19,1225,
111,Player 1,2039,Community Chest,9,59,
111,Player 2,5935,Water Works,19,1275,
111,Player 2,5935,Bond Street,19,1275,
111,Player 2,6135,GO,19,1475,
112,Player 1,2089,Super Tax,9,109,
112,Player 2,6135,Kings Cross Station,19,1475,
113,Player 1,2189,The Angel Islington,9,209,
113,Player 2,5065,Electric Company ,20,225,
114,Player 1,1859,Pentonville Road,8,59,
114,Player 2,5566,The Strand,20,126,
115,Player 1,1964,Electric Company ,8,14,
115,Player 2,5596,Leicester Square,20,156,
116,Player 1,2044,Marlborough Street,8,94,
116,Player 2,5796,Liverpool Street,20,356,
117,Player 1,1954,Fenchurch St Station,8,4,
117,Player 2,6196,GO,20,456,
118,Player 1,1994,Go To Jail,8,44,
118,Player 1,1994,Jail,8,44,
118,Player 2,6196,Pentonville Road,20,156,
119,Player 1,1994,Jail,8,44,
119,Player 2,6196,Northumberland Avenue,20,156,
120,Player 1,1994,Jail,8,44,
120,Player 2,6196,Chance,20,156,
120,Player 2,6196,GO,20,156,
121,Player 1,1994,Jail,8,44,
121,Player 2,6196,Jail,20,156,
122,Player 1,1994,Jail,8,44,
122,Player 2,6196,Community Chest,20,156,
123,Player 1,1994,Electric Company ,8,44,
123,Player 1,1974,The Strand,8,24,
123,Player 2,6226,Fleet Street,20,186,
124,Player 1,1992,Leicester Square,8,42,
124,Player 2,6208,Fenchurch St Station,20,168,
124,Player 2,6208,Oxford Street,20,168,
125,Player 1,1992,Community Chest,8,42,
125,Player 2,6208,Mayfair,20,168,
126,Player 1,2212,Whitechapel Road,8,262,
126,Player 1,2212,Jail,8,262,
126,Player 2,6408,Euston Road,20,368,
127,Player 1,2012,Community Chest,8,212,
127,Player 2,6398,Bow Street,20,358,
128,Player 1,2022,Fenchurch St Station,8,222,
128,Player 2,5798,The Strand,20,358,
129,Player 1,1822,Community Chest,8,22,
129,Player 1,2082,Income Tax,8,282,
129,Player 2,5798,Fenchurch St Station,20,358,
130,Player 1,1882,Chance,8,82,
130,Player 1,1882,Income Tax,8,82,
130,Player 2,5798,Regent Street,20,358,
131,Player 1,1908,Chance,8,108,
131,Player 2,5772,Park Lane,20,332,
132,Player 1,1918,Marylebone Station,8,118,
132,Player 2,6172,Whitechapel Road,20,732,
133,Player 1,2157,Fenchurch St Station,8,357,
133,Player 2,5922,Pall Mall,20,482,
134,Player 1,1957,Oxford Street,8,157,
134,Player 2,5948,Vine Street,20,508,
134,Player 2,5948,Piccadilly,20,508,
135,Player 1,2131,Old Kent Road,8,331,
135,Player 2,5948,Chance,20,508,
135,Player 2,5948,Pall Mall,20,508,
136,Player 1,2131,Pall Mall,8,331,
136,Player 2,6298,Marlborough Street,20,1158,
137,Player 1,1956,Vine Street,8,6,
137,Player 1,0,Vine Street,0,0,
1,Player 1,1500,Chance,0,1500,
1,Player 2,1500,Chance,0,1500,
1,Player 2,1500,Marylebone Station,0,1500,
2,Player 1,1550,Jail,0,1550,
2,Player 2,1500,The Strand,1,1300,
3,Player 1,1550,Marylebone Station,0,1550,
3,Player 2,1525,Coventry Street,2,1105,
4,Player 1,1525,Fleet Street,0,1525,
4,Player 2,1525,Bond Street,3,845,
5,Player 1,1525,Piccadilly,1,1305,
5,Player 1,1725,Old Kent Road,2,1225,
5,Player 1,1725,Jail,3,1165,
5,Player 2,1725,Whitechapel Road,4,725,
6,Player 1,785,Community Chest,4,65,
6,Player 2,1489,Electric Company ,4,489,
7,Player 1,810,Fleet Street,4,90,
7,Player 2,1489,Bow Street,5,339,
8,Player 1,810,Oxford Street,4,90,
8,Player 2,1879,Trafalgar Square,7,249,
9,Player 1,1010,GO,4,290,
9,Player 2,2059,Coventry Street,8,189,
10,Player 1,1010,Pall Mall,4,290,
10,Player 2,2059,Park Lane,8,189,
11,Player 1,1010,Marlborough Street,5,150,
11,Player 2,2523,Kings Cross Station,9,303,
12,Player 1,1136,Trafalgar Square,6,96,
12,Player 2,2693,Pall Mall,10,273,
13,Player 1,1126,Go To Jail,6,86,
13,Player 1,1126,Jail,6,86,
13,Player 2,2683,Marlborough Street,10,263,
14,Player 1,1140,Jail,6,100,
14,Player 2,2669,Fenchurch St Station,10,249,
15,Player 1,1090,Free Parking,6,50,
15,Player 1,1090,Oxford Street,6,50,
15,Player 1,1090,Super Tax,6,50,
15,Player 2,2839,Oxford Street,11,219,
16,Player 1,1290,Old Kent Road,6,250,
16,Player 2,3039,GO,11,419,
16,Player 2,3039,Community Chest,11,419,
16,Player 2,3239,Euston Road,11,619,
17,Player 1,1290,Pall Mall,6,250,
17,Player 2,3239,Whitehall ,12,519,
18,Player 1,1290,Bow Street,6,250,
18,Player 2,3253,Trafalgar Square,13,393,
19,Player 1,1276,Chance,6,236,
19,Player 2,3253,Go To Jail,13,393,
19,Player 2,3253,Jail,13,393,
20,Player 1,1261,Trafalgar Square,6,221,
20,Player 1,1241,Oxford Street,6,201,
20,Player 2,3273,Jail,13,413,
21,Player 1,1241,Mayfair,6,201,
21,Player 2,3523,Whitehall ,14,263,
22,Player 1,1441,Kings Cross Station,6,401,
22,Player 2,3623,Free Parking,14,363,
23,Player 1,1341,Pentonville Road,6,301,
23,Player 2,3623,Go To Jail,14,363,
23,Player 2,3623,Jail,14,363,
24,Player 1,1341,Northumberland Avenue,7,181,
24,Player 2,3679,Jail,15,259,
25,Player 1,1341,Bow Street,7,181,
25,Player 1,1327,The Strand,7,167,
25,Player 2,3661,Community Chest,15,241,
26,Player 1,1309,Regent Street,7,149,
26,Player 2,3936,Fenchurch St Station,16,216,
27,Player 1,1309,Park Lane,7,149,
27,Player 2,3936,Park Lane,16,216,
27,Player 2,4136,Kings Cross Station,16,416,
28,Player 1,1509,The Angel Islington,7,349,
28,Player 2,4136,Pall Mall,16,216,
29,Player 1,1519,Jail,8,259,
29,Player 2,4126,Marlborough Street,16,206,
30,Player 1,1533,The Strand,8,273,
30,Player 2,4130,The Strand,16,210,
31,Player 1,1515,Water Works,8,255,
31,Player 2,4130,Piccadilly,16,210,
32,Player 1,1537,Regent Street,9,127,
32,Player 2,4160,Park Lane,16,240,
33,Player 1,1685,GO,9,275,
33,Player 2,4360,Pentonville Road,16,440,
33,Player 2,4352,Bow Street,16,432,
34,Player 1,1693,Pentonville Road,9,283,
34,Player 2,4352,Free Parking,16,232,
35,Player 1,1693,Vine Street,9,283,
35,Player 1,1753,Chance,10,143,
35,Player 2,4352,Water Works,16,232,
36,Player 1,1765,Piccadilly,10,155,
36,Player 2,4320,Chance,16,200,
36,Player 2,4320,Marylebone Station,16,200,
37,Player 1,1765,Chance,10,155,
37,Player 1,1765,GO,10,155,
37,Player 2,4320,The Strand,16,200,
38,Player 1,1765,Kings Cross Station,10,155,
38,Player 2,4420,Coventry Street,16,300,
39,Player 1,1665,Electric Company ,10,55,
39,Player 2,4448,Liverpool Street,16,328,
39,Player 2,4648,Whitechapel Road,17,328,
40,Player 1,2087,Community Chest,10,477,
40,Player 1,2087,Jail,10,477,
40,Player 2,4408,Electric Company ,17,88,
41,Player 1,2087,Jail,10,477,
41,Player 2,4408,Fleet Street,17,88,
42,Player 1,2055,Vine Street,10,445,
42,Player 2,4390,Community Chest,17,70,
43,Player 1,2055,Coventry Street,10,445,
43,Player 2,4362,Super Tax,17,42,
44,Player 1,2033,Oxford Street,10,423,
44,Player 2,4562,Income Tax,17,242,
45,Player 1,2033,Bond Street,10,423,
45,Player 1,1977,Park Lane,10,367,
45,Player 2,4418,Jail,17,98,
46,Player 1,2177,Whitechapel Road,10,567,
46,Player 2,4418,Bow Street,17,98,
47,Player 1,2177,Jail,10,567,
47,Player 2,4418,Vine Street,17,98,
48,Player 1,2193,Marylebone Station,10,583,
48,Player 2,4602,Fenchurch St Station,17,282,
49,Player 1,1993,The Strand,10,383,
49,Player 1,1993,Fenchurch St Station,10,383,
49,Player 1,1793,Community Chest,10,183,
49,Player 2,4682,Piccadilly,17,362,
49,Player 2,4660,Liverpool Street,17,340,
50,Player 1,2025,Whitechapel Road,10,415,
50,Player 1,2025,The Angel Islington,10,415,
50,Player 2,4860,Community Chest,17,540,
50,Player 2,4860,Electric Company ,17,540,
51,Player 1,2025,Electric Company ,10,415,
51,Player 2,4763,Bow Street,17,243,
52,Player 1,2001,Marlborough Street,10,391,
52,Player 2,4763,Free Parking,17,243,
53,Player 1,2001,Trafalgar Square,10,391,
53,Player 1,1981,Bond Street,10,371,
53,Player 1,2125,GO,10,515,
53,Player 2,4839,Water Works,17,319,
53,Player 2,4807,Oxford Street,17,287,
54,Player 1,2157,Community Chest,10,547,
54,Player 1,2157,Old Kent Road,10,547,
54,Player 1,2157,Chance,10,547,
54,Player 2,4807,Park Lane,17,287,
55,Player 1,1957,Jail,10,347,
55,Player 2,5007,Income Tax,17,487,
56,Player 1,1957,Marylebone Station,10,347,
56,Player 2,5007,Whitehall ,17,287,
57,Player 1,1757,Fleet Street,10,147,
57,Player 2,5007,Fleet Street,17,287,
57,Player 2,4989,Water Works,17,269,
58,Player 1,1795,Bond Street,10,185,
58,Player 2,5025,Chance,17,305,
58,Player 2,5025,Jail,17,305,
59,Player 1,1939,Community Chest,10,329,
59,Player 2,5025,Jail,17,305,
60,Player 1,2039,Chance,10,429,
60,Player 1,2039,Pall Mall,10,429,
60,Player 2,4975,Marlborough Street,17,255,
61,Player 1,2053,Community Chest,10,443,
61,Player 1,2053,GO,10,443,
61,Player 2,4961,Fenchurch St Station,17,241,
62,Player 1,2053,Electric Company ,10,443,
62,Player 1,2005,Vine Street,10,395,
62,Player 2,5009,Regent Street,17,289,
63,Player 1,2005,Coventry Street,10,395,
63,Player 2,5031,Super Tax,17,311,
64,Player 1,1983,Liverpool Street,10,373,
64,Player 2,5331,Euston Road,17,411,
64,Player 2,5331,Marlborough Street,17,411,
65,Player 1,1997,Whitechapel Road,10,387,
65,Player 2,5317,Fenchurch St Station,17,397,
66,Player 1,1997,Euston Road,10,387,
66,Player 2,5323,Regent Street,17,203,
67,Player 1,1991,Community Chest,10,381,
67,Player 2,5323,Mayfair,17,203,
68,Player 1,2091,Chance,10,481,
68,Player 2,5523,Chance,17,403,
68,Player 2,5523,Income Tax,17,403,
69,Player 1,1861,Oxford Street,10,251,
69,Player 2,5323,Jail,17,203,
70,Player 1,2061,GO,10,451,
70,Player 2,5323,Community Chest,17,203,
71,Player 1,2061,Jail,10,451,
71,Player 1,2061,Marlborough Street,10,451,
71,Player 2,5223,Coventry Street,17,103,
71,Player 2,5223,Liverpool Street,17,103,
72,Player 1,2061,Piccadilly,10,451,
72,Player 2,5423,Income Tax,17,303,
73,Player 1,2061,Mayfair,10,451,
73,Player 1,0,Mayfair,0,0,
73,Player 1,200,The Angel Islington,0,200,
1,Player 2,1500,Kings Cross Station,0,1500,
1,Player 1,1500,Euston Road,0,1500,
2,Player 2,1500,Pentonville Road,1,1300,
2,Player 2,1500,Northumberland Avenue,2,1180,
2,Player 1,1500,Pall Mall,1,1400,
3,Player 2,1434,Free Parking,3,954,
3,Player 1,1500,The Strand,2,1260,
4,Player 2,1434,Regent Street,3,954,
4,Player 1,1379,Piccadilly,3,919,
5,Player 2,1434,Bond Street,4,654,
5,Player 1,1579,GO,4,839,
6,Player 2,1634,Whitechapel Road,5,534,
6,Player 1,1579,Jail,4,839,
7,Player 2,1634,Chance,6,474,
7,Player 1,1579,Northumberland Avenue,4,839,
8,Player 2,1746,Northumberland Avenue,6,586,
8,Player 1,1567,Fenchurch St Station,4,827,
9,Player 2,1746,Chance,6,586,
9,Player 2,1746,Mayfair,6,586,
9,Player 2,1946,Kings Cross Station,6,786,
9,Player 1,1627,Community Chest,6,287,
9,Player 1,1627,Jail,6,287,
10,Player 2,1946,Electric Company ,6,786,
10,Player 1,1627,Jail,6,287,
11,Player 2,1864,Free Parking,7,554,
11,Player 1,1577,Community Chest,6,237,
12,Player 2,1864,Coventry Street,7,554,
12,Player 1,1527,Fleet Street,6,187,
12,Player 1,1527,Oxford Street,6,187,
13,Player 2,2184,Liverpool Street,10,94,
13,Player 1,1677,Super Tax,7,137,
14,Player 2,2384,Income Tax,10,294,
14,Player 1,1777,Kings Cross Station,7,237,
15,Player 2,2209,Euston Road,10,119,
15,Player 1,1758,Electric Company ,7,218,
16,Player 2,2231,Free Parking,10,141,
16,Player 2,2231,Go To Jail,10,141,
16,Player 2,2231,Jail,10,141,
16,Player 1,1730,Trafalgar Square,7,190,
16,Player 1,1886,Regent Street,8,106,
17,Player 2,2283,Jail,10,193,
17,Player 1,1834,Mayfair,8,54,
17,Player 1,2034,Kings Cross Station,8,254,
18,Player 2,2258,Bow Street,10,168,
18,Player 1,2108,Northumberland Avenue,9,148,
19,Player 2,2270,Coventry Street,10,180,
19,Player 1,2096,Free Parking,9,136,
20,Player 2,2270,Regent Street,10,180,
20,Player 1,2096,Coventry Street,9,136,
21,Player 2,2292,Super Tax,10,202,
21,Player 1,2074,Regent Street,9,114,
21,Player 1,2222,Whitechapel Road,9,262,
21,Player 1,2218,Jail,9,258,
22,Player 2,2448,Income Tax,10,358,
22,Player 1,2218,Jail,9,258,
23,Player 2,2248,Electric Company ,10,158,
23,Player 1,2168,Vine Street,9,208,
24,Player 2,2248,Community Chest,10,158,
24,Player 1,2288,Piccadilly,10,128,
24,Player 1,2288,Liverpool Street,10,128,
24,Player 1,2288,Jail,10,128,
25,Player 2,2258,Coventry Street,10,168,
25,Player 2,2258,Oxford Street,10,168,
25,Player 1,2288,Jail,10,128,
26,Player 2,2258,Bond Street,10,168,
26,Player 2,2458,Old Kent Road,10,368,
26,Player 1,2238,Marylebone Station,10,78,
27,Player 2,2618,Kings Cross Station,12,268,
27,Player 1,2238,Fleet Street,10,78,
28,Player 2,2636,Whitehall ,12,286,
28,Player 1,2220,Community Chest,10,60,
28,Player 1,2220,Electric Company ,10,60,
29,Player 2,2676,Marlborough Street,13,186,
29,Player 1,2180,Vine Street,10,20,
30,Player 2,2838,Piccadilly,14,168,
30,Player 1,2202,Trafalgar Square,10,42,
31,Player 2,2816,Regent Street,14,146,
31,Player 2,2816,Super Tax,14,146,
31,Player 1,2202,Liverpool Street,10,42,
32,Player 2,2916,Kings Cross Station,14,246,
32,Player 1,2402,Whitechapel Road,10,242,
33,Player 2,2920,Electric Company ,14,250,
33,Player 1,2398,Pall Mall,10,238,
34,Player 2,2920,Community Chest,14,250,
34,Player 2,2920,Old Kent Road,14,250,
34,Player 1,2398,Free Parking,10,238,
35,Player 2,2920,Pall Mall,14,250,
35,Player 2,2910,Bow Street,14,240,
35,Player 1,2422,Leicester Square,10,262,
36,Player 2,2896,Marlborough Street,14,226,
36,Player 2,2896,Fleet Street,14,226,
36,Player 1,2539,Bond Street,11,119,
37,Player 2,2952,Coventry Street,14,282,
37,Player 2,2952,Park Lane,14,282,
37,Player 1,2683,Income Tax,11,263,
37,Player 1,2483,Jail,11,63,
38,Player 2,3467,Kings Cross Station,15,447,
38,Player 1,2483,Whitehall ,11,63,
39,Player 2,3477,Northumberland Avenue,15,257,
39,Player 1,2473,Marlborough Street,11,53,
40,Player 2,3491,The Strand,15,271,
40,Player 1,2477,Fleet Street,11,57,
41,Player 2,3491,Coventry Street,15,271,
41,Player 1,2459,Coventry Street,11,39,
42,Player 2,3513,Mayfair,15,293,
42,Player 2,3713,Jail,15,493,
42,Player 1,2437,Liverpool Street,11,17,
43,Player 2,3713,Vine Street,15,293,
43,Player 1,2653,Whitechapel Road,11,233,
44,Player 2,3701,Water Works,15,281,
44,Player 1,2649,Jail,11,229,
45,Player 2,3701,Go To Jail,16,131,
45,Player 2,3701,Jail,16,131,
45,Player 1,2649,Vine Street,11,229,
46,Player 2,3701,Jail,16,131,
46,Player 1,2649,Fenchurch St Station,11,229,
47,Player 2,3651,Marlborough Street,16,81,
47,Player 1,2649,Oxford Street,11,229,
48,Player 2,3781,Leicester Square,16,211,
48,Player 1,2541,Park Lane,11,121,
49,Player 2,3794,Oxford Street,16,224,
49,Player 1,2706,Income Tax,11,286,
50,Player 2,3794,Super Tax,16,224,
50,Player 2,3894,Chance,16,324,
50,Player 1,2506,Pall Mall,11,86,
51,Player 2,3962,Pentonville Road,16,392,
51,Player 2,3962,Bow Street,16,392,
51,Player 1,2520,Chance,11,100,
52,Player 2,3948,Marlborough Street,16,378,
52,Player 2,3948,Coventry Street,16,378,
52,Player 1,2490,Regent Street,11,70,
53,Player 2,4000,Bond Street,16,230,
53,Player 1,2438,Mayfair,11,18,
54,Player 2,4200,Old Kent Road,16,430,
54,Player 1,2638,Income Tax,11,218,
55,Player 2,4200,Pall Mall,16,230,
55,Player 1,2438,Northumberland Avenue,11,18,
56,Player 2,4212,Marlborough Street,16,242,
56,Player 1,2426,The Strand,11,6,
57,Player 2,4212,Water Works,16,242,
57,Player 1,2426,Trafalgar Square,11,6,
58,Player 2,4212,Oxford Street,16,242,
58,Player 1,2426,Piccadilly,11,6,
59,Player 2,4412,GO,16,442,
59,Player 1,2426,Bond Street,11,6,
60,Player 2,4862,The Angel Islington,16,392,
60,Player 2,4862,Electric Company ,17,292,
60,Player 1,2646,Whitechapel Road,11,226,
61,Player 2,4827,Vine Street,17,257,
61,Player 1,2587,Euston Road,11,167,
62,Player 2,4811,Fleet Street,17,241,
62,Player 1,2587,Community Chest,11,167,
63,Player 2,4811,Go To Jail,17,241,
63,Player 2,4811,Jail,17,241,
63,Player 1,2610,Trafalgar Square,11,190,
64,Player 2,4811,Jail,17,241,
64,Player 1,2610,Regent Street,11,190,
65,Player 2,5151,Vine Street,17,381,
65,Player 1,2666,Whitechapel Road,11,246,
65,Player 1,2646,Euston Road,11,226,
66,Player 2,5155,Leicester Square,17,385,
66,Player 1,2613,Marlborough Street,11,193,
67,Player 2,5147,Regent Street,17,377,
67,Player 1,2599,Leicester Square,11,179,
68,Player 2,5347,GO,17,577,
68,Player 1,2599,Regent Street,11,179,
69,Player 2,5737,Chance,17,167,
69,Player 1,2639,GO,11,219,
70,Player 2,5787,Community Chest,17,217,
70,Player 2,5787,GO,17,217,
70,Player 1,2584,Pentonville Road,11,164,
71,Player 2,5795,Whitechapel Road,17,225,
71,Player 1,2576,The Strand,11,156,
71,Player 1,2576,Fenchurch St Station,11,156,
71,Player 1,2576,Oxford Street,11,156,
72,Player 2,4695,Euston Road,17,125,
72,Player 1,2646,Community Chest,11,226,
72,Player 1,2746,Kings Cross Station,11,326,
73,Player 2,4745,Northumberland Avenue,17,175,
73,Player 1,2641,Northumberland Avenue,11,221,
74,Player 2,4757,Fenchurch St Station,17,187,
74,Player 1,2602,Free Parking,11,182,
75,Player 2,4707,Regent Street,17,137,
75,Player 1,2602,Fenchurch St Station,11,182,
76,Player 2,4707,Super Tax,17,137,
76,Player 1,2602,Chance,11,182,
76,Player 1,2602,Kings Cross Station,11,182,
77,Player 2,4857,Jail,17,287,
77,Player 2,4857,Marlborough Street,17,287,
77,Player 2,4857,Jail,17,287,
77,Player 1,2552,Pall Mall,11,132,
78,Player 2,4857,Jail,17,287,
78,Player 1,2552,Fleet Street,11,132,
78,Player 1,2534,Water Works,11,114,
79,Player 2,4875,Free Parking,17,305,
79,Player 1,2484,Park Lane,11,64,
80,Player 2,4910,Coventry Street,17,340,
80,Player 1,2649,Income Tax,11,229,
81,Player 2,4910,Bond Street,17,340,
81,Player 1,2449,Euston Road,11,29,
81,Player 1,2449,Marylebone Station,11,29,
82,Player 2,4960,Super Tax,17,390,
82,Player 1,2449,Fleet Street,11,29,
83,Player 2,5078,The Angel Islington,17,508,
83,Player 1,2431,Coventry Street,11,11,
84,Player 2,4300,Electric Company ,17,330,
84,Player 1,2459,Community Chest,11,39,
85,Player 2,4300,Vine Street,17,330,
85,Player 1,2495,Super Tax,11,75,
86,Player 2,4284,Leicester Square,17,314,
86,Player 1,2717,Kings Cross Station,11,297,
87,Player 2,4312,Regent Street,17,342,
87,Player 1,2612,Marylebone Station,11,192,
88,Player 2,4362,Chance,17,392,
88,Player 1,2562,Marlborough Street,11,142,
89,Player 2,4561,Whitechapel Road,17,591,
89,Player 1,2548,Coventry Street,11,128,
90,Player 2,4583,Jail,17,613,
90,Player 1,2526,Liverpool Street,11,106,
91,Player 2,4583,Community Chest,17,613,
91,Player 1,2526,Super Tax,11,106,
92,Player 2,4603,Trafalgar Square,17,633,
92,Player 1,2626,Whitechapel Road,11,206,
93,Player 2,4153,Go To Jail,18,83,
93,Player 2,4153,Jail,18,83,
93,Player 1,2446,Pentonville Road,10,126,
94,Player 2,4169,Jail,18,99,
94,Player 1,2430,Community Chest,10,110,
95,Player 2,4119,Marylebone Station,18,49,
95,Player 1,2440,Leicester Square,10,120,
96,Player 2,4119,Trafalgar Square,18,49,
96,Player 1,2440,Bond Street,10,120,
96,Player 1,0,Bond Street,0,0,
1,Player 1,1500,The Angel Islington,0,1500,
1,Player 2,1500,Chance,0,1500,
1,Player 2,1500,Mayfair,0,1500,
2,Player 1,1500,Northumberland Avenue,1,1400,
2,Player 2,1700,Jail,1,1300,
3,Player 1,1412,Chance,2,1152,
3,Player 1,1412,Marylebone Station,2,1152,
3,Player 2,1700,Northumberland Avenue,1,1300,
3,Player 2,1688,Bow Street,1,1288,
3,Player 2,1688,Leicester Square,2,1108,
4,Player 1,1424,The Strand,3,964,
4,Player 2,1545,Bond Street,3,705,
5,Player 1,1424,Water Works,4,744,
5,Player 2,1745,GO,4,585,
6,Player 1,1424,Liverpool Street,5,594,
6,Player 2,1745,The Angel Islington,4,585,
7,Player 1,1630,Chance,6,600,
7,Player 1,1630,Marylebone Station,6,600,
7,Player 1,1630,The Strand,6,600,
7,Player 1,1630,Piccadilly,6,600,
7,Player 2,1739,Whitehall ,4,579,
8,Player 1,1630,Park Lane,7,320,
8,Player 2,1824,Community Chest,6,174,
9,Player 1,1830,Pentonville Road,7,520,
9,Player 1,1830,Bow Street,8,400,
9,Player 2,1938,Fenchurch St Station,6,288,
10,Player 1,1876,Fleet Street,9,246,
10,Player 2,2015,Piccadilly,7,145,
10,Player 2,2015,Community Chest,7,145,
10,Player 2,2415,GO,7,545,
11,Player 1,1876,Oxford Street,9,246,
11,Player 2,2580,Kings Cross Station,8,210,
12,Player 1,2176,Old Kent Road,10,346,
12,Player 2,2580,Northumberland Avenue,8,210,
13,Player 1,2188,Pall Mall,11,298,
13,Player 2,2568,Fleet Street,8,198,
14,Player 1,2188,Community Chest,12,158,
14,Player 1,2188,Water Works,12,158,
14,Player 2,2568,Leicester Square,8,198,
15,Player 1,2188,Chance,12,158,
15,Player 2,2568,Community Chest,8,198,
15,Player 2,2568,Jail,8,198,
16,Player 1,2438,Income Tax,12,408,
16,Player 2,2568,Jail,8,198,
17,Player 1,2238,Northumberland Avenue,12,208,
17,Player 2,2518,Marlborough Street,8,148,
17,Player 2,2518,Fleet Street,8,148,
18,Player 1,2328,Fleet Street,13,118,
18,Player 2,2536,Regent Street,8,166,
18,Player 2,2991,Old Kent Road,9,321,
19,Player 1,2312,Go To Jail,13,102,
19,Player 1,2312,Jail,13,102,
19,Player 2,2989,Jail,9,319,
20,Player 1,2312,Jail,13,102,
20,Player 2,2989,Chance,9,319,
20,Player 2,2964,Regent Street,9,294,
21,Player 1,2262,Bow Street,13,52,
21,Player 1,2248,Fleet Street,13,38,
21,Player 2,3196,GO,9,526,
22,Player 1,2230,Piccadilly,13,20,
22,Player 2,3196,Euston Road,9,326,
23,Player 1,2230,Oxford Street,13,20,
23,Player 2,3248,Free Parking,10,278,
23,Player 2,3248,Go To Jail,10,278,
23,Player 2,3248,Jail,10,278,
24,Player 1,2428,Old Kent Road,13,218,
24,Player 2,3248,Jail,10,278,
25,Player 1,2373,Chance,13,163,
25,Player 2,3198,Marlborough Street,10,228,
26,Player 1,2367,Northumberland Avenue,13,157,
26,Player 2,3184,Fenchurch St Station,10,214,
27,Player 1,2567,Fleet Street,13,357,
27,Player 2,3002,Regent Street,10,32,
27,Player 2,3002,Mayfair,10,32,
28,Player 1,2549,Go To Jail,13,339,
28,Player 1,2549,Jail,13,339,
28,Player 2,3202,Chance,10,232,
28,Player 2,3202,Income Tax,10,232,
28,Player 2,3002,Pentonville Road,10,32,
29,Player 1,2557,Jail,13,347,
29,Player 2,2994,Whitehall ,10,24,
30,Player 1,2507,Marylebone Station,13,297,
30,Player 2,2994,Vine Street,10,24,
31,Player 1,2687,Free Parking,14,277,
31,Player 2,2994,Coventry Street,10,24,
31,Player 2,2994,Oxford Street,10,24,
32,Player 1,2921,Leicester Square,15,251,
32,Player 2,3016,Mayfair,10,46,
33,Player 1,2899,Park Lane,15,229,
33,Player 2,3391,Community Chest,10,421,
34,Player 1,2924,Whitechapel Road,15,254,
34,Player 1,2924,Jail,16,194,
34,Player 2,3341,Pall Mall,10,371,
35,Player 1,2934,Marylebone Station,16,204,
35,Player 2,3331,Community Chest,10,361,
35,Player 2,3431,Fenchurch St Station,10,461,
36,Player 1,3134,Vine Street,16,54,
36,Player 1,3134,The Strand,16,54,
36,Player 1,3134,Coventry Street,16,54,
36,Player 2,3231,Community Chest,10,261,
36,Player 2,3231,GO,10,261,
37,Player 1,3134,Oxford Street,16,54,
37,Player 2,3283,Jail,10,313,
37,Player 2,3283,Community Chest,10,313,
37,Player 2,3283,Old Kent Road,10,313,
38,Player 1,3172,Mayfair,16,92,
38,Player 2,3393,Kings Cross Station,10,223,
38,Player 2,3193,Jail,10,23,
39,Player 1,3447,Community Chest,16,367,
39,Player 2,3183,Northumberland Avenue,10,13,
40,Player 1,3181,The Angel Islington,16,201,
40,Player 2,3171,Marlborough Street,10,1,
41,Player 1,3195,Jail,16,215,
41,Player 2,3057,The Strand,10,87,
42,Player 1,3213,Community Chest,16,233,
42,Player 2,3039,Leicester Square,10,69,
43,Player 1,3238,Fenchurch St Station,16,258,
43,Player 2,3039,Community Chest,10,69,
44,Player 1,3238,Go To Jail,16,258,
44,Player 1,3238,Jail,16,258,
44,Player 2,3059,Super Tax,10,89,
45,Player 1,3238,Jail,16,258,
45,Player 2,3259,Kings Cross Station,10,289,
46,Player 1,3188,Community Chest,16,358,
46,Player 2,3059,Electric Company ,10,89,
47,Player 1,3331,Trafalgar Square,17,351,
47,Player 2,3059,Free Parking,10,89,
48,Player 1,3523,Community Chest,18,303,
48,Player 2,3059,Coventry Street,10,89,
49,Player 1,3445,Mayfair,18,225,
49,Player 2,3237,Chance,10,267,
50,Player 1,3445,Income Tax,18,225,
50,Player 2,3422,Old Kent Road,10,452,
51,Player 1,3495,Pentonville Road,18,275,
51,Player 2,3172,Income Tax,10,202,
52,Player 1,3495,Vine Street,18,275,
52,Player 1,3495,Fleet Street,18,275,
52,Player 1,3477,Go To Jail,18,257,
52,Player 1,3477,Jail,18,257,
52,Player 2,2990,Euston Road,10,20,
53,Player 1,3477,Jail,18,257,
53,Player 2,2990,Electric Company ,10,20,
53,Player 2,2850,The Strand,10,80,
54,Player 1,3485,Whitehall ,18,265,
54,Player 2,2842,Fenchurch St Station,10,72,
55,Player 1,3675,Trafalgar Square,18,455,
55,Player 2,2842,Oxford Street,10,72,
56,Player 1,3675,Oxford Street,18,455,
56,Player 2,2894,Liverpool Street,10,124,
57,Player 1,3869,Whitechapel Road,18,649,
57,Player 2,3094,Whitechapel Road,10,324,
58,Player 1,3419,Pall Mall,19,99,
58,Player 2,2744,Pentonville Road,9,74,
59,Player 1,3435,Bow Street,19,115,
59,Player 2,2742,Free Parking,9,72,
60,Player 1,3421,Fenchurch St Station,19,101,
60,Player 2,2742,Regent Street,9,72,
61,Player 1,3421,Community Chest,19,101,
61,Player 1,3631,Community Chest,19,311,
61,Player 2,2742,Chance,9,72,
61,Player 2,2742,Pall Mall,9,72,
62,Player 1,3591,Jail,19,271,
62,Player 2,2732,Marlborough Street,9,62,
63,Player 1,3605,Marylebone Station,19,285,
63,Player 2,2718,Fleet Street,9,48,
64,Player 1,3605,The Strand,19,285,
64,Player 2,2718,Go To Jail,9,48,
64,Player 2,2718,Jail,9,48,
65,Player 1,3605,Leicester Square,19,285,
65,Player 2,2740,Jail,9,70,
66,Player 1,3583,Regent Street,19,263,
66,Player 2,2690,Bow Street,9,20,
67,Player 1,3783,Whitechapel Road,19,463,
67,Player 1,3783,Pall Mall,19,463,
67,Player 1,3783,Jail,19,463,
67,Player 2,2690,Fenchurch St Station,9,20,
68,Player 1,3983,Jail,19,263,
68,Player 2,2690,Bond Street,9,20,
69,Player 1,3933,Electric Company ,19,213,
69,Player 1,3933,Community Chest,19,213,
69,Player 2,2890,Whitechapel Road,9,220,
70,Player 1,3883,Trafalgar Square,19,413,
70,Player 2,2730,Marylebone Station,9,60,
70,Player 2,2730,The Strand,9,60,
71,Player 1,4101,Community Chest,19,631,
71,Player 2,2712,Water Works,9,42,
72,Player 1,4571,Old Kent Road,19,1101,
72,Player 2,2842,Park Lane,9,172,
73,Player 1,4571,The Angel Islington,19,1101,
73,Player 2,3042,Kings Cross Station,9,372,
74,Player 1,4771,Northumberland Avenue,19,1301,
74,Player 1,4771,Trafalgar Square,19,1301,
74,Player 2,2842,Marylebone Station,9,172,
75,Player 1,3711,Oxford Street,20,101,
75,Player 2,2754,The Strand,8,224,
76,Player 1,3677,Super Tax,20,67,
76,Player 1,3877,Kings Cross Station,20,267,
76,Player 2,2736,Fenchurch St Station,8,206,
76,Player 2,2536,Regent Street,8,6,
76,Player 2,2536,Liverpool Street,8,6,
77,Player 1,4277,Northumberland Avenue,20,167,
77,Player 2,2736,Income Tax,8,206,
78,Player 1,4277,Fleet Street,20,167,
78,Player 2,2554,Pall Mall,8,24,
79,Player 1,4309,Regent Street,20,199,
79,Player 2,2704,Bow Street,8,174,
80,Player 1,4309,Park Lane,20,199,
80,Player 2,2780,Fleet Street,8,250,
81,Player 1,4334,Community Chest,20,224,
81,Player 1,4334,Electric Company ,20,224,
81,Player 2,2780,Coventry Street,8,250,
82,Player 1,4356,Community Chest,20,246,
82,Player 1,4356,Jail,20,246,
82,Player 2,2758,Chance,8,228,
83,Player 1,4356,Jail,20,246,
83,Player 2,3108,Old Kent Road,8,578,
84,Player 1,4556,Northumberland Avenue,20,246,
84,Player 2,2858,Electric Company ,8,328,
85,Player 1,4666,Free Parking,20,156,
85,Player 2,2748,Vine Street,8,218,
86,Player 1,4682,Piccadilly,20,172,
86,Player 2,2732,Fenchurch St Station,8,202,
86,Player 2,2532,Water Works,8,2,
87,Player 1,4912,Community Chest,20,102,
87,Player 2,2702,Community Chest,8,172,
88,Player 1,5062,Community Chest,20,252,
88,Player 1,5062,GO,20,252,
88,Player 2,3002,Whitechapel Road,8,472,
89,Player 1,4312,Chance,20,402,
89,Player 2,2552,Chance,8,22,
89,Player 2,2552,GO,8,22,
90,Player 1,4412,Whitehall ,20,502,
90,Player 1,4412,The Strand,20,502,
90,Player 2,2552,Pentonville Road,8,22,
91,Player 1,5012,Piccadilly,20,1102,
91,Player 2,2532,Vine Street,8,2,
92,Player 1,5028,Chance,20,1118,
92,Player 1,5028,Jail,20,1118,
92,Player 2,2716,Fleet Street,8,186,
93,Player 1,5028,Jail,20,1118,
93,Player 2,2716,Oxford Street,8,186,
94,Player 1,4978,Bow Street,20,1068,
94,Player 1,4978,The Strand,20,1068,
94,Player 2,2716,Bond Street,8,186,
94,Player 2,2716,Park Lane,8,186,
95,Player 1,4978,Go To Jail,20,1068,
95,Player 1,4978,Jail,20,1068,
95,Player 2,2716,Mayfair,8,186,
95,Player 2,2916,Kings Cross Station,8,386,
95,Player 2,2716,Northumberland Avenue,8,186,
96,Player 1,4458,Jail,21,268,
96,Player 2,2226,Free Parking,7,76,
97,Player 1,4408,The Strand,21,218,
97,Player 2,2226,Coventry Street,7,76,
98,Player 1,4430,Coventry Street,21,240,
98,Player 2,2204,Piccadilly,7,54,
98,Player 2,2182,Mayfair,7,32,
98,Player 2,2382,Chance,7,232,
99,Player 1,4452,Chance,21,262,
99,Player 2,2232,Jail,7,82,
100,Player 1,5017,Kings Cross Station,21,227,
100,Player 2,2232,Community Chest,7,82,
100,Player 2,2232,Old Kent Road,7,82,
101,Player 1,5086,Jail,21,296,
101,Player 2,2182,Kings Cross Station,7,32,
102,Player 1,5066,Vine Street,21,276,
102,Player 2,2182,Electric Company ,7,32,
103,Player 1,4736,Leicester Square,21,246,
103,Player 2,2312,Free Parking,7,162,
104,Player 1,4736,Bond Street,21,246,
104,Player 2,2312,Go To Jail,7,162,
104,Player 2,2312,Jail,7,162,
105,Player 1,4936,Community Chest,21,446,
105,Player 2,2302,Jail,7,152,
106,Player 1,4436,Euston Road,21,246,
106,Player 2,2252,Marylebone Station,7,102,
107,Player 1,4515,Whitehall ,21,125,
107,Player 2,2252,Trafalgar Square,7,102,
108,Player 1,4535,The Strand,21,145,
108,Player 2,2232,Water Works,7,82,
108,Player 2,2192,Community Chest,7,42,
109,Player 1,4575,Water Works,21,185,
109,Player 2,2217,Liverpool Street,7,67,
109,Player 2,2217,Mayfair,7,67,
110,Player 1,4775,Liverpool Street,21,185,
110,Player 2,2417,The Angel Islington,7,267,
111,Player 1,5371,Old Kent Road,21,581,
111,Player 2,2197,Pall Mall,7,47,
112,Player 1,5721,Pall Mall,21,731,
112,Player 2,2222,Community Chest,7,72,
113,Player 1,4921,Marlborough Street,21,531,
113,Player 2,2242,The Strand,7,92,
113,Player 2,2224,Water Works,7,74,
114,Player 1,5009,Coventry Street,21,619,
114,Player 2,2154,Super Tax,7,4,
115,Player 1,5009,Park Lane,21,619,
115,Player 1,5209,Income Tax,21,819,
115,Player 2,2354,Euston Road,7,204,
116,Player 1,5559,Marylebone Station,21,1169,
116,Player 2,2294,Northumberland Avenue,7,144,
116,Player 2,2169,Bow Street,7,19,
116,Player 2,2294,Coventry Street,7,144,
117,Player 1,5091,Coventry Street,22,291,
117,Player 1,5091,Regent Street,22,291,
117,Player 1,5291,GO,22,491,
117,Player 2,2012,Mayfair,6,122,
117,Player 2,2212,Whitechapel Road,6,322,
117,Player 2,1962,Jail,6,72,
118,Player 1,5598,Income Tax,22,348,
118,Player 2,1962,Marlborough Street,6,72,
119,Player 1,6348,Pentonville Road,22,198,
119,Player 2,1957,The Strand,6,67,
120,Player 1,6366,Bow Street,22,216,
120,Player 2,1939,Coventry Street,6,49,
121,Player 1,6566,Vine Street,22,566,
121,Player 2,1934,Bond Street,6,44,
122,Player 1,6566,Fleet Street,22,566,
122,Player 2,1934,Mayfair,6,44,
123,Player 1,6566,Piccadilly,22,566,
123,Player 1,6566,Bond Street,22,566,
123,Player 2,2134,Whitechapel Road,6,244,
124,Player 1,7016,Park Lane,22,1016,
124,Player 2,2044,Pentonville Road,6,154,
124,Player 2,1979,Whitehall ,6,89,
125,Player 1,8566,Old Kent Road,22,2566,
125,Player 2,1804,Free Parking,5,134,
126,Player 1,6586,Chance,23,216,
126,Player 1,6586,Mayfair,23,216,
126,Player 1,6786,Chance,23,416,
126,Player 1,6786,Marylebone Station,23,416,
126,Player 2,1804,Coventry Street,5,134,
126,Player 2,0,Coventry Street,0,0,
1,Player 2,1500,The Angel Islington,0,1500,
1,Player 1,1500,Euston Road,0,1500,
1,Player 1,1500,Marylebone Station,1,1400,
2,Player 2,1500,Whitehall ,1,1400,
2,Player 1,1500,Vine Street,2,1200,
2,Player 1,1500,Fenchurch St Station,3,1000,
3,Player 2,1500,The Strand,2,1260,
3,Player 2,1500,Leicester Square,3,1040,
3,Player 1,1500,Park Lane,4,800,
3,Player 1,1700,Pentonville Road,5,650,
3,Player 1,1700,Marlborough Street,6,530,
4,Player 2,1379,Regent Street,4,659,
4,Player 1,1700,Free Parking,7,350,
4,Player 1,1700,Leicester Square,7,350,
4,Player 1,1678,Go To Jail,7,328,
4,Player 1,1678,Jail,7,328,
5,Player 2,1401,Park Lane,5,381,
5,Player 1,1713,Jail,7,363,
6,Player 2,1566,Pentonville Road,5,546,
6,Player 2,1558,Bow Street,5,538,
6,Player 1,1671,Bow Street,7,321,
6,Player 1,1657,Vine Street,7,307,
7,Player 2,1572,Chance,6,372,
7,Player 1,1657,Go To Jail,7,307,
7,Player 1,1657,Jail,7,307,
8,Player 2,1622,Go To Jail,6,422,
8,Player 2,1622,Jail,6,422,
8,Player 1,1657,Jail,7,307,
9,Player 2,1622,Jail,6,422,
9,Player 1,1607,Vine Street,7,257,
10,Player 2,1572,Vine Street,6,372,
10,Player 1,1623,Piccadilly,7,273,
11,Player 2,1696,Water Works,7,216,
11,Player 1,1639,Mayfair,8,139,
12,Player 2,2016,Liverpool Street,8,136,
12,Player 1,1969,The Angel Islington,9,269,
13,Player 2,2222,Whitechapel Road,8,342,
13,Player 1,1963,Whitehall ,9,263,
14,Player 2,2232,Northumberland Avenue,9,292,
14,Player 1,1953,Bow Street,9,253,
15,Player 2,2246,Community Chest,10,146,
15,Player 1,1939,Fleet Street,9,239,
16,Player 2,2456,Water Works,11,136,
16,Player 1,1983,Coventry Street,9,283,
17,Player 2,2412,Chance,11,92,
17,Player 2,2612,Community Chest,11,292,
17,Player 2,2612,GO,11,292,
17,Player 2,2612,Pall Mall,11,292,
17,Player 1,2178,Piccadilly,10,218,
17,Player 1,2156,Chance,10,196,
18,Player 2,2634,Vine Street,12,174,
18,Player 1,2352,Old Kent Road,10,392,
19,Player 2,2618,Piccadilly,12,158,
19,Player 1,2352,Jail,11,332,
20,Player 2,2618,Chance,12,158,
20,Player 2,2618,Community Chest,12,158,
20,Player 2,2618,Old Kent Road,12,158,
20,Player 1,2354,Bow Street,11,334,
21,Player 2,2630,Chance,12,170,
21,Player 1,2340,The Strand,11,320,
22,Player 2,2633,Jail,12,173,
22,Player 1,2322,Oxford Street,11,302,
23,Player 2,2633,Marylebone Station,12,173,
23,Player 1,2617,Park Lane,12,297,
24,Player 2,2533,Fleet Street,12,73,
24,Player 1,2817,Euston Road,12,497,
25,Player 2,2533,Liverpool Street,12,73,
25,Player 2,2683,The Angel Islington,12,223,
25,Player 1,2917,Northumberland Avenue,12,597,
26,Player 2,2652,Northumberland Avenue,12,192,
26,Player 1,2893,Trafalgar Square,12,573,
26,Player 1,2893,Oxford Street,13,333,
27,Player 2,2652,Free Parking,12,192,
27,Player 1,3093,Community Chest,13,533,
28,Player 2,2642,Leicester Square,12,182,
28,Player 2,2642,Bond Street,12,182,
28,Player 1,3311,Electric Company ,14,431,
29,Player 2,2642,Mayfair,12,182,
29,Player 1,3311,Vine Street,15,281,
30,Player 2,2842,The Angel Islington,12,382,
30,Player 1,3311,Piccadilly,15,281,
31,Player 2,2864,Pall Mall,12,104,
31,Player 1,3289,Chance,15,259,
31,Player 1,3289,Pall Mall,15,259,
32,Player 2,2914,Free Parking,12,154,
32,Player 1,3239,Whitehall ,15,209,
32,Player 1,3189,Community Chest,15,159,
33,Player 2,2964,Fleet Street,12,104,
33,Player 1,3214,Leicester Square,15,184,
34,Player 2,2986,Fenchurch St Station,12,126,
34,Player 2,2886,Community Chest,12,26,
34,Player 1,3292,Park Lane,15,262,
35,Player 2,3106,GO,12,246,
35,Player 1,3492,The Angel Islington,15,462,
36,Player 2,3112,Euston Road,12,152,
36,Player 2,3106,Bow Street,12,146,
36,Player 2,3106,Fleet Street,12,146,
36,Player 1,3492,Electric Company ,15,462,
37,Player 2,3106,Leicester Square,12,146,
37,Player 1,3492,Free Parking,15,462,
38,Player 2,3106,Regent Street,12,146,
38,Player 1,3492,Fleet Street,15,462,
39,Player 2,3124,Chance,12,164,
39,Player 1,3474,Go To Jail,15,444,
39,Player 1,3474,Jail,15,444,
40,Player 2,3474,The Angel Islington,12,314,
40,Player 1,3474,Jail,15,444,
41,Player 2,3474,Jail,12,114,
41,Player 1,3424,Marylebone Station,15,394,
42,Player 2,3474,Community Chest,12,114,
42,Player 1,3424,Leicester Square,15,394,
43,Player 2,3546,Leicester Square,12,186,
43,Player 1,3402,Super Tax,15,372,
43,Player 1,3502,Income Tax,15,472,
44,Player 2,3546,Regent Street,12,186,
44,Player 1,3302,Euston Road,15,272,
45,Player 2,3546,Super Tax,12,186,
45,Player 1,3302,Community Chest,15,272,
46,Player 2,3646,Income Tax,12,286,
46,Player 1,3202,Fleet Street,15,172,
47,Player 2,3464,Northumberland Avenue,12,104,
47,Player 2,3464,Bow Street,12,104,
47,Player 2,3464,Chance,12,104,
47,Player 1,3184,Piccadilly,15,154,
48,Player 2,3586,Regent Street,12,126,
48,Player 1,3162,Liverpool Street,15,132,
49,Player 2,3586,Super Tax,12,126,
49,Player 1,3362,The Angel Islington,15,332,
50,Player 2,3692,Income Tax,12,232,
50,Player 1,3356,Northumberland Avenue,15,326,
51,Player 2,4027,Chance,12,367,
51,Player 2,4027,GO,12,367,
51,Player 1,3181,Marlborough Street,15,151,
51,Player 1,3181,Trafalgar Square,15,151,
52,Player 2,3227,Pall Mall,12,167,
52,Player 1,3181,Liverpool Street,15,151,
53,Player 2,3227,Northumberland Avenue,12,167,
53,Player 1,3381,GO,15,351,
54,Player 2,3227,Vine Street,12,167,
54,Player 1,3326,Kings Cross Station,15,296,
55,Player 2,3227,Piccadilly,12,167,
55,Player 2,3227,Chance,12,167,
55,Player 2,3227,Jail,12,167,
55,Player 1,3326,Jail,16,96,
56,Player 2,3227,Jail,12,167,
56,Player 1,3326,Marylebone Station,16,96,
57,Player 2,3177,Free Parking,12,117,
57,Player 1,3326,The Strand,16,96,
58,Player 2,3195,Coventry Street,12,135,
58,Player 1,3330,Water Works,16,100,
59,Player 2,3173,Go To Jail,12,113,
59,Player 2,3173,Jail,12,113,
59,Player 1,3330,Chance,16,100,
60,Player 2,3173,Jail,12,113,
60,Player 1,3530,Community Chest,16,300,
61,Player 2,3123,Whitehall ,12,63,
61,Player 1,3485,Kings Cross Station,16,255,
62,Player 2,3123,Marlborough Street,12,63,
62,Player 1,3499,Northumberland Avenue,16,269,
63,Player 2,3069,Fleet Street,13,249,
63,Player 1,3214,Marlborough Street,15,44,
63,Player 1,3214,Fenchurch St Station,15,44,
64,Player 2,3069,Leicester Square,13,249,
64,Player 1,3214,Park Lane,15,44,
64,Player 1,3414,Income Tax,15,244,
65,Player 2,3069,Bond Street,13,249,
65,Player 1,3242,Jail,15,72,
65,Player 1,3242,Community Chest,15,72,
66,Player 2,3241,Community Chest,13,421,
66,Player 2,3341,Income Tax,13,521,
66,Player 2,3141,Euston Road,13,321,
66,Player 1,3192,Coventry Street,15,22,
67,Player 2,3141,Northumberland Avenue,13,321,
67,Player 1,3192,Bond Street,15,22,
68,Player 2,3141,Trafalgar Square,13,321,
68,Player 2,3121,Piccadilly,13,301,
68,Player 1,3412,Community Chest,15,242,
69,Player 2,3121,Bond Street,13,301,
69,Player 1,3420,Northumberland Avenue,15,250,
69,Player 1,3195,Bow Street,15,25,
69,Player 1,3181,The Strand,15,11,
70,Player 2,3825,GO,13,905,
70,Player 2,3825,Jail,13,905,
70,Player 2,3825,Marylebone Station,13,905,
70,Player 1,3358,Regent Street,15,188,
71,Player 2,3651,Fenchurch St Station,13,731,
71,Player 1,3666,Whitechapel Road,15,496,
71,Player 1,3216,Jail,15,46,
72,Player 2,3901,Chance,13,981,
72,Player 1,3216,Community Chest,15,46,
72,Player 1,3216,Water Works,15,46,
73,Player 2,3526,Community Chest,13,606,
73,Player 2,3526,Jail,13,606,
73,Player 2,3526,Marlborough Street,13,606,
73,Player 1,3216,Super Tax,15,46,
74,Player 2,3526,Marlborough Street,13,606,
74,Player 1,3416,Community Chest,15,246,
75,Player 2,3476,Fenchurch St Station,13,556,
75,Player 1,3467,Pentonville Road,15,297,
76,Player 2,3276,Piccadilly,13,356,
76,Player 1,3467,Free Parking,15,297,
77,Player 2,3276,Liverpool Street,13,356,
77,Player 1,3447,Piccadilly,15,277,
78,Player 2,3298,Community Chest,13,378,
78,Player 1,3425,Mayfair,15,255,
78,Player 1,3575,The Angel Islington,15,405,
79,Player 2,3454,Euston Road,13,534,
79,Player 1,3465,Pall Mall,15,295,
80,Player 2,4198,Marylebone Station,13,1278,
80,Player 1,3385,The Strand,15,215,
81,Player 2,4016,Trafalgar Square,13,1096,
81,Player 1,3387,Coventry Street,15,217,
81,Player 1,3387,Chance,15,217,
81,Player 1,3387,Mayfair,15,217,
82,Player 2,4046,Oxford Street,13,1126,
82,Player 2,4020,Chance,13,1100,
82,Player 2,4020,Marylebone Station,13,1100,
82,Player 2,3820,Free Parking,13,900,
82,Player 1,3653,Kings Cross Station,15,483,
83,Player 2,3820,Piccadilly,13,900,
83,Player 1,3433,Euston Road,15,263,
84,Player 2,3820,Super Tax,13,900,
84,Player 1,3433,Marylebone Station,15,263,
85,Player 2,3920,Pentonville Road,13,1000,
85,Player 1,3441,Chance,15,271,
85,Player 1,3441,Fenchurch St Station,15,271,
86,Player 2,3912,Community Chest,13,992,
86,Player 2,3912,GO,13,992,
86,Player 1,3441,Bond Street,15,271,
87,Player 2,3912,The Angel Islington,13,992,
87,Player 1,3641,GO,15,471,
88,Player 2,3912,Northumberland Avenue,13,992,
88,Player 1,3531,Euston Road,15,361,
89,Player 2,3912,Community Chest,13,992,
89,Player 2,3912,Old Kent Road,13,992,
89,Player 1,3531,Pall Mall,15,361,
90,Player 2,4662,The Angel Islington,13,1742,
90,Player 1,3306,Northumberland Avenue,15,136,
91,Player 2,3402,Jail,14,242,
91,Player 1,3016,The Strand,14,86,
92,Player 2,3438,Marlborough Street,14,278,
92,Player 1,2980,Trafalgar Square,14,50,
93,Player 2,3478,Fleet Street,14,318,
93,Player 1,2940,Liverpool Street,14,10,
94,Player 2,3478,Go To Jail,14,318,
94,Player 2,3478,Jail,14,318,
94,Player 1,3140,Community Chest,14,210,
95,Player 2,3468,Jail,14,308,
95,Player 1,3095,Euston Road,14,165,
96,Player 2,3418,The Strand,14,258,
96,Player 1,3095,Community Chest,14,165,
97,Player 2,3418,Fleet Street,14,258,
97,Player 2,3418,Community Chest,14,258,
97,Player 1,3120,Chance,14,190,
98,Player 2,3638,Old Kent Road,14,478,
98,Player 1,3104,Regent Street,14,174,
99,Player 2,3664,The Angel Islington,14,204,
99,Player 1,3078,Super Tax,14,148,
100,Player 2,3664,Marylebone Station,14,204,
100,Player 1,3378,Community Chest,14,448,
101,Player 2,3464,Trafalgar Square,14,4,
101,Player 1,3247,The Angel Islington,14,317,
101,Player 1,3241,Northumberland Avenue,14,311,
101,Player 1,3016,The Strand,14,86,
102,Player 2,4406,Go To Jail,14,646,
102,Player 2,4406,Jail,14,646,
102,Player 1,2980,Trafalgar Square,14,50,
103,Player 2,4706,Jail,14,196,
103,Player 1,3030,Water Works,14,100,
104,Player 2,4656,Whitehall ,14,146,
104,Player 1,3030,Chance,14,100,
105,Player 2,4656,Chance,14,146,
105,Player 1,3230,Income Tax,14,300,
106,Player 2,4636,Regent Street,14,126,
106,Player 1,3030,Euston Road,14,100,
106,Player 1,3030,Northumberland Avenue,14,100,
107,Player 2,4536,Old Kent Road,14,476,
107,Player 1,2980,The Strand,14,50,
108,Player 2,4986,Pentonville Road,14,1376,
108,Player 2,4986,Northumberland Avenue,14,1376,
108,Player 1,3060,Oxford Street,14,130,
109,Player 2,4986,The Strand,14,1376,
109,Player 1,3260,Whitechapel Road,14,330,
110,Player 2,5436,Water Works,14,1826,
110,Player 1,3030,Pall Mall,14,100,
111,Player 2,6116,Super Tax,14,2506,
111,Player 1,2955,Marlborough Street,14,25,
112,Player 2,6216,Whitechapel Road,14,2606,
112,Player 1,2955,Water Works,14,25,
113,Player 2,3876,Electric Company ,15,6,
113,Player 1,2785,Oxford Street,13,115,
114,Player 2,4186,Community Chest,15,16,
114,Player 1,2785,Chance,13,115,
114,Player 1,2785,Community Chest,13,115,
114,Player 1,2795,Mayfair,13,125,
115,Player 2,4136,The Strand,15,66,
115,Player 1,2945,Chance,13,275,
116,Player 2,4136,Fenchurch St Station,15,66,
116,Player 2,4461,Piccadilly,15,41,
116,Player 1,2927,Northumberland Avenue,13,257,
117,Player 2,4563,Community Chest,15,293,
117,Player 1,2702,Trafalgar Square,13,32,
117,Player 1,2762,Regent Street,13,92,
118,Player 2,5639,Park Lane,15,1069,
118,Player 1,2736,Mayfair,13,66,
118,Player 1,2886,Community Chest,13,216,
119,Player 2,5889,The Angel Islington,15,569,
119,Player 1,2865,Chance,13,195,
119,Player 1,2865,Pall Mall,13,195,
120,Player 2,6039,Pall Mall,15,719,
120,Player 1,2700,Marylebone Station,13,30,
121,Player 2,4839,Free Parking,15,419,
121,Player 1,2700,The Strand,13,30,
122,Player 2,5889,Piccadilly,15,1469,
122,Player 1,2810,Regent Street,13,140,
122,Player 1,2784,Bond Street,13,114,
123,Player 2,5915,Chance,15,1495,
123,Player 1,2784,Mayfair,13,114,
124,Player 2,6315,Old Kent Road,15,1895,
124,Player 1,2934,Old Kent Road,13,264,
124,Player 1,2684,Electric Company ,13,14,
125,Player 2,6565,Chance,15,2145,
125,Player 1,2684,Marlborough Street,13,14,
126,Player 2,6665,Northumberland Avenue,15,2245,
126,Player 1,2684,Trafalgar Square,13,14,
127,Player 2,7765,Fleet Street,15,3345,
127,Player 1,2744,Go To Jail,13,74,
127,Player 1,2744,Jail,13,74,
128,Player 2,7765,Bond Street,15,3345,
128,Player 1,2744,Jail,13,74,
129,Player 2,7965,Community Chest,15,3545,
129,Player 1,2344,Electric Company ,12,24,
129,Player 1,2344,Northumberland Avenue,12,24,
129,Player 1,2429,Jail,12,109,
130,Player 2,5723,Euston Road,16,353,
130,Player 1,2429,Jail,12,109,
131,Player 2,5723,Electric Company ,16,353,
131,Player 2,5683,Marlborough Street,16,313,
131,Player 2,5683,Trafalgar Square,16,313,
131,Player 1,2419,Vine Street,12,99,
132,Player 2,5683,Liverpool Street,16,313,
132,Player 1,2498,Fleet Street,12,178,
133,Player 2,6533,Super Tax,16,763,
133,Player 1,2433,Coventry Street,12,113,
133,Player 1,2343,Bond Street,12,23,
134,Player 2,6983,Kings Cross Station,16,1213,
134,Player 1,2688,Kings Cross Station,12,368,
135,Player 2,5983,Euston Road,16,813,
135,Player 1,2546,Whitehall ,12,226,
136,Player 2,6127,Bow Street,16,957,
136,Player 1,2396,Free Parking,12,76,
137,Player 2,6127,Fleet Street,16,957,
137,Player 1,2396,Go To Jail,12,76,
137,Player 1,2396,Jail,12,76,
138,Player 2,6127,Go To Jail,16,957,
138,Player 2,6127,Jail,16,957,
138,Player 1,2396,Jail,12,76,
139,Player 2,6127,Jail,16,957,
139,Player 1,2346,Northumberland Avenue,12,26,
139,Player 1,2431,The Strand,12,111,
140,Player 2,8027,Marylebone Station,16,2857,
140,Player 1,2511,Go To Jail,12,191,
140,Player 1,2511,Jail,12,191,
141,Player 2,7827,Chance,16,2657,
141,Player 2,7827,GO,16,2657,
141,Player 1,2511,Jail,12,191,
142,Player 2,7827,Community Chest,16,2657,
142,Player 2,7827,Electric Company ,16,2657,
142,Player 2,7807,Community Chest,16,2637,
142,Player 2,7807,Jail,16,2637,
142,Player 1,2481,Free Parking,12,161,
143,Player 2,7807,Jail,16,2637,
143,Player 1,2481,Chance,12,161,
143,Player 1,2481,Jail,12,161,
144,Player 2,7757,Marylebone Station,16,2587,
144,Player 1,2533,Jail,12,213,
145,Player 2,7557,Free Parking,16,2387,
145,Player 1,2483,Marlborough Street,12,163,
146,Player 2,7557,Fleet Street,16,2387,
146,Player 1,2483,Piccadilly,12,163,
147,Player 2,8757,Water Works,16,3587,
147,Player 1,2393,Community Chest,12,73,
147,Player 1,2343,Super Tax,12,23,
148,Player 2,8707,Liverpool Street,16,3537,
148,Player 1,2688,Whitechapel Road,12,368,
149,Player 2,9157,Community Chest,16,3987,
149,Player 1,2388,Euston Road,12,68,
150,Player 2,9257,Income Tax,16,4087,
150,Player 2,9057,Marylebone Station,16,3887,
150,Player 1,2533,Community Chest,12,213,
150,Player 1,2533,GO,12,213,
151,Player 2,8857,Community Chest,16,3687,
151,Player 2,8857,Old Kent Road,16,3687,
151,Player 2,8857,Euston Road,16,3687,
151,Player 1,2539,Income Tax,12,219,
151,Player 1,2339,Electric Company ,12,19,
152,Player 2,8851,Northumberland Avenue,16,3681,
152,Player 2,8851,Vine Street,16,3681,
152,Player 1,2339,Vine Street,12,19,
153,Player 2,8851,Water Works,16,3681,
153,Player 1,2429,Fenchurch St Station,12,109,
153,Player 1,2429,Community Chest,12,109,
154,Player 2,8751,Liverpool Street,16,3581,
154,Player 1,2573,Mayfair,12,253,
154,Player 1,0,Mayfair,0,0,
154,Player 1,200,The Angel Islington,0,200,
1,Player 1,1500,Pentonville Road,0,1500,
1,Player 2,1500,Whitechapel Road,0,1500,
2,Player 1,1500,Marylebone Station,1,1380,
2,Player 2,1500,Whitehall ,1,1440,
3,Player 1,1500,Chance,2,1180,
3,Player 1,1500,Fenchurch St Station,2,1180,
3,Player 2,1500,Marlborough Street,2,1300,
4,Player 1,1390,Liverpool Street,3,870,
4,Player 2,1500,Piccadilly,3,1120,
5,Player 1,1590,Whitechapel Road,4,870,
5,Player 2,1504,Liverpool Street,4,844,
6,Player 1,1686,Jail,4,966,
6,Player 2,1604,Community Chest,4,944,
6,Player 2,1604,GO,4,944,
7,Player 1,1686,Vine Street,4,966,
7,Player 2,1604,Jail,4,944,
8,Player 1,1576,Water Works,5,656,
8,Player 2,1604,Bow Street,4,944,
9,Player 1,1576,Park Lane,6,506,
9,Player 2,1565,Trafalgar Square,6,375,
9,Player 2,1565,Regent Street,6,375,
10,Player 1,1824,Kings Cross Station,7,514,
10,Player 2,1700,Chance,7,210,
11,Player 1,1824,Electric Company ,8,314,
11,Player 2,1885,The Angel Islington,7,395,
12,Player 1,1824,Vine Street,9,164,
12,Player 2,1885,Bow Street,8,295,
12,Player 2,1885,Fleet Street,8,295,
13,Player 1,1824,Leicester Square,9,164,
13,Player 2,2175,Go To Jail,10,105,
13,Player 2,2175,Jail,10,105,
14,Player 1,1824,Liverpool Street,9,164,
14,Player 2,2175,Jail,10,105,
15,Player 1,2024,GO,9,364,
15,Player 2,2125,Northumberland Avenue,10,55,
16,Player 1,2152,Chance,10,332,
16,Player 1,2152,Marylebone Station,10,332,
16,Player 2,2125,The Strand,10,55,
17,Player 1,2350,Chance,11,310,
17,Player 2,2125,Coventry Street,10,55,
18,Player 1,2634,Community Chest,12,334,
18,Player 2,2125,Park Lane,10,55,
19,Player 1,2934,Whitechapel Road,12,634,
19,Player 2,2329,Whitechapel Road,10,259,
20,Player 1,2655,Jail,12,355,
20,Player 2,2329,Pall Mall,10,259,
20,Player 2,2329,Fleet Street,11,119,
20,Player 2,2329,Piccadilly,11,119,
21,Player 1,2655,Vine Street,12,355,
21,Player 2,2329,Mayfair,11,119,
22,Player 1,2975,Chance,13,275,
22,Player 2,2529,Chance,11,319,
23,Player 1,2975,Leicester Square,13,275,
23,Player 1,2953,Oxford Street,13,253,
23,Player 2,2716,Marylebone Station,12,206,
24,Player 1,3153,Mayfair,13,453,
24,Player 2,2516,Vine Street,12,6,
24,Player 2,2530,Go To Jail,12,20,
24,Player 2,2530,Jail,12,20,
25,Player 1,3369,The Angel Islington,13,669,
25,Player 2,2536,Jail,12,26,
26,Player 1,3363,Whitehall ,13,663,
26,Player 2,2546,Jail,12,36,
27,Player 1,3353,Free Parking,13,653,
27,Player 2,2546,Jail,12,36,
28,Player 1,3353,Fenchurch St Station,13,653,
28,Player 2,2546,Jail,12,36,
29,Player 1,3353,Go To Jail,13,653,
29,Player 1,3353,Jail,13,653,
29,Player 2,2546,Marlborough Street,12,36,
30,Player 1,3353,Jail,13,653,
30,Player 2,2546,Water Works,12,36,
31,Player 1,3403,Marylebone Station,13,703,
31,Player 2,2546,Bond Street,12,36,
32,Player 1,3691,Vine Street,14,671,
32,Player 2,2546,Mayfair,12,36,
33,Player 1,3741,Water Works,14,721,
33,Player 2,2726,Income Tax,12,216,
34,Player 1,3741,Community Chest,14,721,
34,Player 1,3741,Electric Company ,14,721,
34,Player 2,2526,Pall Mall,12,16,
35,Player 1,3741,Community Chest,14,721,
35,Player 2,2526,Northumberland Avenue,12,16,
36,Player 1,3773,Fleet Street,14,753,
36,Player 2,2532,Fenchurch St Station,12,22,
37,Player 1,3955,Regent Street,14,935,
37,Player 2,2522,Water Works,12,12,
38,Player 1,3985,Park Lane,14,965,
38,Player 2,2557,Oxford Street,12,47,
38,Player 2,2557,Mayfair,12,47,
39,Player 1,4200,The Angel Islington,14,1180,
39,Player 2,2743,Pentonville Road,12,233,
40,Player 1,4202,Electric Company ,14,1182,
40,Player 2,2702,Marlborough Street,12,192,
41,Player 1,4202,Marlborough Street,14,1182,
41,Player 2,2702,Fleet Street,12,192,
42,Player 1,4202,Trafalgar Square,14,1182,
42,Player 1,4202,Regent Street,14,1182,
42,Player 2,2702,Coventry Street,12,192,
42,Player 2,2680,Community Chest,12,170,
43,Player 1,4224,Bond Street,14,1204,
43,Player 2,2705,Park Lane,12,195,
43,Player 2,2905,The Angel Islington,12,395,
44,Player 1,4424,Community Chest,14,1404,
44,Player 1,4424,Old Kent Road,14,1404,
44,Player 1,4424,Whitehall ,15,1344,
44,Player 1,4414,Free Parking,15,1334,
44,Player 2,2778,Community Chest,11,328,
45,Player 1,3464,Leicester Square,16,224,
45,Player 2,2711,Piccadilly,11,261,
45,Player 2,2711,Chance,11,261,
45,Player 2,2711,Mayfair,11,261,
46,Player 1,3492,Oxford Street,16,252,
46,Player 2,2861,Community Chest,11,411,
47,Player 1,3692,GO,16,452,
47,Player 2,2896,Income Tax,11,446,
47,Player 2,2696,Euston Road,11,246,
47,Player 2,2696,Community Chest,12,146,
48,Player 1,3692,Jail,16,452,
48,Player 2,2646,Coventry Street,12,96,
49,Player 1,3714,Marylebone Station,16,474,
49,Player 2,2624,Community Chest,12,74,
49,Player 2,2724,Park Lane,12,174,
50,Player 1,3714,Chance,16,474,
50,Player 1,3714,Vine Street,16,474,
50,Player 2,2924,Income Tax,12,374,
51,Player 1,3714,Fenchurch St Station,16,474,
51,Player 2,2724,Jail,12,174,
52,Player 1,3714,Liverpool Street,16,474,
52,Player 1,3914,Old Kent Road,16,674,
52,Player 1,3914,Pentonville Road,16,674,
52,Player 2,2724,Community Chest,12,174,
53,Player 1,3914,Vine Street,16,674,
53,Player 2,2774,Leicester Square,12,224,
54,Player 1,3914,Leicester Square,16,674,
54,Player 2,2796,Super Tax,12,246,
54,Player 2,2896,Pentonville Road,12,346,
55,Player 1,3900,Oxford Street,16,660,
55,Player 2,2888,Bow Street,12,338,
56,Player 1,3900,Mayfair,16,660,
56,Player 2,2888,Leicester Square,12,338,
57,Player 1,4100,Pentonville Road,16,860,
57,Player 2,2888,Water Works,12,338,
57,Player 2,2868,Park Lane,12,318,
58,Player 1,4120,Free Parking,16,880,
58,Player 2,3068,Community Chest,12,518,
59,Player 1,4120,Leicester Square,16,880,
59,Player 2,3040,Euston Road,12,490,
60,Player 1,4098,Oxford Street,16,858,
60,Player 2,3040,Bow Street,12,490,
61,Player 1,4098,Chance,16,858,
61,Player 2,3040,The Strand,12,490,
62,Player 1,4466,Kings Cross Station,16,1226,
62,Player 2,3022,Fenchurch St Station,12,472,
62,Player 2,2822,Regent Street,12,272,
62,Player 2,2822,Jail,12,272,
63,Player 1,4666,Whitehall ,16,1426,
63,Player 2,2832,Jail,12,282,
64,Player 1,4656,Free Parking,16,1416,
64,Player 2,2782,Marylebone Station,12,232,
65,Player 1,4856,Leicester Square,16,1616,
65,Player 2,2604,The Strand,12,54,
65,Player 2,2586,Water Works,12,36,
66,Player 1,4922,Liverpool Street,16,1682,
66,Player 2,2586,Mayfair,12,36,
67,Player 1,5172,Kings Cross Station,16,1932,
67,Player 2,2806,The Angel Islington,12,256,
68,Player 1,5172,Pall Mall,16,1932,
68,Player 2,2739,Marlborough Street,12,189,
68,Player 2,2739,Piccadilly,12,189,
69,Player 1,5162,Community Chest,16,1922,
69,Player 2,2739,Mayfair,12,189,
70,Player 1,5112,Trafalgar Square,16,1872,
70,Player 2,2889,Kings Cross Station,12,339,
71,Player 1,5312,Go To Jail,16,2072,
71,Player 1,5312,Jail,16,2072,
71,Player 2,2689,Pall Mall,12,139,
71,Player 2,2689,Community Chest,12,139,
71,Player 2,2689,Jail,12,139,
72,Player 1,5312,Jail,16,2072,
72,Player 2,2689,Jail,12,139,
73,Player 1,5262,Vine Street,16,2022,
73,Player 2,2639,Chance,12,89,
73,Player 2,2739,Piccadilly,12,189,
74,Player 1,5262,Coventry Street,16,2022,
74,Player 2,2739,Bond Street,12,189,
75,Player 1,5290,Community Chest,16,2050,
75,Player 2,2711,Mayfair,12,161,
76,Player 1,5350,Super Tax,16,2110,
76,Player 2,2861,Chance,12,311,
76,Player 2,2861,Jail,12,311,
77,Player 1,5450,Kings Cross Station,16,2210,
77,Player 2,2641,Jail,11,311,
78,Player 1,3470,Community Chest,17,10,
78,Player 1,3470,GO,17,10,
78,Player 1,3470,Kings Cross Station,17,10,
78,Player 2,2591,Bow Street,11,261,
79,Player 1,3470,Electric Company ,17,10,
79,Player 2,2591,Marlborough Street,11,261,
79,Player 2,2591,Trafalgar Square,11,261,
80,Player 1,3510,Fleet Street,17,50,
80,Player 2,2551,Oxford Street,11,221,
81,Player 1,3510,Regent Street,17,50,
81,Player 2,2777,Community Chest,11,447,
82,Player 1,3484,Mayfair,17,24,
82,Player 2,2877,Kings Cross Station,11,547,
83,Player 1,3884,Kings Cross Station,17,424,
83,Player 2,2677,Chance,11,347,
83,Player 2,2677,GO,11,347,
83,Player 2,2677,Euston Road,11,347,
84,Player 1,3884,Bow Street,17,274,
84,Player 2,2691,Marylebone Station,11,361,
85,Player 1,4070,Leicester Square,17,160,
85,Player 1,4048,Community Chest,17,138,
85,Player 1,4048,Electric Company ,17,138,
85,Player 2,2513,Fenchurch St Station,11,183,
86,Player 1,4248,Chance,17,188,
86,Player 1,4248,Pall Mall,17,188,
86,Player 2,2393,Oxford Street,11,63,
87,Player 1,4238,Marlborough Street,17,178,
87,Player 2,2607,GO,11,277,
88,Player 1,4224,The Strand,17,164,
88,Player 2,2530,Income Tax,11,200,
88,Player 2,2330,Whitehall ,11,0,
89,Player 1,4224,Go To Jail,17,164,
89,Player 1,4224,Jail,17,164,
89,Player 2,2330,Marlborough Street,11,0,
90,Player 1,4224,Jail,17,164,
90,Player 2,2330,Trafalgar Square,11,0,
91,Player 1,4474,Marylebone Station,17,264,
91,Player 2,2420,Coventry Street,11,90,
92,Player 1,4496,Fenchurch St Station,17,286,
92,Player 2,2398,Oxford Street,11,68,
93,Player 1,4496,Liverpool Street,17,286,
93,Player 2,2398,Super Tax,11,68,
94,Player 1,4696,Old Kent Road,17,486,
94,Player 1,4696,Euston Road,17,486,
94,Player 2,2604,Community Chest,11,274,
94,Player 2,2624,The Angel Islington,11,294,
95,Player 1,4690,Northumberland Avenue,17,180,
95,Player 2,2547,Pall Mall,11,217,
96,Player 1,4690,Trafalgar Square,17,180,
96,Player 2,2547,The Strand,11,217,
97,Player 1,4940,Piccadilly,17,280,
97,Player 2,2367,Coventry Street,11,37,
97,Player 2,2345,Park Lane,11,15,
97,Player 2,2545,Income Tax,11,215,
98,Player 1,4962,Bond Street,17,152,
98,Player 2,2345,Whitehall ,11,15,
99,Player 1,5162,Income Tax,17,352,
99,Player 2,2345,Marlborough Street,11,15,
100,Player 1,4962,Pall Mall,17,152,
100,Player 2,2355,Chance,11,25,
100,Player 2,2335,Piccadilly,11,5,
101,Player 1,4952,Community Chest,17,142,
101,Player 2,2335,Regent Street,11,5,
101,Player 2,2335,Super Tax,11,5,
102,Player 1,4977,Fenchurch St Station,17,167,
102,Player 2,2535,Chance,11,205,
103,Player 1,4977,Piccadilly,17,167,
103,Player 2,2385,Marylebone Station,11,55,
104,Player 1,5177,Oxford Street,17,217,
104,Player 2,2345,Vine Street,11,15,
104,Player 2,2399,Fleet Street,11,69,
105,Player 1,4693,Super Tax,17,333,
105,Player 1,4793,Income Tax,17,433,
105,Player 1,4593,Jail,17,233,
105,Player 2,2414,Regent Street,11,84,
106,Player 1,4593,Jail,17,233,
106,Player 2,2414,Community Chest,11,84,
106,Player 2,2414,Old Kent Road,11,84,
106,Player 2,2464,Euston Road,11,134,
107,Player 1,4193,Vine Street,17,283,
107,Player 2,2464,Northumberland Avenue,11,134,
108,Player 1,4205,Leicester Square,17,295,
108,Player 2,2474,Community Chest,11,144,
109,Player 1,4173,Regent Street,17,263,
109,Player 2,2484,Fenchurch St Station,11,154,
109,Player 2,2354,Oxford Street,11,24,
110,Player 1,4373,Mayfair,17,463,
110,Player 1,4573,Euston Road,17,663,
110,Player 2,2560,Whitechapel Road,11,230,
111,Player 1,5017,Electric Company ,17,1107,
111,Player 1,5017,Bow Street,17,1107,
111,Player 2,2410,Jail,11,80,
112,Player 1,5017,Fenchurch St Station,17,1107,
112,Player 2,2410,Marylebone Station,11,80,
113,Player 1,5217,Water Works,17,1307,
113,Player 2,2370,Free Parking,11,40,
114,Player 1,5217,Community Chest,17,1307,
114,Player 2,2370,Piccadilly,11,40,
115,Player 1,5417,Super Tax,17,1507,
115,Player 2,2370,Liverpool Street,11,40,
116,Player 1,5717,Whitechapel Road,17,1807,
116,Player 2,2670,GO,11,340,
117,Player 1,5717,The Angel Islington,17,1807,
117,Player 2,2599,Whitechapel Road,11,269,
118,Player 1,6161,Whitehall ,17,2251,
118,Player 2,2449,Northumberland Avenue,11,119,
119,Player 1,6173,Trafalgar Square,17,2263,
119,Player 2,2437,Free Parking,11,107,
119,Player 2,2437,Coventry Street,11,107,
120,Player 1,6195,Oxford Street,17,2285,
120,Player 2,2415,Regent Street,11,85,
120,Player 2,2415,Super Tax,11,85,
121,Player 1,6195,Super Tax,17,2285,
121,Player 2,2615,Whitechapel Road,11,285,
122,Player 1,6745,The Angel Islington,17,2835,
122,Player 2,2471,Pall Mall,11,141,
123,Player 1,6739,Community Chest,17,2829,
123,Player 2,2471,Community Chest,11,141,
124,Player 1,6689,Trafalgar Square,17,2779,
124,Player 2,2571,Leicester Square,11,241,
125,Player 1,6689,Oxford Street,17,2779,
125,Player 2,2571,Community Chest,11,241,
126,Player 1,6689,Liverpool Street,17,2779,
126,Player 2,2544,Mayfair,11,214,
127,Player 1,6939,GO,17,3029,
127,Player 2,2694,Whitechapel Road,11,364,
128,Player 1,7389,Chance,17,3479,
128,Player 1,7389,Marylebone Station,17,3479,
128,Player 2,2404,Pall Mall,11,74,
129,Player 1,7389,Chance,17,3479,
129,Player 2,2404,Bow Street,11,74,
130,Player 1,7374,Oxford Street,17,3464,
130,Player 2,2404,Fleet Street,11,74,
131,Player 1,5474,Old Kent Road,18,414,
131,Player 2,2119,Bond Street,10,139,
132,Player 1,5502,Jail,18,242,
132,Player 2,2291,Income Tax,10,311,
133,Player 1,5502,Free Parking,18,242,
133,Player 2,2091,Pentonville Road,10,111,
134,Player 1,5510,Trafalgar Square,18,250,
134,Player 2,2083,Whitehall ,10,103,
135,Player 1,5510,Bond Street,18,250,
135,Player 2,2083,Vine Street,10,103,
136,Player 1,5726,Old Kent Road,18,466,
136,Player 2,2067,Go To Jail,10,87,
136,Player 2,2067,Jail,10,87,
137,Player 1,5726,Income Tax,18,266,
137,Player 2,2067,Jail,10,87,
138,Player 1,5526,Pall Mall,18,66,
138,Player 2,2017,Community Chest,10,37,
139,Player 1,5526,Bow Street,18,66,
139,Player 2,2037,Fenchurch St Station,10,57,
140,Player 1,5726,Coventry Street,18,266,
140,Player 2,1997,Piccadilly,10,17,
141,Player 1,5726,Bond Street,18,266,
141,Player 2,1997,Mayfair,10,17,
141,Player 2,0,Mayfair,0,0,
141,Player 2,200,Whitechapel Road,0,200,
141,Player 2,0,Whitechapel Road,0,0,
1,Player 2,1500,Pall Mall,0,1500,
1,Player 1,1500,The Angel Islington,0,1500,
2,Player 2,1423,Whitehall ,1,1283,
2,Player 2,1423,Free Parking,2,1143,
2,Player 1,1500,Pall Mall,1,1400,
3,Player 2,1433,Leicester Square,2,1153,
3,Player 1,1490,Bow Street,1,1390,
4,Player 2,1433,Super Tax,3,893,
4,Player 2,1533,Kings Cross Station,3,993,
4,Player 1,1490,Vine Street,2,1210,
5,Player 2,1423,Whitehall ,4,683,
5,Player 1,1490,Fenchurch St Station,3,1010,
6,Player 2,1423,Vine Street,4,683,
6,Player 1,1396,Bond Street,4,716,
7,Player 2,1407,Water Works,4,667,
7,Player 1,1596,Community Chest,5,596,
7,Player 1,1596,Old Kent Road,5,596,
7,Player 1,1596,The Angel Islington,6,536,
8,Player 2,1407,Bond Street,5,517,
8,Player 2,1407,Mayfair,5,517,
8,Player 1,1696,Northumberland Avenue,7,236,
9,Player 2,1655,Euston Road,6,305,
9,Player 1,1696,Free Parking,7,236,
10,Player 2,1655,Northumberland Avenue,7,105,
10,Player 1,1696,Water Works,7,236,
11,Player 2,1687,Fleet Street,7,137,
11,Player 1,1807,Community Chest,8,127,
12,Player 2,1677,Regent Street,7,127,
12,Player 1,2042,Super Tax,9,62,
13,Player 2,1677,Bond Street,7,127,
13,Player 1,2242,The Angel Islington,9,262,
14,Player 2,1677,Park Lane,7,127,
14,Player 1,2506,Northumberland Avenue,10,176,
15,Player 2,2057,GO,7,307,
15,Player 1,2376,Bow Street,10,46,
15,Player 1,2376,Vine Street,10,46,
16,Player 2,2057,Community Chest,7,107,
16,Player 2,2257,Chance,7,307,
16,Player 2,2257,Marylebone Station,7,307,
16,Player 1,2376,Coventry Street,10,46,
17,Player 2,2671,The Strand,9,161,
17,Player 2,2869,Coventry Street,10,139,
17,Player 2,2869,Chance,10,139,
17,Player 1,2376,Oxford Street,10,46,
18,Player 2,3324,Whitechapel Road,11,294,
18,Player 1,2376,Chance,10,46,
18,Player 1,2376,Marylebone Station,10,46,
19,Player 2,3374,Jail,12,284,
19,Player 1,2376,Trafalgar Square,10,46,
20,Player 2,3590,Marlborough Street,13,260,
20,Player 1,2376,Regent Street,10,46,
21,Player 2,3734,Coventry Street,14,224,
21,Player 1,2376,Mayfair,10,46,
22,Player 2,3734,Piccadilly,14,224,
22,Player 2,3986,Liverpool Street,15,196,
22,Player 1,2576,Pentonville Road,10,246,
23,Player 2,4366,Whitechapel Road,16,376,
23,Player 1,2576,Marlborough Street,11,126,
24,Player 2,4380,Jail,16,240,
24,Player 1,2562,Fleet Street,11,112,
25,Player 2,4380,Marlborough Street,16,240,
25,Player 1,2562,Piccadilly,11,112,
26,Player 2,4500,Fleet Street,16,210,
26,Player 1,2492,Mayfair,11,42,
27,Player 2,4500,Fenchurch St Station,16,210,
27,Player 2,4475,Bond Street,16,185,
27,Player 1,2717,Chance,11,267,
28,Player 2,4475,Park Lane,16,185,
28,Player 1,2712,Community Chest,11,262,
29,Player 2,4675,Whitechapel Road,16,385,
29,Player 1,2662,Fleet Street,11,212,
30,Player 2,4675,Kings Cross Station,16,185,
30,Player 2,4675,Electric Company ,16,185,
30,Player 1,2662,Bond Street,11,212,
31,Player 2,4698,Community Chest,17,58,
31,Player 1,2862,Old Kent Road,11,412,
32,Player 2,4798,Trafalgar Square,17,158,
32,Player 1,2741,Pentonville Road,11,291,
33,Player 2,4798,Regent Street,17,158,
33,Player 1,2741,The Strand,11,291,
33,Player 1,2723,Water Works,11,273,
34,Player 2,4886,Mayfair,17,246,
34,Player 1,2653,Community Chest,11,203,
35,Player 2,5086,Whitechapel Road,17,446,
35,Player 2,5086,Pall Mall,17,446,
35,Player 1,2703,Mayfair,11,253,
36,Player 2,4954,The Strand,17,214,
36,Player 2,4954,Piccadilly,17,214,
36,Player 1,2903,Chance,11,453,
37,Player 2,4954,Oxford Street,17,214,
37,Player 1,2903,Whitehall ,11,253,
38,Player 2,4579,Income Tax,17,439,
38,Player 2,4379,Euston Road,17,239,
38,Player 2,4379,Community Chest,17,239,
38,Player 1,2778,Vine Street,11,128,
39,Player 2,4329,The Strand,17,189,
39,Player 2,4329,Go To Jail,17,189,
39,Player 2,4329,Jail,17,189,
39,Player 1,2778,Chance,11,128,
40,Player 2,4329,Jail,17,189,
40,Player 1,2738,Leicester Square,11,88,
41,Player 2,4609,Community Chest,17,169,
41,Player 1,2748,Community Chest,11,98,
41,Player 1,2748,Jail,11,98,
42,Player 2,4509,Trafalgar Square,17,69,
42,Player 1,2748,Jail,11,98,
43,Player 2,4509,Water Works,17,69,
43,Player 2,4509,Park Lane,17,69,
43,Player 1,2698,Bow Street,11,48,
44,Player 2,4709,The Angel Islington,17,269,
44,Player 1,2698,Fleet Street,11,48,
45,Player 2,4709,Whitehall ,17,269,
45,Player 1,2698,Water Works,11,48,
46,Player 2,4759,Trafalgar Square,17,169,
46,Player 1,2698,Liverpool Street,11,48,
47,Player 2,4859,Oxford Street,17,269,
47,Player 1,2738,Mayfair,11,88,
48,Player 2,5059,GO,17,469,
48,Player 1,2938,Community Chest,11,288,
49,Player 2,5059,Kings Cross Station,17,169,
49,Player 1,2893,Electric Company ,11,243,
50,Player 2,5159,Electric Company ,17,269,
50,Player 1,2793,Fleet Street,11,143,
51,Player 2,5159,Bow Street,17,269,
51,Player 1,2793,Leicester Square,11,143,
52,Player 2,5419,Fenchurch St Station,18,169,
52,Player 1,2498,Chance,10,108,
52,Player 1,2498,Mayfair,10,108,
53,Player 2,5361,Bond Street,18,111,
53,Player 1,2698,The Angel Islington,10,308,
54,Player 2,5561,GO,18,311,
54,Player 1,2643,Pall Mall,10,253,
55,Player 2,4511,Pentonville Road,18,61,
55,Player 1,2401,Northumberland Avenue,10,11,
56,Player 2,5003,Electric Company ,18,853,
56,Player 1,2461,Marlborough Street,10,71,
57,Player 2,5017,Vine Street,18,867,
57,Player 1,2447,Trafalgar Square,10,57,
57,Player 1,2427,Water Works,10,37,
58,Player 2,5077,Coventry Street,18,927,
58,Player 1,2437,Liverpool Street,10,47,
59,Player 2,5177,Liverpool Street,18,1027,
59,Player 1,2677,Old Kent Road,10,287,
60,Player 2,5627,Whitechapel Road,18,1477,
60,Player 2,5627,Pentonville Road,18,1477,
60,Player 1,2435,Euston Road,10,45,
61,Player 2,5625,Community Chest,18,1475,
61,Player 2,5625,GO,18,1475,
61,Player 1,2429,Community Chest,10,39,
62,Player 2,5625,Euston Road,18,1475,
62,Player 2,5625,Pall Mall,18,1475,
62,Player 1,2529,Leicester Square,10,139,
63,Player 2,4975,Community Chest,19,625,
63,Player 2,4975,Water Works,19,625,
63,Player 2,4975,Liverpool Street,19,625,
63,Player 1,2314,Bond Street,9,124,
64,Player 2,5065,Community Chest,19,715,
64,Player 1,2314,Park Lane,9,124,
65,Player 2,5085,Pentonville Road,19,735,
65,Player 1,2522,Whitechapel Road,9,332,
66,Player 2,5527,Bow Street,19,1177,
66,Player 1,2212,Electric Company ,9,22,
67,Player 2,5617,Coventry Street,19,1267,
67,Player 1,2262,Vine Street,9,72,
68,Player 2,5617,Mayfair,19,1267,
68,Player 2,5817,The Angel Islington,19,1467,
68,Player 1,2262,Leicester Square,9,72,
69,Player 2,4987,Marlborough Street,20,267,
69,Player 2,4987,Fleet Street,20,267,
69,Player 1,1987,Community Chest,8,17,
70,Player 2,4987,Regent Street,20,267,
70,Player 1,2212,Community Chest,8,242,
70,Player 1,2212,Old Kent Road,8,242,
71,Player 2,5116,Super Tax,20,396,
71,Player 1,2012,Pentonville Road,8,42,
72,Player 2,5216,The Angel Islington,20,496,
72,Player 2,5216,Northumberland Avenue,20,496,
72,Player 1,2012,The Strand,8,42,
72,Player 1,1972,Fleet Street,8,2,
72,Player 1,2022,Community Chest,8,52,
73,Player 2,5386,The Strand,20,216,
73,Player 1,2232,Old Kent Road,8,262,
73,Player 1,1982,Income Tax,8,12,
74,Player 2,5636,Piccadilly,20,166,
74,Player 1,1982,Pall Mall,8,12,
75,Player 2,6386,Regent Street,20,166,
75,Player 2,6386,Mayfair,20,166,
75,Player 1,1982,Marlborough Street,8,12,
76,Player 2,6600,Whitechapel Road,20,380,
76,Player 1,2018,Piccadilly,8,48,
76,Player 1,0,Piccadilly,0,0,
1,Player 2,1500,Chance,0,1500,
1,Player 2,1500,Marylebone Station,0,1500,
1,Player 1,1500,Euston Road,0,1500,
1,Player 1,1500,Northumberland Avenue,1,1400,
1,Player 1,1500,Free Parking,2,1240,
2,Player 2,1500,Fenchurch St Station,1,1300,
2,Player 1,1500,Fenchurch St Station,2,1240,
3,Player 2,1550,Community Chest,2,1150,
3,Player 2,1550,GO,2,1150,
3,Player 1,1450,Go To Jail,2,1190,
3,Player 1,1450,Jail,2,1190,
4,Player 2,1550,Kings Cross Station,2,1150,
4,Player 1,1450,Jail,2,1190,
5,Player 2,1550,Electric Company ,3,950,
5,Player 1,1400,Vine Street,2,1140,
6,Player 2,1550,Marylebone Station,4,800,
6,Player 1,1400,Regent Street,3,940,
6,Player 1,1400,Mayfair,4,640,
7,Player 2,1550,Leicester Square,5,400,
7,Player 1,1500,Whitechapel Road,5,480,
7,Player 1,1500,Jail,6,420,
8,Player 2,1550,Bond Street,5,400,
8,Player 1,1612,Whitehall ,7,212,
9,Player 2,1764,Kings Cross Station,6,474,
9,Player 1,1612,Chance,7,212,
10,Player 2,1764,Electric Company ,6,474,
10,Player 1,1592,Piccadilly,7,192,
11,Player 2,1932,Free Parking,7,362,
11,Player 1,1592,Oxford Street,7,192,
12,Player 2,2112,Leicester Square,8,242,
12,Player 1,1614,Park Lane,7,214,
13,Player 2,2303,Bond Street,9,83,
13,Player 1,1814,Income Tax,7,414,
14,Player 2,2503,Income Tax,9,283,
14,Player 1,1633,Marylebone Station,7,233,
15,Player 2,2403,Northumberland Avenue,9,183,
15,Player 1,1545,The Strand,7,145,
16,Player 2,2545,The Strand,10,105,
16,Player 1,1545,Go To Jail,7,145,
16,Player 1,1545,Jail,7,145,
17,Player 2,2545,Coventry Street,10,105,
17,Player 1,1740,Jail,8,80,
18,Player 2,2545,Community Chest,10,105,
18,Player 2,2755,Community Chest,10,315,
18,Player 1,1680,Bow Street,8,20,
19,Player 2,2927,Chance,11,307,
19,Player 1,1680,Trafalgar Square,8,20,
20,Player 2,3143,Marylebone Station,12,283,
20,Player 1,1680,Go To Jail,8,20,
20,Player 1,1680,Jail,8,20,
21,Player 2,3143,Vine Street,12,283,
21,Player 1,1696,Jail,8,36,
22,Player 2,3127,Leicester Square,12,267,
22,Player 1,1718,Jail,8,58,
23,Player 2,3105,Bond Street,12,245,
23,Player 1,1668,Community Chest,8,8,
24,Player 2,3305,Old Kent Road,12,445,
24,Player 1,1688,Fleet Street,8,28,
25,Player 2,3503,Jail,14,363,
25,Player 1,1688,Water Works,8,28,
26,Player 2,3638,Vine Street,15,348,
26,Player 1,1704,Chance,8,44,
26,Player 1,1704,GO,8,44,
27,Player 2,3622,Coventry Street,15,332,
27,Player 1,1704,The Angel Islington,8,44,
28,Player 2,3692,Bond Street,16,302,
28,Player 1,1704,Whitehall ,8,44,
29,Player 2,3902,Whitechapel Road,16,512,
29,Player 1,1698,The Strand,8,38,
29,Player 1,1662,Piccadilly,8,2,
29,Player 1,1662,Jail,8,2,
30,Player 2,3692,Euston Road,16,302,
30,Player 1,1668,Jail,8,8,
31,Player 2,3686,Community Chest,16,296,
31,Player 1,1668,Jail,8,8,
32,Player 2,3636,Fenchurch St Station,16,246,
32,Player 1,1668,Jail,8,8,
33,Player 2,3636,Regent Street,16,246,
33,Player 2,3610,Mayfair,16,220,
33,Player 2,3810,Chance,16,420,
33,Player 2,3810,Marylebone Station,16,420,
33,Player 1,1694,Jail,8,34,
34,Player 2,3810,Fleet Street,16,220,
34,Player 2,3810,Regent Street,16,220,
34,Player 1,1720,Whitehall ,8,60,
35,Player 2,3994,GO,16,404,
35,Player 1,1710,Chance,8,50,
35,Player 1,1710,Vine Street,8,50,
36,Player 2,3994,Whitechapel Road,16,204,
36,Player 1,1714,Piccadilly,8,54,
37,Player 2,3990,Pall Mall,16,200,
37,Player 1,1714,Liverpool Street,8,54,
38,Player 2,4282,Free Parking,18,152,
38,Player 1,1914,Kings Cross Station,8,254,
38,Player 1,1714,Northumberland Avenue,8,54,
39,Player 2,4482,Fenchurch St Station,18,352,
39,Player 1,1714,Community Chest,8,54,
39,Player 1,1714,Water Works,8,54,
40,Player 2,4512,Regent Street,18,382,
40,Player 1,1710,Regent Street,8,50,
41,Player 2,4486,Mayfair,18,356,
41,Player 1,1710,Liverpool Street,8,50,
41,Player 1,1940,Community Chest,8,280,
42,Player 2,4732,Income Tax,18,402,
42,Player 1,1840,Pentonville Road,8,180,
43,Player 2,4544,Jail,19,94,
43,Player 1,1840,Marlborough Street,8,180,
44,Player 2,4544,Chance,19,94,
44,Player 2,4529,Piccadilly,19,79,
44,Player 1,1957,Coventry Street,9,117,
45,Player 2,4529,Super Tax,19,79,
45,Player 1,1957,Community Chest,9,117,
46,Player 2,4729,Community Chest,19,279,
46,Player 1,2007,Liverpool Street,9,167,
46,Player 1,2057,Old Kent Road,9,217,
47,Player 2,5031,Pentonville Road,19,381,
47,Player 1,2000,Euston Road,9,160,
48,Player 2,5031,Bow Street,19,381,
48,Player 1,2000,Community Chest,9,160,
49,Player 2,5031,Leicester Square,19,381,
49,Player 2,5009,Oxford Street,19,359,
49,Player 2,5009,Liverpool Street,19,359,
49,Player 1,2122,Fleet Street,9,282,
50,Player 2,5245,Community Chest,19,595,
50,Player 2,5245,Jail,19,595,
50,Player 1,2086,Oxford Street,9,246,
51,Player 2,5271,Jail,19,221,
51,Player 1,2260,GO,9,420,
52,Player 2,5221,Electric Company ,19,171,
52,Player 2,5221,Free Parking,19,171,
52,Player 1,2172,Jail,9,332,
53,Player 2,5221,Fleet Street,19,171,
53,Player 1,2172,Marylebone Station,9,332,
54,Player 2,5421,Go To Jail,19,371,
54,Player 2,5421,Jail,19,371,
54,Player 1,1972,The Strand,9,132,
55,Player 2,5457,Jail,19,207,
55,Player 1,1936,Coventry Street,9,96,
55,Player 1,1936,Chance,9,96,
55,Player 1,1936,Pall Mall,9,96,
56,Player 2,5417,Marlborough Street,19,167,
56,Player 1,1940,Community Chest,9,100,
57,Player 2,5403,Coventry Street,19,153,
57,Player 1,1890,Trafalgar Square,9,50,
58,Player 2,5443,Liverpool Street,19,193,
58,Player 1,1850,Piccadilly,9,10,
59,Player 2,5665,Community Chest,19,415,
59,Player 2,5665,Old Kent Road,19,415,
59,Player 1,1878,Community Chest,9,38,
60,Player 2,5665,Chance,19,215,
60,Player 1,2023,Chance,9,183,
61,Player 2,5545,Marlborough Street,19,95,
61,Player 1,2087,GO,9,247,
62,Player 2,5531,Coventry Street,19,81,
62,Player 1,2087,Pentonville Road,9,247,
63,Player 2,5539,Liverpool Street,19,89,
63,Player 1,2079,Free Parking,9,239,
64,Player 2,5539,Park Lane,19,89,
64,Player 2,5739,Whitechapel Road,19,289,
64,Player 1,2083,Piccadilly,9,243,
65,Player 2,5757,Jail,19,307,
65,Player 1,2061,Chance,9,221,
66,Player 2,5757,Community Chest,19,307,
66,Player 1,2301,Whitechapel Road,9,461,
67,Player 2,5782,Trafalgar Square,19,332,
67,Player 1,2301,Electric Company ,9,461,
68,Player 2,5762,Go To Jail,19,312,
68,Player 2,5762,Jail,19,312,
68,Player 1,2211,Vine Street,9,371,
69,Player 2,5762,Jail,19,312,
69,Player 1,2211,Piccadilly,9,371,
70,Player 2,5734,Electric Company ,19,284,
70,Player 2,5734,The Strand,19,284,
70,Player 1,2189,Chance,9,349,
70,Player 1,2189,Jail,9,349,
71,Player 2,5734,Water Works,19,284,
71,Player 1,2189,Jail,9,349,
72,Player 2,5734,Park Lane,19,284,
72,Player 1,2139,Vine Street,9,299,
73,Player 2,5934,Income Tax,19,484,
73,Player 1,2139,Coventry Street,9,299,
73,Player 1,2139,Mayfair,9,299,
73,Player 1,0,Mayfair,0,0,
73,Player 1,200,Euston Road,0,200,
1,Player 2,1500,Jail,0,1500,
1,Player 1,1500,Kings Cross Station,0,1500,
1,Player 3,1500,Jail,0,1500,
2,Player 2,1500,Marylebone Station,0,1500,
2,Player 1,1500,Euston Road,1,1300,
2,Player 3,1500,The Strand,0,1500,
3,Player 2,1500,Vine Street,1,1300,
3,Player 1,1500,Vine Street,2,1200,
3,Player 3,1500,Piccadilly,1,1280,
4,Player 2,1406,Water Works,2,1006,
4,Player 1,1484,Coventry Street,2,1184,
4,Player 1,1484,Liverpool Street,3,924,
4,Player 3,1700,GO,2,1200,
5,Player 2,1406,Super Tax,3,856,
5,Player 1,1684,Old Kent Road,4,924,
5,Player 3,1700,Income Tax,2,1200,
5,Player 3,1530,Whitehall ,2,1030,
6,Player 2,1506,Whitechapel Road,3,956,
6,Player 1,1624,Income Tax,4,864,
6,Player 3,1530,Chance,3,890,
6,Player 3,1530,GO,3,890,
7,Player 2,966,Northumberland Avenue,5,96,
7,Player 1,1462,Chance,4,702,
7,Player 1,1462,Marylebone Station,4,702,
7,Player 3,1258,Pentonville Road,4,458,
8,Player 2,991,Chance,5,121,
8,Player 2,991,Vine Street,5,121,
8,Player 2,991,Trafalgar Square,5,121,
8,Player 1,1473,Chance,5,473,
8,Player 3,1258,Marylebone Station,5,338,
9,Player 2,1016,Oxford Street,5,146,
9,Player 2,1016,Bond Street,5,146,
9,Player 2,1016,Jail,5,146,
9,Player 1,1769,Leicester Square,7,149,
9,Player 3,1402,Trafalgar Square,6,222,
10,Player 2,1016,Jail,5,146,
10,Player 1,1789,Oxford Street,7,169,
10,Player 3,1382,Community Chest,6,202,
10,Player 3,1382,GO,6,202,
11,Player 2,966,Community Chest,5,96,
11,Player 1,1779,Super Tax,7,159,
11,Player 1,1879,Whitechapel Road,7,259,
11,Player 3,1372,Whitechapel Road,6,192,
12,Player 2,1106,The Strand,5,86,
12,Player 1,1819,Electric Company ,7,199,
12,Player 3,1330,Jail,6,150,
13,Player 2,1088,Coventry Street,5,68,
13,Player 2,1066,Chance,5,46,
13,Player 2,1066,Pall Mall,5,46,
13,Player 1,1906,Marylebone Station,8,136,
13,Player 3,1400,Marlborough Street,7,80,
13,Player 3,1400,Fleet Street,7,80,
14,Player 2,1091,Community Chest,5,71,
14,Player 1,2016,Leicester Square,9,66,
14,Player 3,1598,Oxford Street,8,58,
15,Player 2,1101,Water Works,5,81,
15,Player 1,2020,Regent Street,9,70,
15,Player 3,1572,Bond Street,8,32,
15,Player 3,1572,Mayfair,8,32,
16,Player 2,1461,Community Chest,6,41,
16,Player 1,2275,Mayfair,10,25,
16,Player 3,1772,The Angel Islington,8,232,
17,Player 2,1731,GO,6,311,
17,Player 1,2525,Jail,10,275,
17,Player 3,1772,Community Chest,9,132,
18,Player 2,1731,Kings Cross Station,6,311,
18,Player 1,2575,Bow Street,10,325,
18,Player 3,1722,Fenchurch St Station,9,82,
19,Player 2,1791,Marylebone Station,7,171,
19,Player 1,2575,Coventry Street,11,145,
19,Player 3,1722,Go To Jail,9,82,
19,Player 3,1722,Jail,9,82,
20,Player 2,1791,Chance,7,171,
20,Player 1,2575,Bond Street,11,145,
20,Player 3,1722,Jail,9,82,
21,Player 2,1711,Piccadilly,7,91,
21,Player 1,2775,Kings Cross Station,11,345,
21,Player 3,1694,Marylebone Station,9,54,
22,Player 2,1739,Community Chest,7,119,
22,Player 2,1739,Electric Company ,7,119,
22,Player 1,2791,Whitehall ,11,361,
22,Player 3,1664,Chance,9,24,
23,Player 2,1723,Community Chest,7,103,
23,Player 1,2771,Trafalgar Square,11,341,
23,Player 3,1764,Trafalgar Square,9,124,
23,Player 3,1744,Coventry Street,9,104,
24,Player 2,1623,Fleet Street,7,3,
24,Player 1,2703,Water Works,11,273,
24,Player 3,1740,Liverpool Street,9,100,
25,Player 2,1721,Piccadilly,7,101,
25,Player 1,2737,Park Lane,11,307,
25,Player 3,1890,The Angel Islington,9,250,
26,Player 2,1721,Liverpool Street,7,101,
26,Player 1,3251,GO,12,471,
26,Player 3,1890,Electric Company ,9,250,
27,Player 2,1871,Community Chest,7,251,
27,Player 1,3275,Chance,12,295,
27,Player 3,1866,Northumberland Avenue,9,226,
27,Player 3,1866,The Strand,9,226,
28,Player 2,1921,Kings Cross Station,7,301,
28,Player 1,3475,Northumberland Avenue,12,295,
28,Player 3,1890,Water Works,9,250,
29,Player 2,1899,Whitehall ,7,279,
29,Player 1,3451,The Strand,12,271,
29,Player 3,1882,Bond Street,9,242,
29,Player 3,2082,Whitechapel Road,9,442,
30,Player 2,1949,The Strand,7,329,
30,Player 1,3451,Water Works,12,271,
30,Player 3,1902,Electric Company ,9,262,
31,Player 2,1977,Oxford Street,7,357,
31,Player 1,3511,Chance,12,331,
31,Player 1,3511,Jail,12,331,
31,Player 3,1866,Bow Street,9,226,
32,Player 2,1925,Super Tax,7,305,
32,Player 2,2025,Euston Road,7,405,
32,Player 1,3531,Jail,12,351,
32,Player 3,1852,Coventry Street,9,212,
33,Player 2,1909,Community Chest,7,289,
33,Player 1,3503,Marlborough Street,12,323,
33,Player 3,1830,Liverpool Street,9,190,
34,Player 2,2009,Leicester Square,7,389,
34,Player 1,3553,Fenchurch St Station,12,373,
34,Player 3,2002,GO,9,362,
35,Player 2,1837,Regent Street,7,317,
35,Player 1,3633,Oxford Street,12,253,
35,Player 3,2002,The Angel Islington,9,162,
36,Player 2,1707,Mayfair,7,187,
36,Player 1,3833,Old Kent Road,12,453,
36,Player 3,2002,Euston Road,9,162,
36,Player 3,1996,Marylebone Station,9,156,
37,Player 2,2117,Community Chest,7,597,
37,Player 1,3679,Pall Mall,12,299,
37,Player 3,1996,Chance,9,156,
38,Player 2,2017,Jail,7,647,
38,Player 1,3629,Marlborough Street,12,249,
38,Player 3,2096,Piccadilly,9,256,
39,Player 2,2017,Free Parking,7,647,
39,Player 1,3629,Go To Jail,12,249,
39,Player 1,3629,Jail,12,249,
39,Player 1,3629,Electric Company ,12,249,
39,Player 3,2096,Park Lane,9,256,
40,Player 2,2017,Fenchurch St Station,7,647,
40,Player 1,3664,Electric Company ,12,284,
40,Player 3,2261,Chance,9,421,
40,Player 3,2261,Mayfair,9,421,
40,Player 3,2411,Kings Cross Station,9,571,
41,Player 2,2067,Bond Street,7,697,
41,Player 1,3664,Bow Street,12,284,
41,Player 3,2240,Bow Street,9,100,
42,Player 2,2267,Whitechapel Road,7,897,
42,Player 1,3678,Fenchurch St Station,12,298,
42,Player 3,2226,Trafalgar Square,9,86,
43,Player 2,2317,Euston Road,7,947,
43,Player 1,3654,Chance,12,274,
43,Player 3,2206,Leicester Square,9,66,
43,Player 3,2206,Regent Street,9,66,
44,Player 2,2311,Community Chest,7,941,
44,Player 2,2311,Jail,7,941,
44,Player 1,4034,Whitechapel Road,12,454,
44,Player 3,2186,Bond Street,9,46,
45,Player 2,2761,Jail,7,1391,
45,Player 1,3584,Euston Road,12,4,
45,Player 3,2386,Old Kent Road,9,246,
46,Player 2,1611,Northumberland Avenue,8,91,
46,Player 1,3434,Whitehall ,11,4,
46,Player 3,2576,Euston Road,9,136,
47,Player 2,1531,Leicester Square,8,11,
47,Player 2,1609,Liverpool Street,8,89,
47,Player 1,3484,Trafalgar Square,11,54,
47,Player 3,2598,Northumberland Avenue,9,158,
48,Player 2,1759,The Angel Islington,8,239,
48,Player 1,3484,Oxford Street,11,54,
48,Player 3,2604,Marlborough Street,9,164,
48,Player 3,2590,Water Works,9,150,
49,Player 2,1853,Whitehall ,8,333,
49,Player 1,3498,Mayfair,11,68,
49,Player 3,2640,Chance,9,100,
49,Player 3,2640,Marylebone Station,9,100,
50,Player 2,1803,Free Parking,8,283,
50,Player 1,3648,Jail,11,218,
50,Player 3,2590,Chance,9,50,
51,Player 2,1803,Piccadilly,8,283,
51,Player 1,3593,Whitehall ,11,163,
51,Player 3,2899,Water Works,9,159,
52,Player 2,1863,Chance,8,343,
52,Player 1,3523,Community Chest,11,93,
52,Player 3,2839,Liverpool Street,9,99,
53,Player 2,1863,Old Kent Road,8,343,
53,Player 1,3523,Vine Street,11,93,
53,Player 1,3507,Fenchurch St Station,11,77,
53,Player 3,2989,Whitechapel Road,9,249,
54,Player 2,2269,Pall Mall,8,749,
54,Player 1,3457,Community Chest,11,27,
54,Player 1,3457,Old Kent Road,11,27,
54,Player 1,3487,Whitehall ,11,57,
54,Player 1,3262,Marlborough Street,11,32,
54,Player 3,2564,Pentonville Road,9,624,
55,Player 2,1894,Marlborough Street,8,374,
55,Player 1,3276,Fleet Street,11,46,
55,Player 3,2582,Marylebone Station,9,642,
56,Player 2,1930,Fenchurch St Station,8,410,
56,Player 1,3258,Regent Street,11,28,
56,Player 3,2532,Vine Street,9,592,
57,Player 2,1946,Piccadilly,8,426,
57,Player 2,1924,Community Chest,8,404,
57,Player 1,3458,Whitechapel Road,11,228,
57,Player 1,3288,Jail,11,58,
57,Player 3,2538,Trafalgar Square,9,598,
58,Player 2,2774,Community Chest,8,1254,
58,Player 1,3288,Community Chest,11,58,
58,Player 1,3288,GO,11,58,
58,Player 3,2538,Regent Street,9,598,
59,Player 2,2799,Whitehall ,8,1279,
59,Player 1,3263,Whitechapel Road,10,133,
59,Player 3,2458,GO,10,418,
60,Player 2,2499,Fleet Street,8,979,
60,Player 1,3143,Electric Company ,10,13,
60,Player 3,2476,Euston Road,10,86,
61,Player 2,2571,Bond Street,8,1051,
61,Player 1,3153,Vine Street,10,23,
61,Player 3,2476,Marylebone Station,10,86,
62,Player 2,2837,Kings Cross Station,8,1317,
62,Player 1,3187,Water Works,10,57,
62,Player 3,2426,Chance,10,36,
62,Player 3,2426,GO,10,36,
63,Player 2,2877,Electric Company ,8,1357,
63,Player 1,3197,Super Tax,10,67,
63,Player 3,2426,The Angel Islington,10,36,
64,Player 2,2877,Vine Street,8,1357,
64,Player 1,3397,Whitechapel Road,10,267,
64,Player 3,2426,Jail,10,36,
65,Player 2,3327,Trafalgar Square,8,1807,
65,Player 1,3177,Euston Road,10,47,
65,Player 3,2516,Marylebone Station,10,126,
66,Player 2,3377,Chance,8,1857,
66,Player 2,3377,Kings Cross Station,8,1857,
66,Player 2,3327,Pall Mall,8,1807,
66,Player 1,3237,Marlborough Street,10,107,
66,Player 3,3016,Community Chest,10,526,
66,Player 3,3036,Free Parking,10,546,
67,Player 2,2567,Bow Street,8,1047,
67,Player 1,3241,Leicester Square,10,111,
67,Player 1,3219,Regent Street,10,89,
67,Player 3,2658,Fenchurch St Station,10,468,
68,Player 2,2603,Trafalgar Square,8,1083,
68,Player 1,3219,Super Tax,10,89,
68,Player 3,2608,Community Chest,10,418,
69,Player 2,2603,Community Chest,8,1083,
69,Player 1,3419,Chance,10,289,
69,Player 1,3419,Income Tax,10,289,
69,Player 3,2818,Old Kent Road,10,628,
70,Player 2,2873,Mayfair,8,1353,
70,Player 1,3219,Euston Road,10,89,
70,Player 1,3269,Marylebone Station,10,139,
70,Player 3,3118,Income Tax,10,928,
71,Player 2,3123,Euston Road,8,1603,
71,Player 1,3219,Free Parking,10,89,
71,Player 3,3468,Pall Mall,10,1278,
72,Player 2,2573,Northumberland Avenue,8,1053,
72,Player 1,3219,Coventry Street,10,89,
72,Player 3,4368,Free Parking,10,2178,
73,Player 2,1673,Marlborough Street,8,153,
73,Player 1,3233,Super Tax,10,103,
73,Player 3,4368,Fleet Street,10,2178,
74,Player 2,1659,Fleet Street,8,139,
74,Player 1,3333,Kings Cross Station,10,203,
74,Player 3,4386,Go To Jail,10,2196,
74,Player 3,4386,Jail,10,2196,
75,Player 2,1641,Regent Street,8,121,
75,Player 1,3463,Electric Company ,10,333,
75,Player 3,4386,Jail,10,2196,
76,Player 2,1681,Chance,8,161,
76,Player 1,3393,The Strand,10,263,
76,Player 3,4354,Electric Company ,10,2164,
76,Player 3,4334,Chance,10,2144,
76,Player 3,4334,Pall Mall,10,2144,
77,Player 2,1886,The Angel Islington,8,366,
77,Player 1,3135,Regent Street,9,245,
77,Player 1,3135,Park Lane,9,245,
77,Player 3,2724,Vine Street,11,294,
77,Player 3,2724,Fenchurch St Station,11,294,
78,Player 2,1586,Marylebone Station,8,66,
78,Player 1,3335,Kings Cross Station,9,445,
78,Player 3,2674,Community Chest,11,244,
79,Player 2,1586,Fleet Street,8,66,
79,Player 1,3225,Pall Mall,9,335,
79,Player 3,3278,Super Tax,11,248,
80,Player 2,1550,Coventry Street,8,30,
80,Player 1,2955,Northumberland Avenue,9,65,
80,Player 3,4278,Old Kent Road,11,648,
81,Player 2,1800,Super Tax,8,280,
81,Player 1,2515,Free Parking,9,25,
81,Player 3,4028,Pentonville Road,11,248,
81,Player 3,4028,Vine Street,11,248,
81,Player 3,4028,Jail,11,248,
82,Player 2,1900,GO,8,380,
82,Player 2,1900,Pentonville Road,8,380,
82,Player 1,2515,Chance,9,25,
82,Player 1,2575,Coventry Street,9,85,
82,Player 3,4028,Jail,11,248,
83,Player 2,1575,Whitehall ,8,55,
83,Player 1,2575,Liverpool Street,9,85,
83,Player 3,3528,Vine Street,11,648,
84,Player 2,1825,Bow Street,8,5,
84,Player 1,2775,Community Chest,9,285,
84,Player 1,2775,Electric Company ,9,285,
84,Player 3,3528,Piccadilly,11,648,
85,Player 2,1895,Fleet Street,8,75,
85,Player 2,0,Fleet Street,0,0,
86,Player 1,2705,Marlborough Street,9,215,
86,Player 3,4639,Bond Street,19,239,
87,Player 1,2705,Leicester Square,9,215,
87,Player 3,4661,Mayfair,19,261,
88,Player 1,2683,Water Works,9,193,
88,Player 1,2663,Super Tax,9,173,
88,Player 1,2763,Old Kent Road,9,273,
88,Player 3,5021,Kings Cross Station,19,621,
89,Player 1,2563,Euston Road,9,73,
89,Player 3,5301,Whitehall ,19,901,
90,Player 1,2493,Marlborough Street,9,3,
90,Player 1,2493,Fleet Street,9,3,
90,Player 3,6351,Free Parking,19,1951,
91,Player 1,2328,Water Works,9,38,
91,Player 3,6401,Water Works,19,2001,
92,Player 1,2378,Liverpool Street,9,88,
92,Player 3,6401,Chance,19,2001,
93,Player 1,2578,Kings Cross Station,9,288,
93,Player 1,2578,Whitehall ,9,288,
93,Player 3,4661,Mayfair,20,1,
94,Player 1,2048,Fleet Street,8,18,
94,Player 1,0,Fleet Street,0,0,
