1,Player 1,1500,The Angel Islington,0,1500,
1,Player 2,1500,Chance,0,1500,
2,Player 1,1500,Whitehall ,1,1400,
2,Player 2,1600,Electric Company ,0,1600,
3,Player 1,1500,Vine Street,2,1260,
3,Player 2,1600,The Strand,1,1450,
4,Player 1,1500,Leicester Square,3,1060,
4,Player 2,1600,Go To Jail,2,1230,
4,Player 2,1600,Jail,2,1230,
5,Player 1,1500,Chance,4,800,
5,Player 1,1500,Mayfair,4,800,
5,Player 2,1600,Jail,2,1230,
6,Player 1,1700,Income Tax,5,600,
6,Player 2,1550,Marylebone Station,2,1180,
7,Player 1,1530,Chance,5,430,
7,Player 2,1550,Marlborough Street,3,980,
8,Player 1,1515,Whitehall ,5,415,
8,Player 1,1515,Vine Street,5,415,
8,Player 2,1550,Fenchurch St Station,4,800,
9,Player 1,1515,Leicester Square,5,415,
9,Player 2,1550,Piccadilly,5,600,
9,Player 2,1550,Community Chest,6,320,
9,Player 2,1770,GO,6,540,
10,Player 1,1515,Park Lane,5,415,
10,Player 2,1830,Whitechapel Road,7,250,
11,Player 1,1715,The Angel Islington,5,615,
11,Player 2,1830,Pentonville Road,8,190,
12,Player 1,1739,Electric Company ,6,519,
12,Player 2,1854,Pall Mall,8,214,
12,Player 2,1854,Community Chest,8,214,
13,Player 1,1733,Community Chest,7,373,
13,Player 2,1864,Fenchurch St Station,8,224,
14,Player 1,1683,Chance,7,323,
14,Player 2,1864,Liverpool Street,8,224,
14,Player 2,2064,Old Kent Road,8,424,
15,Player 1,1743,Go To Jail,8,183,
15,Player 1,1743,Jail,8,183,
15,Player 2,2064,Pall Mall,9,364,
16,Player 1,1753,Jail,8,193,
16,Player 2,2054,Vine Street,9,354,
17,Player 1,1719,The Strand,8,159,
17,Player 2,2056,Piccadilly,9,356,
18,Player 1,1701,Trafalgar Square,8,141,
18,Player 2,2236,Super Tax,10,296,
19,Player 1,1701,Regent Street,8,141,
19,Player 2,2561,Old Kent Road,11,321,
20,Player 1,1701,Super Tax,8,141,
20,Player 2,2561,Euston Road,11,321,
21,Player 1,1801,Chance,8,241,
21,Player 1,1801,Marylebone Station,8,241,
21,Player 2,2611,Electric Company ,12,271,
22,Player 1,1751,Leicester Square,8,191,
22,Player 2,2611,Vine Street,12,271,
23,Player 1,1767,Oxford Street,8,207,
23,Player 2,2790,Fenchurch St Station,13,150,
24,Player 1,1967,GO,8,407,
24,Player 2,2790,Bond Street,13,150,
25,Player 1,2191,Chance,9,311,
25,Player 1,2191,Marylebone Station,9,311,
25,Player 2,3040,Whitechapel Road,13,400,
26,Player 1,2141,Fenchurch St Station,9,261,
26,Player 2,3090,Euston Road,13,100,
27,Player 1,2091,Regent Street,9,211,
27,Player 2,3116,Marylebone Station,13,126,
28,Player 1,2065,Super Tax,9,185,
28,Player 2,3116,Vine Street,13,126,
28,Player 2,3100,Trafalgar Square,13,110,
29,Player 1,2181,Income Tax,9,301,
29,Player 1,1981,Jail,9,101,
29,Player 2,3100,Water Works,13,110,
30,Player 1,1981,Bow Street,9,101,
30,Player 2,3186,Chance,14,46,
30,Player 2,3236,Mayfair,14,96,
31,Player 1,2193,Trafalgar Square,10,133,
31,Player 1,2173,Go To Jail,10,113,
31,Player 1,2173,Jail,10,113,
31,Player 2,3406,Chance,14,266,
31,Player 2,3406,GO,14,266,
32,Player 1,2173,Jail,10,113,
32,Player 2,3406,The Angel Islington,14,266,
33,Player 1,2129,Northumberland Avenue,10,69,
33,Player 1,2129,Bow Street,10,69,
33,Player 1,2129,Trafalgar Square,10,69,
33,Player 2,3540,Whitehall ,15,240,
34,Player 1,2119,Go To Jail,10,59,
34,Player 1,2119,Jail,10,59,
34,Player 2,3530,The Strand,15,230,
35,Player 1,2119,Jail,10,59,
35,Player 2,3530,Go To Jail,15,230,
35,Player 2,3530,Jail,15,230,
36,Player 1,2069,Vine Street,10,9,
36,Player 2,3530,Jail,15,230,
37,Player 1,2069,Coventry Street,10,9,
37,Player 2,3714,Vine Street,16,154,
38,Player 1,2085,Liverpool Street,10,25,
38,Player 2,3698,Fleet Street,16,138,
39,Player 1,2285,GO,10,225,
39,Player 2,3896,Water Works,17,116,
40,Player 1,2285,Jail,10,225,
40,Player 1,2285,Bow Street,10,225,
40,Player 2,3896,Bond Street,17,116,
40,Player 2,3868,Park Lane,17,88,
41,Player 1,2313,Fenchurch St Station,10,253,
41,Player 2,4118,Chance,17,338,
41,Player 2,4118,Income Tax,17,338,
42,Player 1,2263,Regent Street,10,203,
42,Player 2,3944,Pall Mall,17,164,
43,Player 1,2247,Park Lane,10,187,
43,Player 2,3969,Fleet Street,17,189,
43,Player 2,3969,Water Works,17,189,
44,Player 1,2412,Income Tax,10,352,
44,Player 2,3969,Park Lane,17,189,
45,Player 1,2212,Bow Street,10,152,
45,Player 1,2212,Vine Street,10,152,
45,Player 2,4169,Pentonville Road,17,389,
45,Player 2,4161,Marlborough Street,17,381,
46,Player 1,2220,Fenchurch St Station,10,160,
46,Player 2,4211,Trafalgar Square,17,281,
46,Player 2,4211,Water Works,17,281,
46,Player 2,4211,Jail,17,281,
47,Player 1,2170,Chance,10,110,
47,Player 2,4211,Jail,17,281,
48,Player 1,2170,Mayfair,10,110,
48,Player 2,4161,The Strand,17,231,
49,Player 1,2370,Pentonville Road,10,310,
49,Player 2,4161,Go To Jail,17,231,
49,Player 2,4161,Jail,17,231,
50,Player 1,2370,Marylebone Station,10,310,
50,Player 2,4211,Jail,17,281,
51,Player 1,2320,Chance,10,260,
51,Player 1,2320,Pall Mall,10,260,
51,Player 2,4161,Community Chest,17,231,
51,Player 2,4161,Old Kent Road,17,231,
52,Player 1,2320,Free Parking,10,260,
52,Player 2,4161,Chance,17,231,
52,Player 2,4141,Jail,17,211,
53,Player 1,2320,Trafalgar Square,10,260,
53,Player 1,2220,Coventry Street,10,160,
53,Player 2,4263,Marlborough Street,17,333,
54,Player 1,2198,Piccadilly,10,138,
54,Player 1,2176,Liverpool Street,10,116,
54,Player 2,4285,Trafalgar Square,17,355,
55,Player 1,2176,Mayfair,10,116,
55,Player 2,4285,Coventry Street,17,355,
56,Player 1,2376,The Angel Islington,10,316,
56,Player 2,4285,Bond Street,17,355,
57,Player 1,2404,Northumberland Avenue,10,344,
57,Player 2,4469,GO,17,539,
58,Player 1,2392,Community Chest,10,332,
58,Player 1,2392,Jail,10,332,
58,Player 2,4469,Pentonville Road,17,189,
59,Player 1,2400,Jail,10,340,
59,Player 2,4461,Pall Mall,17,181,
59,Player 2,4451,The Strand,17,171,
60,Player 1,2360,Marlborough Street,10,300,
60,Player 2,4465,Go To Jail,17,185,
60,Player 2,4465,Jail,17,185,
61,Player 1,2346,Leicester Square,10,286,
61,Player 2,4465,Jail,17,185,
62,Player 1,2346,Regent Street,10,286,
62,Player 2,4441,Marylebone Station,17,161,
63,Player 1,2320,Bond Street,10,260,
63,Player 2,4441,Vine Street,17,161,
64,Player 1,2536,Community Chest,10,476,
64,Player 2,4425,Coventry Street,17,145,
65,Player 1,2636,Pentonville Road,10,576,
65,Player 2,4425,Bond Street,17,145,
66,Player 1,2664,Northumberland Avenue,10,604,
66,Player 2,4609,Old Kent Road,17,329,
67,Player 1,2652,The Strand,10,592,
67,Player 2,4699,Chance,17,269,
68,Player 1,2562,Coventry Street,10,502,
68,Player 2,4871,Bow Street,17,291,
69,Player 1,2554,Liverpool Street,10,494,
69,Player 2,4857,Free Parking,17,277,
69,Player 2,4857,Water Works,17,277,
70,Player 1,2754,Income Tax,10,694,
70,Player 2,4857,Regent Street,17,277,
71,Player 1,2554,Electric Company ,10,494,
71,Player 2,5137,GO,17,407,
72,Player 1,2474,Community Chest,10,414,
72,Player 1,2474,GO,10,414,
72,Player 2,5137,Chance,17,257,
73,Player 1,2474,The Angel Islington,10,414,
73,Player 2,4987,Marlborough Street,17,107,
74,Player 1,2474,Jail,10,414,
74,Player 2,4987,The Strand,17,107,
75,Player 1,2474,Chance,10,414,
75,Player 1,2474,Jail,10,414,
75,Player 2,4987,Trafalgar Square,17,107,
76,Player 1,2474,Jail,10,414,
76,Player 2,4987,Bond Street,17,107,
76,Player 2,5159,GO,17,279,
76,Player 2,5159,Jail,17,279,
77,Player 1,2452,Marlborough Street,10,392,
77,Player 2,5173,Jail,17,293,
78,Player 1,2438,Fleet Street,10,378,
78,Player 2,5373,Vine Street,17,193,
79,Player 1,2204,Piccadilly,10,144,
79,Player 2,5379,Fenchurch St Station,17,199,
79,Player 2,5379,Regent Street,17,199,
80,Player 1,2182,Super Tax,10,122,
80,Player 2,5379,Mayfair,17,199,
80,Player 2,5529,Kings Cross Station,17,349,
81,Player 1,2332,Euston Road,10,272,
81,Player 2,5535,Bow Street,18,155,
82,Player 1,2340,Pall Mall,10,280,
82,Player 2,5521,Leicester Square,18,141,
83,Player 1,2362,Community Chest,10,302,
83,Player 2,5499,Bond Street,18,119,
84,Player 1,2340,Coventry Street,10,280,
84,Player 2,5693,Community Chest,18,313,
85,Player 1,2318,Park Lane,10,258,
85,Player 2,5628,Euston Road,18,248,
85,Player 2,5628,Community Chest,18,248,
86,Player 1,2483,Community Chest,10,423,
86,Player 2,5653,Fleet Street,18,273,
86,Player 2,5653,Regent Street,18,273,
87,Player 1,2583,Jail,10,523,
87,Player 2,5653,Mayfair,18,273,
88,Player 1,2633,Vine Street,10,573,
88,Player 2,5803,Income Tax,18,423,
89,Player 1,2633,Leicester Square,10,573,
89,Player 2,5603,Pentonville Road,18,223,
90,Player 1,2641,Go To Jail,10,581,
90,Player 1,2641,Jail,10,581,
90,Player 1,2641,Marlborough Street,10,581,
90,Player 2,5609,Community Chest,18,229,
90,Player 2,5609,Water Works,18,229,
91,Player 1,2627,Marlborough Street,10,567,
91,Player 2,5609,Go To Jail,18,229,
91,Player 2,5609,Jail,18,229,
92,Player 1,2577,Go To Jail,10,517,
92,Player 1,2577,Jail,10,517,
92,Player 2,5609,Jail,18,229,
93,Player 1,2577,Jail,10,517,
93,Player 2,5559,Community Chest,18,179,
94,Player 1,2527,Bow Street,10,467,
94,Player 1,2527,Fleet Street,10,467,
94,Player 2,4859,Trafalgar Square,18,229,
95,Player 1,2177,Community Chest,10,117,
95,Player 2,4859,Oxford Street,18,229,
96,Player 1,2227,Liverpool Street,10,167,
96,Player 1,2227,Super Tax,10,167,
96,Player 2,5059,Community Chest,18,429,
96,Player 2,5069,The Angel Islington,18,439,
97,Player 1,2327,Old Kent Road,10,267,
97,Player 2,4719,Northumberland Avenue,18,539,
98,Player 1,2077,Euston Road,10,17,
98,Player 2,4725,The Strand,18,545,
99,Player 1,2071,Marylebone Station,10,11,
99,Player 2,4825,Coventry Street,18,645,
100,Player 1,2091,The Strand,10,31,
100,Player 2,5875,Community Chest,18,1695,
101,Player 1,2071,Coventry Street,10,11,
101,Player 2,5917,Super Tax,18,1737,
102,Player 1,2099,Liverpool Street,10,39,
102,Player 1,2099,Super Tax,10,39,
102,Player 2,6017,Pentonville Road,18,1837,
103,Player 1,2299,Kings Cross Station,10,239,
103,Player 2,6117,Marylebone Station,18,1937,
104,Player 1,2199,Whitehall ,10,139,
104,Player 1,2199,Free Parking,10,139,
104,Player 2,6117,Vine Street,18,1937,
104,Player 2,6117,Fleet Street,18,1937,
105,Player 1,2199,Coventry Street,10,139,
105,Player 2,6139,Fenchurch St Station,18,1959,
105,Player 2,6139,Liverpool Street,18,1959,
106,Player 1,2202,Bond Street,10,142,
106,Player 2,6314,Community Chest,18,2134,
107,Player 1,1992,Super Tax,9,132,
107,Player 2,4524,Pall Mall,19,144,
108,Player 1,2092,The Angel Islington,9,232,
108,Player 2,4524,Community Chest,19,144,
109,Player 1,2037,Pall Mall,9,177,
109,Player 2,4474,Coventry Street,19,94,
110,Player 1,2037,Bow Street,9,177,
110,Player 2,4474,Park Lane,19,94,
110,Player 2,4674,Income Tax,19,294,
111,Player 1,2037,Leicester Square,9,177,
111,Player 1,2037,Go To Jail,9,177,
111,Player 1,2037,Jail,9,177,
111,Player 1,2037,Jail,9,177,
111,Player 2,4474,Whitehall ,19,94,
112,Player 1,2037,Jail,9,177,
112,Player 2,4474,Bow Street,19,94,
113,Player 1,1987,Northumberland Avenue,9,127,
113,Player 1,1975,Leicester Square,9,115,
113,Player 1,1975,Oxford Street,9,115,
113,Player 2,4512,Chance,19,132,
113,Player 2,4612,Coventry Street,19,232,
114,Player 1,1949,Mayfair,9,89,
114,Player 2,4612,Go To Jail,19,232,
114,Player 2,4612,Jail,19,232,
115,Player 1,2149,Income Tax,9,289,
115,Player 2,4612,Jail,19,232,
116,Player 1,1949,Northumberland Avenue,9,89,
116,Player 2,4574,Marlborough Street,19,194,
116,Player 2,4574,Trafalgar Square,19,194,
117,Player 1,1937,The Strand,9,77,
117,Player 1,0,The Strand,0,0,
1,Player 2,1500,Euston Road,0,1500,
1,Player 1,1500,Whitechapel Road,0,1500,
2,Player 2,1500,Bow Street,1,1400,
2,Player 1,1500,Euston Road,1,1440,
3,Player 2,1407,Leicester Square,2,1127,
3,Player 2,1407,Regent Street,3,867,
3,Player 1,1494,Northumberland Avenue,1,1434,
4,Player 2,1464,Old Kent Road,4,624,
4,Player 2,1464,Chance,5,564,
4,Player 2,1464,Jail,5,564,
4,Player 1,554,Marlborough Street,3,174,
4,Player 1,554,Coventry Street,3,174,
5,Player 2,1676,Jail,6,396,
5,Player 1,554,Chance,3,174,
5,Player 1,554,Pall Mall,3,174,
6,Player 2,1668,Northumberland Avenue,7,248,
6,Player 2,1656,Trafalgar Square,7,236,
6,Player 1,566,The Strand,3,186,
6,Player 1,709,Go To Jail,4,109,
6,Player 1,709,Jail,4,109,
7,Player 2,1800,Go To Jail,8,140,
7,Player 2,1800,Jail,8,140,
7,Player 1,709,Jail,4,109,
8,Player 2,1800,Jail,8,140,
8,Player 1,659,Bow Street,4,59,
8,Player 1,645,Fleet Street,4,45,
9,Player 2,1962,Community Chest,9,82,
9,Player 1,645,Piccadilly,4,45,
9,Player 1,645,Chance,4,45,
10,Player 2,1912,Trafalgar Square,9,32,
10,Player 1,1155,Income Tax,4,255,
11,Player 2,1912,Oxford Street,9,32,
11,Player 1,1110,The Angel Islington,5,60,
11,Player 1,1195,Euston Road,6,45,
11,Player 1,1189,Jail,6,39,
12,Player 2,1918,Mayfair,9,38,
12,Player 1,1189,Jail,6,39,
13,Player 2,2118,Kings Cross Station,9,238,
13,Player 1,1189,Jail,6,39,
14,Player 2,2298,Pentonville Road,10,218,
14,Player 1,1189,Jail,6,39,
14,Player 1,1189,Electric Company ,6,39,
15,Player 2,2419,Community Chest,12,69,
15,Player 1,1189,Marylebone Station,6,39,
16,Player 2,2624,Chance,13,74,
16,Player 2,2624,Vine Street,13,74,
16,Player 1,1189,Fleet Street,6,39,
17,Player 2,2822,Water Works,14,72,
17,Player 1,1171,Regent Street,6,21,
18,Player 2,2983,Bond Street,15,83,
18,Player 2,3471,Income Tax,16,251,
18,Player 2,3271,Chance,16,51,
18,Player 1,1120,Park Lane,6,20,
19,Player 2,3686,Jail,17,116,
19,Player 1,1320,GO,6,220,
20,Player 2,3686,Chance,17,116,
20,Player 2,3686,Mayfair,17,116,
20,Player 2,3886,Chance,17,316,
20,Player 1,1620,Kings Cross Station,7,120,
21,Player 2,3866,Electric Company ,17,296,
21,Player 1,1570,Electric Company ,7,70,
22,Player 2,3936,Bow Street,17,366,
22,Player 1,1500,Fleet Street,7,0,
23,Player 2,3954,The Strand,17,384,
23,Player 1,1457,Community Chest,7,7,
24,Player 2,3954,Water Works,17,384,
24,Player 1,1857,GO,7,407,
25,Player 2,3954,Regent Street,17,384,
25,Player 1,1769,Kings Cross Station,7,319,
26,Player 2,4004,Liverpool Street,17,134,
26,Player 1,1849,Electric Company ,8,199,
27,Player 2,4274,Old Kent Road,17,304,
27,Player 1,2029,Marlborough Street,8,379,
28,Player 2,4094,The Angel Islington,17,124,
28,Player 1,1965,Leicester Square,8,315,
29,Player 2,4110,Marylebone Station,17,140,
29,Player 1,1943,Community Chest,8,293,
30,Player 2,4110,The Strand,17,140,
30,Player 2,4110,Water Works,17,140,
30,Player 1,2193,Income Tax,8,543,
31,Player 2,4110,Bond Street,17,140,
31,Player 1,1993,Whitehall ,8,343,
32,Player 2,4110,Super Tax,17,140,
32,Player 1,1993,Free Parking,9,203,
33,Player 2,4210,The Angel Islington,17,240,
33,Player 1,1999,Go To Jail,9,209,
33,Player 1,1999,Jail,9,209,
34,Player 2,4204,Euston Road,17,134,
34,Player 2,4204,Jail,17,134,
34,Player 2,4204,Community Chest,17,134,
34,Player 2,4204,Jail,17,134,
34,Player 1,1999,Jail,9,209,
35,Player 2,4204,Jail,17,134,
35,Player 1,1949,Free Parking,9,159,
36,Player 2,4154,Marylebone Station,17,84,
36,Player 1,1949,Water Works,9,159,
37,Player 2,4234,Chance,17,164,
37,Player 1,1869,Community Chest,9,79,
38,Player 2,4084,Go To Jail,17,14,
38,Player 2,4084,Jail,17,14,
38,Player 1,2019,Community Chest,9,229,
39,Player 2,4074,Jail,17,4,
39,Player 2,4074,Marlborough Street,17,4,
39,Player 1,2029,Electric Company ,9,239,
40,Player 2,4174,Fleet Street,17,104,
40,Player 1,1929,Marlborough Street,9,139,
41,Player 2,4374,Leicester Square,17,204,
41,Player 1,1784,Chance,9,44,
41,Player 1,1834,Coventry Street,9,94,
42,Player 2,4374,Regent Street,17,104,
42,Player 1,1834,Community Chest,9,94,
42,Player 1,1834,Electric Company ,9,94,
43,Player 2,4434,Super Tax,17,164,
43,Player 1,1774,Chance,9,34,
43,Player 1,1774,Fenchurch St Station,9,34,
44,Player 2,4714,Chance,18,244,
44,Player 1,1774,Oxford Street,9,34,
45,Player 2,4699,Marylebone Station,18,129,
45,Player 1,1774,Park Lane,9,34,
46,Player 2,4734,Trafalgar Square,18,164,
46,Player 1,1914,Euston Road,9,224,
47,Player 2,4740,Regent Street,18,170,
47,Player 1,1908,Bow Street,9,218,
48,Player 2,4940,Mayfair,18,270,
48,Player 2,5090,Pentonville Road,18,420,
48,Player 1,1758,Trafalgar Square,9,68,
49,Player 2,5090,Community Chest,18,120,
49,Player 2,5090,Old Kent Road,18,120,
49,Player 2,4970,Chance,18,100,
49,Player 1,1920,Water Works,9,230,
49,Player 1,2080,GO,9,390,
49,Player 1,2080,Pall Mall,9,390,
50,Player 2,5000,Community Chest,18,130,
50,Player 1,2070,Northumberland Avenue,9,380,
51,Player 2,5045,Fenchurch St Station,18,175,
51,Player 2,5045,Go To Jail,18,175,
51,Player 2,5045,Jail,18,175,
51,Player 1,2070,The Strand,9,380,
52,Player 2,5045,Jail,18,175,
52,Player 1,2070,Coventry Street,9,380,
53,Player 2,4995,Marlborough Street,18,125,
53,Player 1,2070,Super Tax,9,380,
54,Player 2,4995,Trafalgar Square,18,125,
54,Player 1,2170,GO,9,480,
54,Player 1,2170,The Angel Islington,9,480,
54,Player 1,2170,Jail,9,480,
55,Player 2,4995,Piccadilly,18,125,
55,Player 1,2231,Marylebone Station,10,261,
56,Player 2,5095,Super Tax,18,125,
56,Player 1,2131,Marlborough Street,10,161,
57,Player 2,4727,The Angel Islington,18,357,
57,Player 2,4727,Community Chest,18,357,
57,Player 2,4727,GO,18,357,
57,Player 1,2176,Fleet Street,10,56,
58,Player 2,4345,Community Chest,18,275,
58,Player 2,4445,Jail,18,375,
58,Player 1,2158,Coventry Street,10,38,
58,Player 1,2136,Chance,10,16,
58,Player 1,2136,Marylebone Station,10,16,
59,Player 2,4567,Community Chest,18,497,
59,Player 1,2146,Vine Street,10,26,
60,Player 2,4567,Trafalgar Square,19,397,
60,Player 1,1981,Fenchurch St Station,9,11,
61,Player 2,4612,Go To Jail,19,92,
61,Player 2,4612,Jail,19,92,
61,Player 2,4612,Free Parking,19,92,
61,Player 2,4612,Jail,19,92,
61,Player 1,1991,Regent Street,9,21,
62,Player 2,4638,Jail,19,118,
62,Player 1,1995,Park Lane,9,25,
63,Player 2,4623,The Strand,19,103,
63,Player 1,2190,Whitechapel Road,9,220,
64,Player 2,4623,Water Works,19,103,
64,Player 1,2157,Whitehall ,9,187,
65,Player 2,4623,Community Chest,19,103,
65,Player 1,2157,Community Chest,9,187,
66,Player 2,4643,Super Tax,19,123,
66,Player 1,2167,Water Works,9,197,
67,Player 2,4853,The Angel Islington,19,333,
67,Player 1,2057,Park Lane,9,87,
68,Player 2,4888,Marlborough Street,19,118,
68,Player 2,4888,Fenchurch St Station,19,118,
68,Player 1,2222,Income Tax,9,252,
69,Player 2,4888,Chance,19,118,
69,Player 2,4888,GO,19,118,
69,Player 1,2022,Jail,9,52,
70,Player 2,4888,Chance,19,118,
70,Player 1,2022,Marylebone Station,9,52,
71,Player 2,5473,Vine Street,19,153,
71,Player 2,5473,Chance,19,153,
71,Player 2,5473,Jail,19,153,
71,Player 1,2032,Fleet Street,9,62,
72,Player 2,5491,Jail,19,171,
72,Player 1,2014,Water Works,9,44,
73,Player 2,5491,Marylebone Station,19,171,
73,Player 1,1994,Regent Street,9,24,
74,Player 2,5491,Chance,19,171,
74,Player 2,5491,Pall Mall,19,171,
74,Player 1,1994,Super Tax,9,24,
75,Player 2,5491,Fleet Street,19,171,
75,Player 2,5491,Go To Jail,19,171,
75,Player 2,5491,Jail,19,171,
75,Player 1,2194,Whitechapel Road,9,224,
76,Player 2,5491,Jail,19,171,
76,Player 1,2161,Euston Road,9,191,
77,Player 2,4911,Community Chest,19,141,
77,Player 1,2001,Pall Mall,9,31,
78,Player 2,4871,Coventry Street,19,101,
78,Player 1,1991,Vine Street,9,21,
79,Player 2,4820,Bond Street,19,500,
79,Player 1,1956,Leicester Square,9,36,
80,Player 2,4842,Park Lane,19,522,
80,Player 1,1934,Community Chest,9,14,
81,Player 2,5042,The Angel Islington,19,722,
81,Player 1,1959,Super Tax,9,39,
82,Player 2,5042,Bow Street,19,722,
82,Player 1,2159,Euston Road,9,239,
82,Player 1,1954,Marylebone Station,9,84,
83,Player 2,5692,Free Parking,19,1372,
83,Player 1,1884,The Strand,9,14,
84,Player 2,5692,Regent Street,19,1372,
84,Player 1,1884,Fleet Street,9,14,
84,Player 1,1896,Piccadilly,9,26,
85,Player 2,5710,Super Tax,19,1390,
85,Player 1,1896,Chance,9,26,
86,Player 2,5810,Chance,19,1490,
86,Player 2,5810,Income Tax,19,1490,
86,Player 1,2086,Whitechapel Road,9,216,
87,Player 2,5610,Northumberland Avenue,19,1290,
87,Player 1,2053,Euston Road,9,183,
88,Player 2,6160,Chance,19,1840,
88,Player 1,1848,Vine Street,9,28,
88,Player 1,0,Vine Street,0,0,
1,Player 1,1500,Pall Mall,0,1500,
1,Player 2,1500,Pentonville Road,0,1500,
2,Player 1,1500,Marlborough Street,1,1360,
2,Player 2,1500,Marylebone Station,1,1380,
3,Player 1,1500,Coventry Street,2,1180,
3,Player 2,1500,Vine Street,2,1180,
4,Player 1,1500,Mayfair,3,920,
4,Player 1,1700,Old Kent Road,4,720,
4,Player 1,1700,Jail,5,660,
4,Player 2,1500,Leicester Square,3,980,
5,Player 1,1700,The Strand,5,660,
5,Player 2,1357,Go To Jail,4,577,
5,Player 2,1357,Jail,4,577,
6,Player 1,1700,Piccadilly,6,440,
6,Player 2,1371,Jail,5,311,
7,Player 1,1700,Bond Street,6,440,
7,Player 2,1321,Marylebone Station,5,261,
8,Player 1,2092,GO,7,512,
8,Player 1,2092,Income Tax,7,512,
8,Player 2,1321,Free Parking,5,261,
9,Player 1,1892,Whitehall ,7,312,
9,Player 2,1321,Water Works,5,261,
10,Player 1,1892,Marlborough Street,8,172,
10,Player 2,1321,Community Chest,6,111,
11,Player 1,1892,Piccadilly,8,172,
11,Player 2,1443,Mayfair,6,233,
12,Player 1,1920,Mayfair,8,200,
12,Player 1,2120,Chance,8,400,
12,Player 2,1593,Chance,6,383,
12,Player 2,1593,Marylebone Station,6,383,
12,Player 2,1593,Trafalgar Square,6,383,
13,Player 1,2218,Whitehall ,9,258,
13,Player 2,1593,Bond Street,6,383,
13,Player 2,1793,Income Tax,6,583,
14,Player 1,2218,Trafalgar Square,9,258,
14,Player 2,1614,Chance,6,404,
15,Player 1,2218,Bond Street,9,258,
15,Player 1,2418,Old Kent Road,9,458,
15,Player 2,1599,Northumberland Avenue,6,389,
16,Player 1,2418,Jail,9,458,
16,Player 2,1599,The Strand,7,229,
17,Player 1,2436,Marylebone Station,9,476,
17,Player 2,1606,Leicester Square,7,236,
18,Player 1,2411,Vine Street,9,451,
18,Player 2,1622,Chance,7,252,
19,Player 1,2395,Go To Jail,9,435,
19,Player 1,2395,Jail,9,435,
19,Player 2,1802,Whitechapel Road,7,432,
20,Player 1,2395,Jail,9,435,
20,Player 2,1802,Jail,8,372,
21,Player 1,2345,Northumberland Avenue,9,385,
21,Player 1,2333,Fleet Street,9,373,
21,Player 2,1814,Chance,8,384,
21,Player 2,1814,Marylebone Station,8,384,
21,Player 2,1814,Marlborough Street,8,384,
22,Player 1,2347,Fenchurch St Station,10,167,
22,Player 1,2347,Community Chest,10,167,
22,Player 1,2347,GO,10,167,
22,Player 2,1910,Fenchurch St Station,9,280,
23,Player 1,2347,Chance,10,167,
23,Player 1,2347,GO,10,167,
23,Player 2,1910,Community Chest,9,280,
24,Player 1,2347,Whitechapel Road,10,167,
24,Player 2,2104,Income Tax,9,474,
25,Player 1,2343,Pentonville Road,10,163,
25,Player 2,1912,Chance,9,282,
26,Player 1,2335,Free Parking,10,155,
26,Player 2,1912,Northumberland Avenue,9,282,
27,Player 1,2335,Fleet Street,10,155,
27,Player 2,1912,Fleet Street,9,282,
28,Player 1,2371,Regent Street,10,191,
28,Player 1,2371,Chance,10,191,
28,Player 1,2371,Jail,10,191,
28,Player 2,2071,Regent Street,10,141,
29,Player 1,2371,Jail,10,191,
29,Player 2,2071,Chance,10,141,
29,Player 2,2071,Pall Mall,10,141,
30,Player 1,2331,Free Parking,10,151,
30,Player 2,2061,Community Chest,10,131,
31,Player 1,2331,Coventry Street,10,151,
31,Player 2,1961,Piccadilly,10,31,
31,Player 2,1961,Liverpool Street,10,31,
31,Player 2,1961,Mayfair,10,31,
32,Player 1,2561,Go To Jail,11,181,
32,Player 1,2561,Jail,11,181,
32,Player 2,2171,Whitechapel Road,10,241,
33,Player 1,2561,Jail,11,181,
33,Player 2,2105,Electric Company ,10,175,
34,Player 1,2511,Vine Street,11,131,
34,Player 2,2193,The Strand,11,113,
35,Player 1,2531,Fleet Street,11,151,
35,Player 2,2157,Go To Jail,11,77,
35,Player 2,2157,Jail,11,77,
36,Player 1,2531,Oxford Street,11,151,
36,Player 2,2157,Jail,11,77,
37,Player 1,2971,Income Tax,12,291,
37,Player 1,2771,Northumberland Avenue,12,91,
37,Player 2,2119,Bow Street,11,39,
38,Player 1,2921,Marlborough Street,13,61,
38,Player 1,2921,Fenchurch St Station,13,61,
38,Player 2,2169,Free Parking,11,89,
38,Player 2,2169,Go To Jail,11,89,
38,Player 2,2169,Jail,11,89,
39,Player 1,2871,Piccadilly,13,11,
39,Player 2,2191,Jail,11,111,
40,Player 1,2919,Bond Street,13,59,
40,Player 2,2141,Marylebone Station,11,61,
41,Player 1,3119,Whitechapel Road,13,259,
41,Player 2,2145,The Strand,11,65,
42,Player 1,3074,Chance,13,214,
42,Player 2,2109,Water Works,11,29,
43,Player 1,3074,Whitehall ,13,214,
43,Player 2,2109,Liverpool Street,11,29,
44,Player 1,3099,Chance,13,239,
44,Player 1,3099,Vine Street,13,239,
44,Player 2,2300,Whitechapel Road,11,220,
45,Player 1,3083,Leicester Square,13,223,
45,Player 2,2322,Whitehall ,11,242,
46,Player 1,3071,Oxford Street,13,211,
46,Player 1,3071,Mayfair,13,211,
46,Player 2,2312,Bow Street,11,232,
47,Player 1,3285,Community Chest,13,425,
47,Player 2,2298,Fleet Street,11,218,
48,Player 1,3231,Income Tax,13,371,
48,Player 1,3031,Pall Mall,13,171,
48,Player 2,2262,Go To Jail,11,182,
48,Player 2,2262,Jail,11,182,
49,Player 1,3031,Vine Street,13,171,
49,Player 1,3015,Regent Street,13,155,
49,Player 1,2989,Mayfair,13,129,
49,Player 2,2304,Jail,11,224,
50,Player 1,3189,Kings Cross Station,13,329,
50,Player 1,3289,Whitehall ,14,229,
50,Player 2,2254,Northumberland Avenue,11,174,
50,Player 2,2254,Free Parking,11,174,
51,Player 1,3289,Trafalgar Square,14,229,
51,Player 2,2254,Piccadilly,11,174,
52,Player 1,3289,Oxford Street,14,229,
52,Player 2,2254,Bond Street,11,174,
53,Player 1,3489,Old Kent Road,14,429,
53,Player 2,2454,Old Kent Road,11,374,
54,Player 1,3491,The Angel Islington,14,281,
54,Player 2,2452,Income Tax,11,372,
55,Player 1,3491,Electric Company ,15,181,
55,Player 2,2312,Marylebone Station,11,232,
56,Player 1,3431,Vine Street,15,121,
56,Player 2,2328,Trafalgar Square,11,248,
57,Player 1,3515,Coventry Street,15,205,
57,Player 2,2228,Water Works,11,148,
57,Player 2,2228,Go To Jail,11,148,
57,Player 2,2228,Jail,11,148,
58,Player 1,3515,Liverpool Street,15,205,
58,Player 2,2228,Jail,11,148,
59,Player 1,3715,Old Kent Road,15,405,
59,Player 2,2178,Vine Street,11,98,
60,Player 1,3715,Kings Cross Station,15,255,
60,Player 1,3715,Pall Mall,15,255,
60,Player 2,2178,Water Works,11,98,
61,Player 1,3715,Whitehall ,15,255,
61,Player 1,3715,Vine Street,15,255,
61,Player 2,2194,Oxford Street,11,114,
62,Player 1,3725,Trafalgar Square,15,265,
62,Player 2,2168,Mayfair,11,88,
63,Player 1,3775,Water Works,15,315,
63,Player 2,2358,The Angel Islington,11,278,
64,Player 1,3741,Oxford Street,15,281,
64,Player 1,3741,Mayfair,15,281,
64,Player 2,2352,Euston Road,11,272,
64,Player 2,2352,Bow Street,12,172,
65,Player 1,3955,Kings Cross Station,15,495,
65,Player 2,2338,Fenchurch St Station,12,158,
66,Player 1,3955,Electric Company ,15,195,
66,Player 2,2408,Coventry Street,12,228,
66,Player 2,2386,Piccadilly,12,206,
66,Player 2,2386,Super Tax,12,206,
67,Player 1,3907,Fleet Street,15,147,
67,Player 2,2486,Euston Road,12,306,
68,Player 1,3907,Oxford Street,15,147,
68,Player 2,2486,Community Chest,12,306,
69,Player 1,3907,Chance,15,147,
69,Player 1,4207,Euston Road,15,447,
69,Player 1,4201,Whitehall ,15,441,
69,Player 2,2502,Chance,12,322,
69,Player 2,2502,Mayfair,12,322,
70,Player 1,4251,Chance,15,191,
70,Player 2,2652,Community Chest,12,472,
71,Player 1,4401,Fenchurch St Station,15,191,
71,Player 2,2652,Pall Mall,12,472,
72,Player 1,4361,Community Chest,15,151,
72,Player 2,2642,Community Chest,12,462,
73,Player 1,4326,Chance,14,176,
73,Player 2,2302,Fenchurch St Station,13,62,
74,Player 1,4376,Old Kent Road,14,226,
74,Player 2,2304,Bond Street,13,64,
75,Player 1,4374,Pentonville Road,14,224,
75,Player 2,2512,Income Tax,13,272,
75,Player 2,2312,Jail,13,72,
76,Player 1,4366,Bow Street,14,216,
76,Player 2,2312,Whitehall ,13,72,
77,Player 1,4376,Free Parking,14,226,
77,Player 1,4376,Water Works,14,226,
77,Player 1,4296,Park Lane,14,146,
77,Player 2,2382,Fleet Street,13,142,
78,Player 1,5027,Kings Cross Station,15,377,
78,Player 2,2292,Oxford Street,13,52,
79,Player 1,5053,Marylebone Station,15,253,
79,Player 2,2316,Chance,13,76,
80,Player 1,5003,Free Parking,15,203,
80,Player 2,2566,Income Tax,13,326,
81,Player 1,5003,Fenchurch St Station,15,203,
81,Player 2,2416,Jail,13,176,
82,Player 1,4953,Community Chest,15,153,
82,Player 2,2416,Marylebone Station,13,176,
83,Player 1,5203,Community Chest,15,403,
83,Player 1,5203,Jail,15,403,
83,Player 2,2416,The Strand,13,176,
84,Player 1,5727,Jail,15,277,
84,Player 2,2246,Fenchurch St Station,13,6,
85,Player 1,5677,The Strand,15,227,
85,Player 2,2246,Water Works,13,6,
86,Player 1,5677,Coventry Street,15,227,
86,Player 2,2246,Liverpool Street,13,6,
87,Player 1,5727,Oxford Street,15,277,
87,Player 2,2256,Mayfair,13,16,
88,Player 1,4927,Old Kent Road,15,377,
88,Player 2,2518,Euston Road,13,278,
89,Player 1,4325,Electric Company ,15,225,
89,Player 2,2562,Bow Street,13,322,
90,Player 1,4229,Community Chest,15,129,
90,Player 2,2548,Vine Street,13,308,
91,Player 1,4179,Free Parking,15,79,
91,Player 2,2548,Coventry Street,13,308,
91,Player 2,2526,Bond Street,13,286,
92,Player 1,4229,Fenchurch St Station,15,129,
92,Player 2,2548,Mayfair,13,308,
93,Player 1,4379,Piccadilly,15,279,
93,Player 2,2548,Whitechapel Road,13,308,
94,Player 1,4379,Super Tax,15,279,
94,Player 2,2548,Electric Company ,13,308,
95,Player 1,4479,Whitechapel Road,15,379,
95,Player 2,2552,Free Parking,13,312,
96,Player 1,4475,Pentonville Road,15,375,
96,Player 2,2560,Piccadilly,13,320,
97,Player 1,4467,Pall Mall,15,367,
97,Player 1,4467,Northumberland Avenue,15,367,
97,Player 2,2572,Oxford Street,13,332,
98,Player 1,4481,Vine Street,15,381,
98,Player 2,2546,Mayfair,13,306,
99,Player 1,4681,Trafalgar Square,15,381,
99,Player 2,2546,Chance,13,306,
99,Player 2,2546,Marylebone Station,13,306,
100,Player 1,4681,Coventry Street,15,381,
100,Player 2,2546,Fenchurch St Station,13,306,
101,Player 1,4681,Park Lane,15,381,
101,Player 2,2546,Community Chest,13,306,
101,Player 2,2556,Super Tax,13,316,
102,Player 1,4871,Community Chest,15,571,
102,Player 1,4871,Electric Company ,15,571,
102,Player 2,2706,Community Chest,13,466,
102,Player 2,2706,Old Kent Road,13,466,
103,Player 1,4821,Fleet Street,15,321,
103,Player 2,2596,Income Tax,13,356,
104,Player 1,4821,Oxford Street,15,321,
104,Player 2,2396,Whitehall ,13,156,
105,Player 1,4831,Super Tax,15,331,
105,Player 2,2386,Community Chest,13,146,
105,Player 2,2486,Free Parking,13,246,
106,Player 1,4931,Whitechapel Road,15,431,
106,Player 2,2490,Fleet Street,13,250,
107,Player 1,5177,Pall Mall,15,277,
107,Player 2,2255,Piccadilly,13,15,
108,Player 1,5177,Free Parking,15,277,
108,Player 2,2255,Park Lane,13,15,
108,Player 2,0,Park Lane,0,0,
1,Player 1,1500,Pall Mall,0,1500,
1,Player 2,1500,Kings Cross Station,0,1500,
2,Player 1,1500,Vine Street,1,1360,
2,Player 2,1500,Electric Company ,1,1300,
3,Player 1,1500,Piccadilly,2,1160,
3,Player 1,1500,Chance,3,880,
3,Player 1,1500,GO,3,880,
3,Player 2,1500,Fleet Street,2,1150,
4,Player 1,1500,Kings Cross Station,3,880,
4,Player 2,1525,Regent Street,3,955,
5,Player 1,1475,Electric Company ,3,855,
5,Player 2,1553,Chance,4,683,
5,Player 2,1553,Jail,4,683,
6,Player 1,1447,Bow Street,3,827,
6,Player 2,1553,Jail,4,683,
7,Player 1,1447,The Strand,4,647,
7,Player 2,1503,Bow Street,4,633,
8,Player 1,1461,Coventry Street,5,441,
8,Player 2,1489,Fleet Street,4,619,
9,Player 1,1461,Liverpool Street,6,181,
9,Player 2,1599,Bond Street,5,529,
10,Player 1,1661,Whitechapel Road,6,381,
10,Player 2,1839,Mayfair,6,449,
11,Player 1,1661,Northumberland Avenue,7,321,
11,Player 2,2259,Chance,7,469,
11,Player 2,2109,Bow Street,7,319,
12,Player 1,1675,The Strand,8,175,
12,Player 2,2095,Water Works,7,305,
12,Player 2,2095,Chance,8,155,
13,Player 1,1675,Water Works,8,175,
13,Player 2,2365,Chance,8,425,
13,Player 2,2365,Mayfair,8,425,
14,Player 1,1605,Community Chest,8,105,
14,Player 2,2565,Community Chest,8,625,
15,Player 1,1705,Park Lane,8,205,
15,Player 2,2995,Electric Company ,9,305,
15,Player 2,2995,Community Chest,9,305,
15,Player 2,2995,Water Works,9,305,
16,Player 1,1905,GO,8,405,
16,Player 2,2995,Regent Street,9,305,
17,Player 1,1905,Jail,8,405,
17,Player 2,2995,Super Tax,9,305,
18,Player 1,1905,Chance,8,405,
18,Player 1,1905,Marylebone Station,8,405,
18,Player 1,1905,Leicester Square,9,205,
18,Player 2,3095,Community Chest,9,405,
18,Player 2,3095,Jail,9,405,
19,Player 1,2061,Go To Jail,10,101,
19,Player 1,2061,Jail,10,101,
19,Player 2,3095,Jail,9,205,
20,Player 1,2061,Jail,10,101,
20,Player 2,3045,Bow Street,9,155,
21,Player 1,2025,Community Chest,10,65,
21,Player 2,3031,Chance,9,141,
21,Player 2,3031,Fenchurch St Station,9,141,
22,Player 1,1975,Chance,10,15,
22,Player 2,3211,Regent Street,10,121,
23,Player 1,2025,Piccadilly,10,65,
23,Player 2,3411,GO,10,321,
24,Player 1,2025,Community Chest,10,65,
24,Player 1,2125,Mayfair,10,165,
24,Player 2,4011,Income Tax,10,521,
24,Player 2,3811,Pall Mall,10,321,
25,Player 1,2235,Community Chest,10,275,
25,Player 1,2235,GO,10,275,
25,Player 2,3811,Community Chest,10,321,
25,Player 2,3811,Old Kent Road,10,321,
26,Player 1,2158,Jail,10,198,
26,Player 2,3811,Kings Cross Station,11,261,
26,Player 2,3811,Jail,11,261,
27,Player 1,2158,Community Chest,10,198,
27,Player 2,3801,Community Chest,11,251,
28,Player 1,2168,Piccadilly,10,208,
28,Player 1,2168,Community Chest,10,208,
28,Player 1,2388,GO,10,428,
28,Player 2,3826,Fleet Street,11,276,
29,Player 1,2289,Community Chest,10,179,
29,Player 1,2339,Jail,10,229,
29,Player 2,3826,Piccadilly,11,276,
30,Player 1,2339,Community Chest,10,229,
30,Player 2,3826,Park Lane,11,276,
30,Player 2,4026,The Angel Islington,11,476,
31,Player 1,2239,Chance,10,129,
31,Player 2,4026,Pentonville Road,12,376,
32,Player 1,2214,Piccadilly,10,104,
32,Player 2,4026,Community Chest,13,256,
32,Player 2,4036,Free Parking,13,266,
33,Player 1,2214,Chance,10,104,
33,Player 2,4036,Fenchurch St Station,13,266,
34,Player 1,2394,Kings Cross Station,10,284,
34,Player 2,4136,Community Chest,13,366,
35,Player 1,2294,Pentonville Road,10,184,
35,Player 1,2286,Bow Street,10,176,
35,Player 2,4294,GO,13,524,
36,Player 1,2286,Trafalgar Square,10,176,
36,Player 2,4426,Chance,14,216,
36,Player 2,4426,Income Tax,14,216,
37,Player 1,2286,Regent Street,10,176,
37,Player 2,4252,Pall Mall,14,42,
38,Player 1,2270,Chance,10,160,
38,Player 2,4242,Chance,14,32,
38,Player 2,4242,Pall Mall,14,32,
39,Player 1,2465,Whitechapel Road,10,355,
39,Player 2,4232,Vine Street,14,22,
39,Player 2,4232,Go To Jail,14,22,
39,Player 2,4232,Jail,14,22,
40,Player 1,2465,Pentonville Road,10,205,
40,Player 1,2457,Community Chest,10,197,
40,Player 2,4240,Jail,14,30,
40,Player 2,4240,Bow Street,14,30,
41,Player 1,2571,Fleet Street,10,161,
41,Player 2,4244,Leicester Square,14,34,
42,Player 1,2663,Piccadilly,10,253,
42,Player 2,4234,Liverpool Street,14,24,
43,Player 1,2663,Park Lane,10,253,
43,Player 2,3824,Income Tax,14,414,
44,Player 1,2188,GO,10,228,
44,Player 2,3624,Northumberland Avenue,14,214,
45,Player 1,2155,Pentonville Road,10,195,
45,Player 2,3632,Community Chest,14,222,
46,Player 1,2147,Community Chest,10,187,
46,Player 1,2147,Water Works,10,187,
46,Player 2,3912,Chance,14,502,
47,Player 1,2007,Chance,9,107,
47,Player 2,3522,Go To Jail,15,52,
47,Player 2,3522,Jail,15,52,
48,Player 1,2307,Whitechapel Road,9,407,
48,Player 2,3526,Jail,15,56,
49,Player 1,2138,Pall Mall,9,238,
49,Player 2,3476,Community Chest,15,6,
49,Player 2,3476,Jail,15,6,
50,Player 1,2138,Bow Street,9,238,
50,Player 2,3476,Jail,15,6,
51,Player 1,2138,Fleet Street,9,238,
51,Player 2,3494,Jail,15,24,
51,Player 2,3494,Northumberland Avenue,15,24,
52,Player 1,2132,Oxford Street,9,232,
52,Player 2,3482,Chance,15,12,
52,Player 2,3482,GO,15,12,
53,Player 1,2602,Whitechapel Road,10,402,
53,Player 2,3486,Chance,15,16,
53,Player 2,3486,Jail,15,16,
54,Player 1,2499,The Angel Islington,10,299,
54,Player 2,3492,Jail,15,22,
55,Player 1,2493,Electric Company ,10,293,
55,Player 2,3552,Jail,15,82,
56,Player 1,2433,Community Chest,10,233,
56,Player 2,3502,Free Parking,15,32,
57,Player 1,2383,Fenchurch St Station,10,183,
57,Player 2,3602,Leicester Square,15,132,
58,Player 1,2327,Regent Street,10,127,
58,Player 2,3584,Liverpool Street,15,114,
59,Player 1,2301,Bond Street,10,101,
59,Player 2,3812,Community Chest,15,342,
60,Player 1,2473,Community Chest,10,273,
60,Player 1,2473,GO,10,273,
60,Player 1,2473,Chance,10,273,
60,Player 2,3912,Electric Company ,15,92,
61,Player 1,2323,Vine Street,10,123,
61,Player 1,2323,Coventry Street,10,123,
61,Player 2,3912,Chance,15,92,
62,Player 1,2323,Bond Street,10,123,
62,Player 2,3865,Oxford Street,15,45,
62,Player 2,4039,Old Kent Road,15,219,
63,Player 1,2521,Old Kent Road,10,321,
63,Player 2,4047,Euston Road,15,227,
64,Player 1,2431,Kings Cross Station,10,231,
64,Player 1,2331,Pall Mall,10,131,
64,Player 2,4147,Bow Street,16,227,
64,Player 2,4133,Trafalgar Square,16,213,
65,Player 1,2345,Free Parking,10,145,
65,Player 2,4133,Oxford Street,16,213,
65,Player 2,4107,Mayfair,16,187,
66,Player 1,2371,Leicester Square,10,171,
66,Player 2,4307,Whitechapel Road,16,387,
67,Player 1,2371,Park Lane,10,171,
67,Player 1,0,Park Lane,0,0,
1,Player 1,1500,Chance,0,1500,
1,Player 2,1500,Chance,0,1500,
1,Player 2,1500,Pall Mall,0,1500,
2,Player 1,1485,Bow Street,0,1485,
2,Player 2,1500,Free Parking,1,1360,
3,Player 1,1485,Trafalgar Square,1,1305,
3,Player 2,1500,Trafalgar Square,1,1360,
4,Player 1,1505,Regent Street,2,1085,
4,Player 2,1480,Liverpool Street,1,1340,
5,Player 1,1540,GO,3,820,
5,Player 2,1680,Old Kent Road,2,1340,
6,Player 1,1540,Income Tax,3,820,
6,Player 2,1680,Jail,3,1280,
7,Player 1,1386,Pall Mall,3,666,
7,Player 2,1690,Marylebone Station,3,1290,
8,Player 1,1376,Marylebone Station,3,656,
8,Player 2,1740,Fleet Street,4,1140,
9,Player 1,1326,The Strand,3,606,
9,Player 2,1740,Go To Jail,5,920,
9,Player 2,1740,Jail,5,920,
10,Player 1,1326,Coventry Street,4,386,
10,Player 2,1805,Jail,6,725,
11,Player 1,1326,Mayfair,4,386,
11,Player 1,1526,Kings Cross Station,4,586,
11,Player 2,1935,Vine Street,7,455,
12,Player 1,1526,Electric Company ,5,386,
12,Player 2,1935,Fenchurch St Station,8,255,
13,Player 1,1526,Chance,6,236,
13,Player 2,2025,Piccadilly,9,145,
14,Player 1,1872,Community Chest,7,302,
14,Player 2,2225,GO,9,345,
15,Player 1,2122,GO,7,552,
15,Player 2,2225,Pall Mall,9,345,
16,Player 1,2122,Chance,7,552,
16,Player 2,2225,Marlborough Street,9,345,
17,Player 1,2222,Electric Company ,7,652,
17,Player 2,2225,Leicester Square,10,165,
18,Player 1,2378,Vine Street,8,548,
18,Player 2,2241,Chance,10,181,
18,Player 2,2241,GO,10,181,
18,Player 2,2241,Community Chest,10,181,
18,Player 2,2141,Jail,10,81,
19,Player 1,2362,Coventry Street,8,532,
19,Player 2,2163,Jail,10,103,
20,Player 1,2340,Bond Street,8,510,
20,Player 2,2113,Bow Street,10,53,
21,Player 1,2842,GO,9,692,
21,Player 1,2842,Chance,9,692,
21,Player 1,2842,Jail,9,692,
21,Player 2,2099,Fleet Street,10,39,
22,Player 1,2666,Jail,9,516,
22,Player 2,2099,Oxford Street,10,39,
23,Player 1,2886,Northumberland Avenue,10,236,
23,Player 2,2099,Park Lane,10,39,
24,Player 1,3345,Marlborough Street,12,185,
24,Player 1,3331,Coventry Street,12,171,
24,Player 2,2335,The Angel Islington,10,275,
25,Player 1,3309,Go To Jail,12,149,
25,Player 1,3309,Jail,12,149,
25,Player 2,2335,Marylebone Station,11,175,
26,Player 1,3309,Jail,12,149,
26,Player 2,2335,Community Chest,11,175,
26,Player 2,2345,Fleet Street,11,185,
26,Player 2,2345,Oxford Street,11,185,
27,Player 1,3311,Vine Street,12,151,
27,Player 2,2309,Park Lane,11,149,
28,Player 1,3330,Leicester Square,12,170,
28,Player 2,2474,Pentonville Road,11,314,
28,Player 2,2474,Vine Street,12,194,
29,Player 1,3330,Bond Street,12,170,
29,Player 2,2474,Coventry Street,12,194,
29,Player 2,2474,Liverpool Street,12,194,
29,Player 2,2674,GO,12,394,
30,Player 1,3530,Whitechapel Road,12,370,
30,Player 2,2674,Euston Road,12,394,
31,Player 1,3530,Pentonville Road,13,310,
31,Player 2,2690,Jail,13,310,
31,Player 2,2690,Community Chest,13,310,
32,Player 1,3514,Whitehall ,13,294,
32,Player 2,2640,Fleet Street,13,260,
32,Player 2,2640,Regent Street,13,260,
33,Player 1,3566,Free Parking,14,206,
33,Player 2,2588,Mayfair,13,208,
34,Player 1,3566,Trafalgar Square,14,206,
34,Player 1,3566,Go To Jail,14,206,
34,Player 1,3566,Jail,14,206,
34,Player 2,2788,Kings Cross Station,13,408,
35,Player 1,3591,Jail,14,231,
35,Player 2,2763,Jail,13,383,
36,Player 1,3541,Marlborough Street,14,181,
36,Player 1,3527,Chance,14,167,
36,Player 1,3377,Fenchurch St Station,14,17,
36,Player 2,2877,Vine Street,13,97,
37,Player 1,3367,Park Lane,14,7,
37,Player 1,3567,Euston Road,14,207,
37,Player 2,3147,Go To Jail,13,317,
37,Player 2,3147,Jail,13,317,
38,Player 1,3387,Pall Mall,14,27,
38,Player 2,3157,Jail,13,227,
39,Player 1,3377,Free Parking,14,17,
39,Player 2,3107,Bow Street,13,177,
40,Player 1,3377,Piccadilly,14,17,
40,Player 2,3107,Free Parking,13,177,
41,Player 1,3377,Community Chest,14,17,
41,Player 2,3107,Water Works,13,177,
42,Player 1,3677,Community Chest,14,317,
42,Player 2,3179,Chance,14,99,
43,Player 1,3778,Whitehall ,14,218,
43,Player 2,3349,Community Chest,14,269,
43,Player 2,3349,Electric Company ,14,269,
44,Player 1,3802,Community Chest,14,242,
44,Player 1,3802,Jail,14,242,
44,Player 2,3292,Chance,14,212,
44,Player 2,3292,Mayfair,14,212,
44,Player 2,3492,Jail,14,412,
45,Player 1,3802,Jail,14,242,
45,Player 2,3415,Vine Street,14,335,
46,Player 1,3752,Marylebone Station,14,192,
46,Player 2,3405,Coventry Street,14,325,
47,Player 1,3652,Community Chest,14,92,
47,Player 1,3602,Trafalgar Square,14,42,
47,Player 2,3405,Community Chest,14,325,
48,Player 1,3602,Piccadilly,14,42,
48,Player 2,3395,Chance,14,315,
48,Player 2,3395,Marylebone Station,14,315,
49,Player 1,3602,Mayfair,14,42,
49,Player 2,3445,The Strand,14,365,
50,Player 1,3860,The Angel Islington,14,300,
50,Player 2,3506,Go To Jail,14,526,
50,Player 2,3506,Jail,14,526,
51,Player 1,3670,Euston Road,14,110,
51,Player 1,3590,Marlborough Street,14,30,
51,Player 2,3130,Jail,15,390,
52,Player 1,3516,Fenchurch St Station,13,16,
52,Player 2,3180,The Strand,15,90,
53,Player 1,3506,Water Works,13,6,
53,Player 2,3192,Coventry Street,15,102,
54,Player 1,3584,Oxford Street,13,84,
54,Player 1,3584,Mayfair,13,84,
54,Player 2,3242,Liverpool Street,15,152,
55,Player 1,3734,Chance,13,234,
55,Player 1,3734,Marylebone Station,13,234,
55,Player 2,3542,Income Tax,15,452,
56,Player 1,3634,Vine Street,13,134,
56,Player 2,3358,Whitehall ,15,268,
57,Player 1,3628,Trafalgar Square,13,128,
57,Player 2,3348,Marlborough Street,15,258,
58,Player 1,3628,Bond Street,13,128,
58,Player 2,3348,Fenchurch St Station,15,258,
59,Player 1,3828,Old Kent Road,13,328,
59,Player 2,3438,Regent Street,15,348,
60,Player 1,3738,Jail,13,238,
60,Player 2,3638,GO,15,548,
61,Player 1,3738,Marylebone Station,13,238,
61,Player 2,3338,Pentonville Road,15,498,
62,Player 1,3638,Trafalgar Square,13,138,
62,Player 2,3338,Marylebone Station,15,498,
63,Player 1,3638,Regent Street,13,138,
63,Player 2,3338,Marlborough Street,15,498,
64,Player 1,3838,GO,13,338,
64,Player 2,3338,Chance,15,498,
64,Player 2,3388,Regent Street,15,548,
65,Player 1,3739,Euston Road,13,239,
65,Player 2,4138,Community Chest,15,1298,
65,Player 2,4138,GO,15,1298,
66,Player 1,3549,Northumberland Avenue,13,49,
66,Player 2,4138,Income Tax,15,1298,
67,Player 1,3549,Free Parking,13,49,
67,Player 2,3938,Electric Company ,15,1098,
68,Player 1,3581,Fleet Street,13,81,
68,Player 2,3924,Community Chest,15,1084,
68,Player 2,3924,Old Kent Road,15,1084,
69,Player 1,3563,Go To Jail,13,63,
69,Player 1,3563,Jail,13,63,
69,Player 2,3924,Pall Mall,15,1084,
69,Player 2,3924,Vine Street,15,1084,
70,Player 1,3563,Jail,13,63,
70,Player 2,3924,Water Works,15,1084,
71,Player 1,3513,Whitehall ,13,13,
71,Player 2,3924,Chance,15,1084,
72,Player 1,3513,Trafalgar Square,13,13,
72,Player 2,3424,Super Tax,15,584,
72,Player 2,3524,The Angel Islington,15,684,
73,Player 1,3513,Oxford Street,13,13,
73,Player 2,3524,Whitehall ,15,684,
74,Player 1,3523,Chance,13,23,
74,Player 2,3514,Marlborough Street,15,674,
75,Player 1,3703,Old Kent Road,13,203,
75,Player 2,3764,Fleet Street,15,924,
76,Player 1,3543,Income Tax,13,43,
76,Player 2,3764,Go To Jail,15,924,
76,Player 2,3764,Jail,15,924,
77,Player 1,3543,Whitehall ,13,43,
77,Player 2,3764,Jail,15,924,
78,Player 1,3543,Bow Street,13,43,
78,Player 2,3714,Bow Street,15,874,
79,Player 1,3543,Water Works,13,43,
79,Player 1,3585,Chance,13,85,
79,Player 1,3585,Community Chest,13,85,
79,Player 2,3752,Leicester Square,15,912,
80,Player 1,3817,GO,13,317,
80,Player 2,3730,Liverpool Street,15,890,
81,Player 1,3817,Chance,13,317,
81,Player 2,3930,Income Tax,15,1090,
82,Player 1,3802,Northumberland Avenue,13,302,
82,Player 2,3730,Marylebone Station,15,890,
83,Player 1,3802,Chance,13,302,
83,Player 1,3802,Pall Mall,13,302,
83,Player 2,3740,Fleet Street,15,900,
84,Player 1,3792,Vine Street,13,292,
84,Player 2,3756,Coventry Street,15,916,
85,Player 1,3776,Go To Jail,13,276,
85,Player 1,3776,Jail,13,276,
85,Player 2,3756,Regent Street,15,916,
86,Player 1,3776,Jail,13,276,
86,Player 2,3956,GO,15,1116,
87,Player 1,3726,Chance,13,226,
87,Player 1,3876,Piccadilly,13,376,
87,Player 2,3956,Electric Company ,15,1116,
87,Player 2,3908,Free Parking,15,1068,
88,Player 1,3825,Oxford Street,13,325,
88,Player 2,3908,Regent Street,15,1068,
89,Player 1,3825,Chance,13,325,
89,Player 2,4108,Community Chest,15,1268,
90,Player 1,4004,Old Kent Road,13,504,
90,Player 2,3033,The Angel Islington,16,43,
91,Player 1,3604,Jail,12,254,
91,Player 2,3033,Jail,16,43,
91,Player 2,3033,Bow Street,16,43,
92,Player 1,3618,Bow Street,12,268,
92,Player 2,3019,Coventry Street,16,29,
93,Player 1,3618,The Strand,12,268,
93,Player 2,3019,Chance,16,29,
93,Player 2,3019,GO,16,29,
94,Player 1,3618,Piccadilly,12,268,
94,Player 2,3019,The Angel Islington,16,29,
95,Player 1,3618,Super Tax,12,268,
95,Player 2,3019,Northumberland Avenue,16,29,
96,Player 1,3730,Old Kent Road,12,380,
96,Player 2,3257,Vine Street,16,267,
97,Player 1,3480,Whitehall ,12,130,
97,Player 1,3480,Fenchurch St Station,12,130,
97,Player 1,3380,Community Chest,12,30,
97,Player 2,3357,Leicester Square,16,367,
98,Player 1,3422,Super Tax,12,72,
98,Player 2,3335,Go To Jail,16,345,
98,Player 2,3335,Jail,16,345,
99,Player 1,3622,Kings Cross Station,12,272,
99,Player 2,3335,Jail,16,345,
100,Player 1,3622,Whitehall ,12,272,
100,Player 2,3285,Electric Company ,16,295,
100,Player 2,3285,Vine Street,16,295,
101,Player 1,3622,Chance,12,272,
101,Player 1,3622,Jail,12,272,
101,Player 2,3285,Trafalgar Square,16,295,
102,Player 1,3622,Jail,12,272,
102,Player 2,3285,Go To Jail,16,295,
102,Player 2,3285,Jail,16,295,
103,Player 1,3572,Vine Street,12,222,
103,Player 2,3301,Jail,16,311,
104,Player 1,3556,Water Works,12,206,
104,Player 2,3341,Bow Street,16,351,
105,Player 1,3480,Bond Street,12,130,
105,Player 2,3327,Free Parking,16,337,
106,Player 1,3680,Kings Cross Station,12,330,
106,Player 2,3327,Go To Jail,16,337,
106,Player 2,3327,Jail,16,337,
107,Player 1,3680,Euston Road,12,330,
107,Player 2,3877,Jail,16,887,
108,Player 1,3490,Marlborough Street,12,140,
108,Player 1,3476,Fenchurch St Station,12,126,
108,Player 2,3941,Bow Street,16,951,
109,Player 1,3376,Oxford Street,12,26,
109,Player 2,3941,Chance,16,951,
110,Player 1,3376,Bond Street,12,26,
110,Player 1,3576,Whitechapel Road,12,226,
110,Player 2,4241,Go To Jail,16,1251,
110,Player 2,4241,Jail,16,1251,
111,Player 1,3486,Northumberland Avenue,12,136,
111,Player 2,4241,Jail,16,1251,
112,Player 1,3486,The Strand,12,136,
112,Player 2,4191,Free Parking,16,1201,
113,Player 1,3486,Trafalgar Square,12,136,
113,Player 2,4191,Chance,16,1201,
113,Player 2,3616,Fenchurch St Station,16,626,
114,Player 1,3486,Oxford Street,12,136,
114,Player 2,3616,Community Chest,16,626,
115,Player 1,3486,Bond Street,12,136,
115,Player 1,3686,Community Chest,12,336,
115,Player 1,3586,Electric Company ,12,236,
115,Player 2,3966,GO,16,976,
116,Player 1,3486,Bow Street,12,136,
116,Player 1,3486,Marlborough Street,12,136,
116,Player 1,3472,Water Works,12,122,
116,Player 2,4080,Pall Mall,16,1090,
117,Player 1,3372,Oxford Street,12,22,
117,Player 2,4080,Vine Street,16,1090,
117,Player 2,4080,Water Works,16,1090,
118,Player 1,3372,Bond Street,12,22,
118,Player 1,3572,The Angel Islington,12,222,
118,Player 1,3382,Jail,12,32,
118,Player 2,4630,Community Chest,16,1640,
119,Player 1,3382,Electric Company ,12,32,
119,Player 1,3362,Bow Street,12,12,
119,Player 2,4660,Park Lane,16,1670,
119,Player 2,4825,Pentonville Road,16,1835,
119,Player 2,4825,Marlborough Street,16,1835,
120,Player 1,3217,Chance,11,47,
120,Player 1,3217,Mayfair,11,47,
120,Player 2,3255,Free Parking,17,85,
120,Player 2,3255,Water Works,17,85,
121,Player 1,3487,The Angel Islington,11,317,
121,Player 2,3706,Community Chest,17,136,
122,Player 1,3207,Electric Company ,11,37,
122,Player 2,3716,Liverpool Street,17,146,
122,Player 2,3916,GO,17,346,
123,Player 1,3267,Fleet Street,11,97,
123,Player 2,3934,Euston Road,17,264,
124,Player 1,3249,Piccadilly,11,79,
124,Player 2,3934,Electric Company ,17,264,
125,Player 1,3249,Oxford Street,11,79,
125,Player 2,3934,Marlborough Street,17,264,
126,Player 1,3249,Park Lane,11,79,
126,Player 2,3934,Fenchurch St Station,17,264,
127,Player 1,3449,Old Kent Road,11,279,
127,Player 2,4184,Oxford Street,17,314,
128,Player 1,3329,Euston Road,11,159,
128,Player 2,4204,Super Tax,17,134,
129,Player 1,3259,Marlborough Street,11,89,
129,Player 1,2859,Chance,11,89,
129,Player 1,2859,Marylebone Station,11,89,
129,Player 2,4554,Whitechapel Road,17,1084,
130,Player 1,2879,Marlborough Street,11,109,
130,Player 2,5504,Pentonville Road,17,2034,
130,Player 2,5504,Bow Street,17,2034,
131,Player 1,2639,Leicester Square,10,69,
131,Player 2,3704,Vine Street,18,34,
132,Player 1,2639,Community Chest,10,69,
132,Player 2,3704,Water Works,18,34,
133,Player 1,2939,GO,10,369,
133,Player 2,3704,Chance,18,34,
133,Player 2,3704,Kings Cross Station,18,34,
133,Player 2,3704,Jail,18,34,
134,Player 1,2939,Pentonville Road,10,369,
134,Player 2,4194,Marlborough Street,18,524,
135,Player 1,2609,Northumberland Avenue,10,39,
135,Player 2,4194,Fleet Street,18,524,
136,Player 1,2609,Community Chest,10,39,
136,Player 2,4194,Go To Jail,18,524,
136,Player 2,4194,Jail,18,524,
137,Player 1,2809,Trafalgar Square,10,239,
137,Player 2,4194,Jail,18,524,
138,Player 1,2809,Water Works,10,239,
138,Player 2,4184,Marlborough Street,18,514,
139,Player 1,2769,Bond Street,10,199,
139,Player 2,4184,Fleet Street,18,514,
140,Player 1,2969,Old Kent Road,10,399,
140,Player 2,4434,Water Works,18,764,
141,Player 1,2719,Kings Cross Station,10,149,
141,Player 2,4634,Bond Street,18,964,
141,Player 2,4634,Park Lane,18,964,
142,Player 1,2674,Whitehall ,10,104,
142,Player 2,4799,Kings Cross Station,18,1129,
143,Player 1,2674,Free Parking,10,104,
143,Player 2,4799,Electric Company ,18,1129,
144,Player 1,2674,Coventry Street,10,104,
144,Player 2,4821,Chance,18,1151,
144,Player 2,4871,Piccadilly,18,1201,
145,Player 1,2652,Liverpool Street,10,82,
145,Player 2,5071,Park Lane,18,1401,
146,Player 1,2807,Income Tax,10,237,
146,Player 2,5236,Income Tax,18,1566,
147,Player 1,2607,Marylebone Station,10,37,
147,Player 2,5236,Pall Mall,18,1566,
148,Player 1,2677,Chance,10,107,
148,Player 2,5236,Marlborough Street,18,1566,
149,Player 1,2677,Oxford Street,10,107,
149,Player 2,5236,Coventry Street,18,1566,
150,Player 1,2877,Whitechapel Road,10,307,
150,Player 2,5686,Mayfair,18,2016,
150,Player 2,5886,The Angel Islington,18,2216,
151,Player 1,2697,Pentonville Road,10,127,
151,Player 2,6486,Jail,18,2816,
152,Player 1,2617,Vine Street,10,47,
152,Player 1,2577,Fenchurch St Station,10,7,
152,Player 2,4536,Community Chest,19,316,
152,Player 2,4536,Water Works,19,316,
153,Player 1,2297,Community Chest,9,77,
153,Player 1,2297,Jail,9,77,
153,Player 2,4536,Oxford Street,19,316,
153,Player 2,4536,Park Lane,19,316,
154,Player 1,2297,Jail,9,77,
154,Player 2,4736,Euston Road,19,516,
155,Player 1,2247,Community Chest,9,27,
155,Player 2,4736,Marylebone Station,19,316,
156,Player 1,2317,Leicester Square,9,97,
156,Player 2,4736,Trafalgar Square,19,316,
157,Player 1,2317,Chance,9,97,
157,Player 2,4736,Piccadilly,19,316,
158,Player 1,2497,Income Tax,9,277,
158,Player 2,4736,Super Tax,19,316,
159,Player 1,2297,Northumberland Avenue,9,77,
159,Player 2,4836,Chance,19,416,
159,Player 2,4836,Income Tax,19,416,
160,Player 1,2297,Free Parking,9,77,
160,Player 1,2297,Leicester Square,9,77,
160,Player 2,4636,Northumberland Avenue,19,216,
161,Player 1,2309,Regent Street,9,89,
161,Player 2,4624,Vine Street,19,204,
162,Player 1,2309,Super Tax,9,89,
162,Player 2,4624,Leicester Square,19,204,
163,Player 1,2509,Jail,9,289,
163,Player 1,2509,Whitehall ,9,289,
163,Player 2,4624,Regent Street,19,204,
164,Player 1,2509,Fleet Street,9,289,
164,Player 2,4642,Chance,19,222,
165,Player 1,2491,Bond Street,9,271,
165,Player 2,4827,Kings Cross Station,19,407,
166,Player 1,2691,Whitechapel Road,9,471,
166,Player 2,5277,Pentonville Road,19,257,
167,Player 1,2241,Electric Company ,9,21,
167,Player 2,5367,Community Chest,19,347,
168,Player 1,2271,The Strand,9,51,
168,Player 2,5467,Trafalgar Square,19,247,
169,Player 1,2271,Regent Street,9,51,
169,Player 2,5467,Oxford Street,19,247,
170,Player 1,2471,Old Kent Road,9,251,
170,Player 2,5717,Super Tax,19,297,
171,Player 1,2221,Euston Road,9,1,
171,Player 2,5567,Income Tax,19,547,
172,Player 1,2321,Whitehall ,9,101,
172,Player 2,5367,Chance,19,347,
172,Player 2,5367,Pall Mall,19,347,
173,Player 1,2321,Vine Street,9,101,
173,Player 2,5567,Community Chest,19,1147,
173,Player 2,5567,GO,19,1147,
173,Player 2,5567,Pentonville Road,19,1147,
174,Player 1,2281,The Strand,9,61,
174,Player 1,2281,Water Works,9,61,
174,Player 2,5637,Community Chest,19,1217,
174,Player 2,5637,Old Kent Road,19,1217,
175,Player 1,2331,Liverpool Street,9,111,
175,Player 2,5837,Electric Company ,19,1417,
176,Player 1,2451,Community Chest,9,231,
176,Player 2,5827,Community Chest,19,1407,
177,Player 1,2461,Kings Cross Station,9,241,
177,Player 2,6052,Leicester Square,19,1632,
178,Player 1,2261,Community Chest,9,41,
178,Player 1,2281,The Strand,9,61,
178,Player 1,2281,Trafalgar Square,9,61,
178,Player 2,6052,Oxford Street,19,1632,
179,Player 1,2281,Go To Jail,9,61,
179,Player 1,2281,Jail,9,61,
179,Player 2,6252,Old Kent Road,19,1832,
180,Player 1,2281,Jail,9,61,
180,Player 2,6252,Pentonville Road,19,1832,
180,Player 2,6252,Community Chest,19,1832,
181,Player 1,2231,Marylebone Station,9,11,
181,Player 2,6502,Fleet Street,19,2082,
181,Player 2,6502,Go To Jail,19,2082,
181,Player 2,6502,Jail,19,2082,
182,Player 1,2301,Vine Street,9,81,
182,Player 2,7502,Jail,19,3082,
183,Player 1,2261,Go To Jail,9,41,
183,Player 1,2261,Jail,9,41,
183,Player 2,7452,Vine Street,19,3032,
184,Player 1,2261,Jail,9,41,
184,Player 1,2261,Marlborough Street,9,41,
184,Player 2,8402,Piccadilly,19,3982,
185,Player 1,2271,Fenchurch St Station,9,51,
185,Player 2,8602,Park Lane,19,4182,
186,Player 1,2341,Regent Street,9,121,
186,Player 2,8602,Mayfair,19,4182,
186,Player 2,8802,Community Chest,19,4382,
187,Player 1,2541,GO,9,321,
187,Player 2,8702,Northumberland Avenue,19,4282,
187,Player 2,8690,Chance,19,4270,
188,Player 1,2553,Chance,9,333,
188,Player 2,8840,Coventry Street,19,4420,
189,Player 1,2532,Bow Street,9,312,
189,Player 2,9790,Go To Jail,19,5370,
189,Player 2,9790,Jail,19,5370,
190,Player 1,2232,Marlborough Street,9,12,
190,Player 1,2242,Fenchurch St Station,9,22,
190,Player 2,10940,Jail,19,6520,
191,Player 1,2312,Bond Street,9,92,
191,Player 2,10890,The Strand,19,6470,
192,Player 1,2512,Income Tax,9,292,
192,Player 1,2312,Bow Street,9,92,
192,Player 1,2322,Coventry Street,9,102,
192,Player 2,11862,Fenchurch St Station,19,7442,
193,Player 1,2300,Oxford Street,9,80,
193,Player 2,11862,Bond Street,19,7442,
194,Player 1,2300,Chance,9,80,
194,Player 1,2300,GO,9,80,
194,Player 2,11862,Super Tax,19,7442,
195,Player 1,2300,Pall Mall,9,80,
195,Player 2,11972,The Angel Islington,19,7552,
196,Player 1,2290,Marlborough Street,9,70,
196,Player 2,12922,Pentonville Road,19,8502,
197,Player 1,2300,Fenchurch St Station,9,80,
197,Player 2,13122,Bow Street,19,8702,
198,Player 1,2370,Regent Street,9,150,
198,Player 2,13122,Trafalgar Square,19,8702,
199,Player 1,2370,Community Chest,9,150,
199,Player 1,2580,Community Chest,9,360,
199,Player 2,13122,Go To Jail,19,8702,
199,Player 2,13122,Jail,19,8702,
199,Player 2,13122,Chance,19,8702,
199,Player 2,13122,Jail,19,8702,
200,Player 1,2530,Pentonville Road,9,310,
200,Player 2,13722,Jail,19,9302,
201,Player 1,2310,The Strand,9,90,
201,Player 1,2310,Leicester Square,9,90,
201,Player 2,13672,Free Parking,19,9252,
202,Player 1,2310,Community Chest,9,90,
202,Player 2,13672,Leicester Square,19,9252,
202,Player 2,13672,Oxford Street,19,9252,
203,Player 1,2610,Old Kent Road,9,390,
203,Player 2,14122,Whitechapel Road,19,9702,
204,Player 1,2360,Jail,9,140,
204,Player 2,14122,Electric Company ,19,9702,
205,Player 1,2360,Marlborough Street,9,140,
205,Player 2,15072,Marlborough Street,19,10652,
205,Player 2,15072,Coventry Street,19,10652,
206,Player 1,2370,Chance,9,150,
206,Player 1,2220,Go To Jail,9,0,
206,Player 1,2220,Jail,9,0,
206,Player 2,15072,Community Chest,19,10652,
207,Player 1,2220,Jail,9,0,
207,Player 2,15272,Park Lane,19,10852,
207,Player 2,15472,Income Tax,19,11052,
208,Player 1,2220,Jail,9,0,
208,Player 2,15272,Whitehall ,19,10852,
209,Player 1,2230,Jail,9,10,
209,Player 2,15262,Bow Street,19,10842,
210,Player 1,2230,Jail,9,10,
210,Player 2,15262,Trafalgar Square,19,10842,
210,Player 2,15262,Regent Street,19,10842,
211,Player 1,2230,Marlborough Street,9,10,
211,Player 2,16212,Park Lane,19,11792,
212,Player 1,2240,Fleet Street,9,20,
212,Player 2,16430,Kings Cross Station,19,12010,
213,Player 1,2222,Community Chest,9,2,
213,Player 1,2222,Electric Company ,9,2,
213,Player 1,2242,Northumberland Avenue,9,22,
213,Player 1,2242,Chance,9,22,
213,Player 2,16530,Bow Street,19,12110,
214,Player 1,2242,Piccadilly,9,22,
214,Player 2,16530,Coventry Street,19,12110,
215,Player 1,2242,Regent Street,9,22,
215,Player 1,2442,Community Chest,9,222,
215,Player 1,2442,Jail,9,222,
215,Player 2,16530,Super Tax,19,12110,
216,Player 1,2442,Jail,9,222,
216,Player 2,16630,Community Chest,19,12210,
217,Player 1,2392,Chance,9,172,
217,Player 1,2392,Mayfair,9,172,
217,Player 1,0,Mayfair,0,0,
217,Player 1,200,The Angel Islington,0,200,
217,Player 1,0,The Angel Islington,0,0,
1,Player 1,1500,The Angel Islington,0,1500,
1,Player 2,1500,Chance,0,1500,
2,Player 1,1500,Pentonville Road,1,1400,
2,Player 2,1500,Whitehall ,0,1500,
3,Player 1,1500,Marylebone Station,2,1280,
3,Player 2,1500,Marlborough Street,1,1360,
4,Player 1,1500,Trafalgar Square,3,1080,
4,Player 2,1500,Trafalgar Square,2,1180,
4,Player 2,1480,Bond Street,2,1160,
4,Player 2,1480,Park Lane,3,840,
5,Player 1,1520,Leicester Square,4,860,
5,Player 1,1520,Park Lane,5,600,
5,Player 2,1715,Euston Road,4,725,
6,Player 1,1685,Income Tax,5,765,
6,Player 2,1715,Electric Company ,5,625,
7,Player 1,1517,Pall Mall,5,597,
7,Player 2,1715,Vine Street,6,475,
8,Player 1,1517,Vine Street,6,457,
8,Player 2,1731,The Strand,7,291,
8,Player 2,1731,Fleet Street,7,291,
8,Player 2,1731,Leicester Square,7,291,
9,Player 1,1655,Coventry Street,8,155,
9,Player 2,1878,Super Tax,8,178,
9,Player 2,1978,Income Tax,8,278,
10,Player 1,1655,Super Tax,8,155,
10,Player 2,1781,Euston Road,8,81,
11,Player 1,1755,Chance,8,255,
11,Player 1,1755,Mayfair,8,255,
11,Player 2,1781,Community Chest,8,81,
12,Player 1,2315,Jail,9,415,
12,Player 2,1731,Trafalgar Square,8,31,
13,Player 1,2415,Free Parking,9,365,
13,Player 2,1701,Community Chest,8,1,
14,Player 1,2415,Leicester Square,9,365,
14,Player 2,2001,GO,8,301,
15,Player 1,2415,Go To Jail,9,365,
15,Player 1,2415,Jail,9,365,
15,Player 2,1924,Pentonville Road,8,224,
16,Player 1,2423,Jail,9,373,
16,Player 2,1916,Marylebone Station,8,216,
16,Player 2,1891,Trafalgar Square,8,191,
17,Player 1,2498,Whitehall ,9,298,
17,Player 2,1801,Community Chest,8,101,
18,Player 1,2488,Trafalgar Square,9,288,
18,Player 2,2051,Whitechapel Road,8,351,
18,Player 2,2051,Electric Company ,9,291,
19,Player 1,2488,Bond Street,9,288,
19,Player 2,2079,Chance,9,319,
19,Player 2,2079,Vine Street,9,319,
19,Player 2,2079,Coventry Street,9,319,
19,Player 2,2079,Jail,9,319,
20,Player 1,2660,Whitechapel Road,9,460,
20,Player 2,2083,Jail,9,323,
21,Player 1,2656,Electric Company ,9,156,
21,Player 2,2069,Community Chest,9,309,
22,Player 1,2620,Chance,9,120,
22,Player 2,2019,Fenchurch St Station,9,259,
22,Player 2,2019,Piccadilly,9,259,
23,Player 1,2850,Regent Street,10,150,
23,Player 2,2426,Liverpool Street,11,86,
24,Player 1,3210,GO,11,310,
24,Player 2,2626,Old Kent Road,11,286,
24,Player 2,2626,Income Tax,12,226,
25,Player 1,3210,Chance,11,160,
25,Player 2,2426,The Angel Islington,12,26,
25,Player 2,2420,Electric Company ,12,20,
26,Player 1,3316,Bow Street,11,266,
26,Player 2,2420,Chance,12,20,
26,Player 2,2420,Jail,12,20,
27,Player 1,3478,Fenchurch St Station,12,248,
27,Player 2,2420,Jail,12,20,
28,Player 1,3478,Water Works,12,248,
28,Player 2,2420,Jail,12,20,
29,Player 1,3613,Community Chest,13,233,
29,Player 2,2420,Jail,12,20,
30,Player 1,3513,Super Tax,13,133,
30,Player 2,2420,Jail,12,20,
31,Player 1,3613,Income Tax,13,233,
31,Player 2,2420,Community Chest,12,20,
31,Player 2,2420,Jail,12,20,
32,Player 1,3413,Pall Mall,13,33,
32,Player 2,2420,Jail,12,20,
33,Player 1,3413,Bow Street,13,33,
33,Player 2,2420,Jail,12,20,
34,Player 1,3413,Trafalgar Square,13,33,
34,Player 2,2420,Jail,12,20,
34,Player 2,2420,Free Parking,12,20,
35,Player 1,3413,Oxford Street,13,33,
35,Player 2,2420,Coventry Street,12,20,
36,Player 1,3413,Mayfair,13,33,
36,Player 2,2420,Go To Jail,12,20,
36,Player 2,2420,Jail,12,20,
37,Player 1,3613,Pall Mall,13,233,
37,Player 1,3613,Whitehall ,13,233,
37,Player 1,3603,Chance,13,223,
37,Player 1,3603,GO,13,223,
37,Player 2,2430,Jail,12,30,
37,Player 2,2430,Bow Street,12,30,
38,Player 1,3617,Pentonville Road,13,237,
38,Player 2,2416,Chance,12,16,
38,Player 2,2416,Pall Mall,12,16,
39,Player 1,3627,Marlborough Street,13,247,
39,Player 2,2420,Marlborough Street,12,20,
40,Player 1,3613,Coventry Street,13,233,
40,Player 2,2442,Fenchurch St Station,12,42,
41,Player 1,3691,Bond Street,13,161,
41,Player 2,2440,Oxford Street,12,40,
42,Player 1,4133,Whitechapel Road,14,303,
42,Player 2,2444,Mayfair,12,44,
43,Player 1,4179,Pall Mall,14,199,
43,Player 1,4179,Free Parking,14,199,
43,Player 2,2664,Euston Road,12,264,
44,Player 1,4179,Go To Jail,14,199,
44,Player 1,4179,Jail,14,199,
44,Player 2,2587,Bow Street,12,187,
45,Player 1,4193,Jail,14,213,
45,Player 2,2573,Trafalgar Square,12,173,
46,Player 1,4893,Community Chest,14,313,
46,Player 2,2443,Go To Jail,12,43,
46,Player 2,2443,Jail,12,43,
47,Player 1,4903,Trafalgar Square,14,173,
47,Player 2,2443,Jail,12,43,
48,Player 1,4903,Liverpool Street,14,173,
48,Player 2,2443,Jail,12,43,
49,Player 1,5103,Whitechapel Road,14,373,
49,Player 2,2447,Jail,12,47,
50,Player 1,4499,Kings Cross Station,14,219,
50,Player 1,4679,Euston Road,15,199,
50,Player 2,2447,Jail,12,47,
51,Player 1,4679,Whitehall ,15,199,
51,Player 2,2447,Marlborough Street,12,47,
52,Player 1,4679,Marlborough Street,15,199,
52,Player 2,2447,Leicester Square,12,47,
52,Player 2,2425,Go To Jail,12,25,
52,Player 2,2425,Jail,12,25,
53,Player 1,4701,Coventry Street,15,221,
53,Player 2,2447,Jail,12,47,
54,Player 1,4679,Chance,15,199,
54,Player 2,2447,Jail,12,47,
54,Player 2,2447,Northumberland Avenue,12,47,
55,Player 1,4987,Whitechapel Road,16,347,
55,Player 2,2451,Fleet Street,12,51,
56,Player 1,4533,Pentonville Road,17,243,
56,Player 2,2321,Leicester Square,11,21,
57,Player 1,4500,Marylebone Station,17,210,
57,Player 2,2369,Liverpool Street,11,69,
58,Player 1,4100,Trafalgar Square,17,260,
58,Player 2,2329,Mayfair,11,29,
59,Player 1,4150,Water Works,17,310,
59,Player 2,2549,Income Tax,11,249,
60,Player 1,4350,GO,17,510,
60,Player 1,4350,Euston Road,17,510,
60,Player 1,4350,Northumberland Avenue,17,510,
60,Player 2,2349,Jail,11,49,
60,Player 2,2349,Chance,11,49,
60,Player 2,2359,Go To Jail,11,59,
60,Player 2,2359,Jail,11,59,
61,Player 1,4350,Leicester Square,17,60,
61,Player 1,4350,Bond Street,17,60,
61,Player 2,2359,Jail,11,59,
62,Player 1,4350,Super Tax,17,60,
62,Player 1,4550,Old Kent Road,17,260,
62,Player 2,2311,Community Chest,11,11,
62,Player 2,2311,GO,11,11,
63,Player 1,4548,Whitehall ,17,258,
63,Player 1,4548,The Strand,17,258,
63,Player 2,2311,Chance,11,11,
63,Player 2,2311,Marylebone Station,11,11,
64,Player 1,4148,Piccadilly,17,158,
64,Player 1,4148,Oxford Street,17,158,
64,Player 2,2398,Fleet Street,11,98,
65,Player 1,5198,Chance,17,1208,
65,Player 2,2318,Piccadilly,11,18,
66,Player 1,5383,Income Tax,17,1393,
66,Player 2,2318,Bond Street,11,18,
67,Player 1,5183,Northumberland Avenue,17,1193,
67,Player 2,2518,GO,11,218,
67,Player 2,2518,Chance,11,218,
67,Player 2,2518,Marylebone Station,11,218,
68,Player 1,5383,Chance,17,1393,
68,Player 2,2178,Fleet Street,10,18,
69,Player 1,5146,Piccadilly,18,116,
69,Player 2,2178,Leicester Square,10,18,
70,Player 1,5168,Super Tax,18,138,
70,Player 2,2246,Liverpool Street,10,86,
71,Player 1,5468,The Angel Islington,18,438,
71,Player 2,2463,The Angel Islington,10,303,
72,Player 1,4818,Marlborough Street,18,388,
72,Player 1,4818,Leicester Square,18,388,
72,Player 1,4818,Park Lane,18,388,
72,Player 2,2163,Pall Mall,10,3,
73,Player 1,5768,Community Chest,18,1338,
73,Player 2,2173,Free Parking,10,13,
74,Player 1,5868,Pentonville Road,18,1438,
74,Player 2,2173,Coventry Street,10,13,
75,Player 1,5868,Northumberland Avenue,18,1438,
75,Player 2,2173,Go To Jail,10,13,
75,Player 2,2173,Jail,10,13,
76,Player 1,5868,Chance,18,1438,
76,Player 2,2173,Jail,10,13,
77,Player 1,4968,Water Works,18,538,
77,Player 2,2173,Jail,10,13,
78,Player 1,4968,Community Chest,18,538,
78,Player 1,4968,Electric Company ,18,538,
78,Player 2,2193,Jail,10,33,
79,Player 1,4948,Vine Street,18,518,
79,Player 2,2193,Jail,10,33,
80,Player 1,4948,Coventry Street,18,518,
80,Player 1,4948,Oxford Street,18,518,
80,Player 2,2193,Community Chest,10,33,
81,Player 1,5148,Old Kent Road,18,718,
81,Player 2,2215,Leicester Square,10,55,
82,Player 1,5168,Pentonville Road,18,738,
82,Player 1,5168,Marlborough Street,18,738,
82,Player 2,2193,Community Chest,10,33,
83,Player 1,5168,Coventry Street,18,738,
83,Player 2,2218,Super Tax,10,58,
84,Player 1,5168,Oxford Street,18,738,
84,Player 2,2418,Community Chest,10,258,
84,Player 2,2418,Old Kent Road,10,258,
85,Player 1,5168,Park Lane,18,738,
85,Player 2,2385,Euston Road,10,225,
86,Player 1,5918,Community Chest,18,1488,
86,Player 2,2250,Bow Street,10,90,
87,Player 1,5942,Pentonville Road,18,1512,
87,Player 2,2086,Leicester Square,9,76,
88,Player 1,4614,Vine Street,19,34,
88,Player 2,2064,Oxford Street,9,54,
89,Player 1,4640,Go To Jail,19,60,
89,Player 1,4640,Jail,19,60,
89,Player 2,2238,GO,9,228,
90,Player 1,4640,Jail,19,60,
90,Player 2,2238,Jail,9,228,
91,Player 1,4590,Community Chest,19,10,
91,Player 2,2238,Bow Street,9,228,
92,Player 1,4804,Leicester Square,19,224,
92,Player 2,2224,Fenchurch St Station,9,214,
93,Player 1,4922,Oxford Street,19,342,
93,Player 2,2024,Bond Street,9,14,
94,Player 1,5122,GO,19,542,
94,Player 2,2024,Super Tax,9,14,
95,Player 1,5122,Chance,19,542,
95,Player 2,2224,Chance,9,214,
95,Player 2,2224,Mayfair,9,214,
96,Player 1,6642,Pall Mall,19,112,
96,Player 2,2374,Chance,9,364,
96,Player 2,2374,Income Tax,9,364,
96,Player 2,2174,Whitehall ,9,164,
97,Player 1,5339,Bow Street,19,159,
97,Player 2,2079,Vine Street,9,69,
98,Player 1,5339,The Strand,19,159,
98,Player 2,2079,Leicester Square,9,69,
99,Player 1,5361,Trafalgar Square,19,181,
99,Player 2,2057,Bond Street,9,47,
100,Player 1,5361,Chance,19,181,
100,Player 1,5711,Old Kent Road,19,531,
100,Player 2,2059,Mayfair,9,49,
101,Player 1,4959,Income Tax,19,379,
101,Player 2,2299,Kings Cross Station,9,289,
102,Player 1,4959,Electric Company ,19,379,
102,Player 2,2099,Northumberland Avenue,9,89,
103,Player 1,5859,Free Parking,19,1279,
103,Player 2,2024,Community Chest,9,14,
104,Player 1,5859,Fenchurch St Station,19,1279,
104,Player 2,2064,Fenchurch St Station,9,54,
105,Player 1,6059,Liverpool Street,19,1479,
105,Player 2,2114,Community Chest,9,104,
106,Player 1,6259,Old Kent Road,19,1679,
106,Player 2,2183,Liverpool Street,9,173,
106,Player 2,2273,Whitechapel Road,9,263,
107,Player 1,6457,Chance,19,1877,
107,Player 2,2273,Northumberland Avenue,9,263,
108,Player 1,7457,Northumberland Avenue,19,2877,
108,Player 2,2028,Fleet Street,9,18,
108,Player 2,0,Fleet Street,0,0,
1,Player 1,1500,The Angel Islington,0,1500,
1,Player 2,1500,Income Tax,0,1500,
1,Player 2,1350,The Angel Islington,0,1350,
1,Player 2,1344,Bow Street,0,1344,
2,Player 1,1506,Bow Street,1,1406,
2,Player 2,1358,The Strand,1,1178,
3,Player 1,1492,Trafalgar Square,1,1392,
3,Player 2,1358,Water Works,2,958,
4,Player 1,1492,Bond Street,2,1152,
4,Player 2,1558,GO,3,1008,
4,Player 2,1558,Jail,3,1008,
4,Player 2,1558,Bow Street,3,1008,
5,Player 1,1692,Old Kent Road,3,1032,
5,Player 2,1558,Trafalgar Square,3,1008,
5,Player 2,1538,Regent Street,3,988,
6,Player 1,1712,Euston Road,4,992,
6,Player 2,1538,Super Tax,4,688,
7,Player 1,1712,Marlborough Street,5,892,
7,Player 2,1638,Kings Cross Station,4,788,
8,Player 1,1712,Fleet Street,6,712,
8,Player 2,1638,Electric Company ,5,588,
9,Player 1,1712,Leicester Square,7,492,
9,Player 2,1638,Trafalgar Square,6,438,
9,Player 2,1618,Water Works,6,418,
10,Player 1,1784,Super Tax,8,304,
10,Player 1,1884,The Angel Islington,8,404,
10,Player 1,1884,Jail,8,404,
10,Player 2,1818,GO,6,618,
10,Player 2,1818,Pentonville Road,6,618,
11,Player 1,1884,Jail,8,404,
11,Player 2,1818,Bow Street,7,498,
12,Player 1,1834,Northumberland Avenue,8,354,
12,Player 1,1834,Marlborough Street,9,194,
12,Player 2,1818,Vine Street,7,498,
13,Player 1,1834,Water Works,9,194,
13,Player 1,1734,Super Tax,9,94,
13,Player 1,1934,Whitechapel Road,9,294,
13,Player 2,1918,Water Works,8,398,
14,Player 1,1934,Whitehall ,10,234,
14,Player 2,1925,Liverpool Street,9,265,
15,Player 1,1934,The Strand,10,234,
15,Player 1,1916,Oxford Street,10,216,
15,Player 2,2033,Super Tax,10,173,
16,Player 1,2326,Income Tax,11,326,
16,Player 1,2126,Chance,11,126,
16,Player 2,2133,Kings Cross Station,10,273,
17,Player 1,2026,Northumberland Avenue,11,26,
17,Player 2,2133,Bow Street,10,273,
18,Player 1,2026,Trafalgar Square,11,26,
18,Player 2,2133,Marlborough Street,10,273,
18,Player 2,2119,Coventry Street,10,259,
19,Player 1,2040,Oxford Street,11,40,
19,Player 2,2353,Community Chest,11,233,
19,Player 2,2753,GO,11,633,
20,Player 1,2240,Community Chest,11,240,
20,Player 2,2753,Whitechapel Road,11,633,
21,Player 1,2139,Electric Company ,11,139,
21,Player 2,2849,Electric Company ,11,729,
22,Player 1,2039,Trafalgar Square,11,39,
22,Player 1,2039,Liverpool Street,11,39,
22,Player 2,2899,Bow Street,11,779,
22,Player 2,2899,Fleet Street,11,779,
23,Player 1,2057,Park Lane,11,57,
23,Player 1,2257,Whitechapel Road,11,257,
23,Player 2,3196,Piccadilly,12,726,
24,Player 1,2202,The Angel Islington,11,202,
24,Player 2,3196,Liverpool Street,13,446,
25,Player 1,2202,Northumberland Avenue,11,202,
25,Player 1,2202,Vine Street,11,202,
25,Player 2,3412,Chance,13,662,
25,Player 2,3412,Marylebone Station,13,662,
25,Player 2,3412,Chance,14,462,
26,Player 1,2186,Fenchurch St Station,11,186,
26,Player 1,2186,Go To Jail,11,186,
26,Player 1,2186,Jail,11,186,
26,Player 2,3507,Piccadilly,15,357,
27,Player 1,2186,Jail,11,186,
27,Player 2,3507,Mayfair,15,357,
28,Player 1,2136,Marlborough Street,11,136,
28,Player 2,4007,Income Tax,16,457,
29,Player 1,2136,Fenchurch St Station,11,136,
29,Player 2,4007,Electric Company ,16,257,
30,Player 1,2106,Go To Jail,11,106,
30,Player 1,2106,Jail,11,106,
30,Player 2,4007,Bow Street,16,257,
30,Player 2,4007,Fenchurch St Station,16,257,
31,Player 1,2106,Jail,11,106,
31,Player 2,4007,Oxford Street,16,257,
32,Player 1,2082,Chance,11,82,
32,Player 1,2082,Marylebone Station,11,82,
32,Player 1,2052,Vine Street,11,52,
32,Player 2,4197,Super Tax,16,247,
33,Player 1,2036,Piccadilly,11,36,
33,Player 1,2214,GO,11,214,
33,Player 2,4319,Kings Cross Station,16,369,
34,Player 1,2159,The Angel Islington,11,159,
34,Player 1,2159,Jail,11,159,
34,Player 1,2159,Free Parking,11,159,
34,Player 2,4319,Northumberland Avenue,16,369,
35,Player 1,2171,Fenchurch St Station,11,171,
35,Player 2,4507,Marlborough Street,16,357,
35,Player 2,4493,The Strand,16,343,
36,Player 1,2035,Bond Street,11,35,
36,Player 2,4493,Go To Jail,16,343,
36,Player 2,4493,Jail,16,343,
37,Player 1,2035,Super Tax,11,35,
37,Player 2,4493,Jail,16,343,
38,Player 1,2235,Chance,11,235,
38,Player 2,4443,Bow Street,16,293,
39,Player 1,2230,Bow Street,11,230,
39,Player 2,4457,Chance,16,307,
40,Player 1,2216,The Strand,11,216,
40,Player 2,4400,Go To Jail,16,250,
40,Player 2,4400,Jail,16,250,
41,Player 1,2198,Water Works,11,198,
41,Player 2,4470,Jail,16,320,
42,Player 1,2128,Liverpool Street,11,128,
42,Player 2,4620,Community Chest,16,270,
43,Player 1,2298,GO,11,298,
43,Player 2,4720,Fenchurch St Station,16,370,
44,Player 1,2243,Community Chest,11,243,
44,Player 1,2293,The Angel Islington,11,293,
44,Player 2,4720,Liverpool Street,16,370,
44,Player 2,4920,GO,16,570,
45,Player 1,2293,Marlborough Street,11,293,
45,Player 1,2293,Trafalgar Square,11,293,
45,Player 2,4920,The Angel Islington,16,370,
45,Player 2,4914,Pentonville Road,16,364,
46,Player 1,2299,Bond Street,11,299,
46,Player 2,4914,Marylebone Station,16,364,
47,Player 1,2299,Mayfair,11,299,
47,Player 1,0,Mayfair,0,0,
1,Player 2,1500,The Angel Islington,0,1500,
1,Player 1,1500,Income Tax,0,1500,
2,Player 2,1500,Pall Mall,1,1400,
2,Player 1,1350,Whitehall ,0,1350,
3,Player 2,1500,Vine Street,2,1260,
3,Player 2,1500,Leicester Square,3,1060,
3,Player 1,1350,Community Chest,1,1210,
4,Player 2,1500,Community Chest,4,800,
4,Player 2,1500,GO,4,800,
4,Player 1,1375,Leicester Square,1,1235,
5,Player 2,1522,Jail,4,822,
5,Player 2,1522,Community Chest,4,822,
5,Player 1,1343,Bond Street,1,1203,
6,Player 2,1532,Fleet Street,4,832,
6,Player 1,1367,GO,2,907,
7,Player 2,1411,Piccadilly,5,491,
7,Player 1,1367,Pentonville Road,2,907,
8,Player 2,1411,Liverpool Street,6,211,
8,Player 1,1457,The Strand,4,677,
8,Player 1,1457,Oxford Street,5,457,
9,Player 2,1611,Old Kent Road,6,411,
9,Player 2,1611,Pall Mall,7,351,
9,Player 1,1652,Mayfair,6,352,
10,Player 2,1811,Chance,8,151,
10,Player 2,1811,Vine Street,8,151,
10,Player 1,1852,Pentonville Road,6,552,
11,Player 2,1811,Leicester Square,8,151,
11,Player 1,1731,Bow Street,6,431,
12,Player 2,1811,Super Tax,8,151,
12,Player 2,1911,Income Tax,8,251,
12,Player 1,1731,Fenchurch St Station,7,251,
13,Player 2,1720,Pall Mall,8,60,
13,Player 1,1901,Bond Street,8,221,
14,Player 2,1720,Free Parking,8,60,
14,Player 1,1901,Park Lane,8,221,
15,Player 2,1720,Fenchurch St Station,8,60,
15,Player 1,2449,Old Kent Road,9,419,
15,Player 1,2447,Income Tax,9,417,
16,Player 2,1672,Bond Street,8,12,
16,Player 1,2275,Jail,9,245,
17,Player 2,1894,Old Kent Road,8,234,
17,Player 1,2275,Bow Street,9,245,
18,Player 2,1839,The Angel Islington,8,179,
18,Player 1,2275,The Strand,9,245,
19,Player 2,1839,Pentonville Road,8,179,
19,Player 1,2283,Fenchurch St Station,9,253,
20,Player 2,1831,Whitehall ,8,171,
20,Player 1,2293,Oxford Street,9,263,
21,Player 2,1821,Bow Street,8,161,
21,Player 1,2307,Super Tax,9,277,
22,Player 2,1807,Trafalgar Square,8,147,
22,Player 1,2563,Whitechapel Road,10,293,
23,Player 2,1807,Go To Jail,8,147,
23,Player 2,1807,Jail,8,147,
23,Player 1,2563,Pentonville Road,11,233,
24,Player 2,1807,Jail,8,147,
24,Player 1,2563,Marlborough Street,11,233,
25,Player 2,1757,Marlborough Street,8,97,
25,Player 1,2694,Fleet Street,12,184,
26,Player 2,1761,The Strand,8,101,
26,Player 1,2694,Piccadilly,12,184,
27,Player 2,1765,Water Works,8,105,
27,Player 1,2758,Regent Street,13,98,
27,Player 1,3213,Old Kent Road,14,253,
27,Player 1,3211,The Angel Islington,14,251,
28,Player 2,1773,Park Lane,8,113,
28,Player 1,3205,Pentonville Road,14,245,
29,Player 2,1973,Kings Cross Station,8,313,
29,Player 2,2033,Pentonville Road,9,173,
29,Player 2,2025,Marlborough Street,9,165,
29,Player 1,3227,Whitehall ,14,267,
30,Player 2,2011,Fenchurch St Station,9,151,
30,Player 1,3277,Chance,14,317,
31,Player 2,1961,Oxford Street,9,101,
31,Player 1,3262,Fenchurch St Station,14,302,
32,Player 2,1961,Liverpool Street,9,101,
32,Player 1,3312,Chance,14,352,
32,Player 1,3312,Pall Mall,14,352,
33,Player 2,2121,Community Chest,9,261,
33,Player 1,3302,Bow Street,14,342,
34,Player 2,2131,Pall Mall,9,271,
34,Player 1,3302,Leicester Square,14,342,
34,Player 1,3280,Community Chest,14,320,
35,Player 2,2153,Chance,9,293,
35,Player 1,3300,Super Tax,14,340,
36,Player 2,2153,Regent Street,9,293,
36,Player 1,3400,Pentonville Road,14,440,
37,Player 2,2153,Super Tax,9,293,
37,Player 1,3400,Northumberland Avenue,14,240,
38,Player 2,2253,Old Kent Road,9,393,
38,Player 1,3440,Fleet Street,15,120,
39,Player 2,2271,The Angel Islington,9,411,
39,Player 1,3422,Water Works,15,102,
40,Player 2,2271,Bow Street,9,411,
40,Player 2,2257,Leicester Square,9,397,
40,Player 1,3436,Park Lane,15,116,
41,Player 2,2257,Go To Jail,9,397,
41,Player 2,2257,Jail,9,397,
41,Player 1,3636,The Angel Islington,15,316,
42,Player 2,2263,Jail,9,403,
42,Player 1,3630,Pall Mall,15,310,
43,Player 2,2223,The Strand,9,363,
43,Player 1,3638,Free Parking,15,318,
44,Player 2,2205,Trafalgar Square,9,345,
44,Player 1,3638,Regent Street,15,318,
45,Player 2,2205,Go To Jail,9,345,
45,Player 2,2205,Jail,9,345,
45,Player 1,3638,Park Lane,15,318,
46,Player 2,2205,Jail,9,345,
46,Player 1,3838,GO,15,518,
47,Player 2,2155,Vine Street,9,295,
47,Player 1,3706,Pentonville Road,15,386,
48,Player 2,2155,Piccadilly,9,295,
48,Player 1,3706,Marlborough Street,15,386,
49,Player 2,2355,GO,9,495,
49,Player 1,3706,The Strand,15,386,
50,Player 2,2355,Kings Cross Station,9,495,
50,Player 1,3706,Fenchurch St Station,15,386,
51,Player 2,2355,Jail,9,495,
51,Player 1,3706,Oxford Street,15,386,
52,Player 2,2355,Free Parking,9,495,
52,Player 1,3706,Mayfair,15,386,
53,Player 2,2355,Water Works,9,495,
53,Player 1,3938,The Angel Islington,15,418,
54,Player 2,2329,Bond Street,9,469,
54,Player 2,2379,GO,9,519,
54,Player 1,4082,Jail,15,362,
55,Player 2,2379,Chance,9,519,
55,Player 1,4082,Marylebone Station,15,362,
56,Player 2,2229,Whitehall ,9,369,
56,Player 1,4092,Free Parking,16,172,
57,Player 2,2219,Vine Street,9,359,
57,Player 1,4092,Fleet Street,16,172,
58,Player 2,2237,Piccadilly,9,377,
58,Player 1,4074,Piccadilly,16,154,
59,Player 2,2259,Park Lane,9,399,
59,Player 2,2459,Euston Road,9,599,
59,Player 1,4052,Community Chest,16,132,
60,Player 2,2459,Electric Company ,10,499,
60,Player 1,4002,Mayfair,16,82,
61,Player 2,2459,Community Chest,11,349,
61,Player 2,2459,Water Works,11,349,
61,Player 1,4222,Old Kent Road,16,302,
61,Player 1,4220,Pentonville Road,16,300,
62,Player 2,2441,Chance,11,331,
62,Player 1,4220,Community Chest,16,300,
63,Player 2,2791,Income Tax,11,681,
63,Player 2,2591,Euston Road,11,481,
63,Player 1,4120,Fenchurch St Station,16,200,
63,Player 1,4120,Community Chest,16,200,
64,Player 2,2591,Whitehall ,11,481,
64,Player 1,4380,Community Chest,16,460,
65,Player 2,2581,Vine Street,11,471,
65,Player 2,2581,Chance,11,471,
65,Player 2,2581,Jail,11,471,
65,Player 1,4370,Pall Mall,16,250,
66,Player 2,2591,Jail,11,481,
66,Player 1,4360,Whitehall ,16,240,
66,Player 1,4360,Marylebone Station,16,240,
66,Player 1,4360,Trafalgar Square,16,240,
67,Player 2,2541,Marylebone Station,11,431,
67,Player 1,4460,Coventry Street,16,340,
68,Player 2,2519,Trafalgar Square,12,149,
68,Player 1,4480,Liverpool Street,16,360,
69,Player 2,2499,Regent Street,12,129,
69,Player 1,4680,Income Tax,16,560,
70,Player 2,2499,Bond Street,12,129,
70,Player 1,4573,Euston Road,16,253,
70,Player 1,4567,Community Chest,16,247,
71,Player 2,2605,Old Kent Road,12,235,
71,Player 1,4667,Fenchurch St Station,16,347,
71,Player 1,4667,Chance,16,347,
72,Player 2,2550,Euston Road,12,180,
72,Player 1,4967,Income Tax,16,447,
73,Player 2,2550,Pall Mall,12,180,
73,Player 1,4767,Pall Mall,16,247,
74,Player 2,2550,Community Chest,12,180,
74,Player 2,2550,Jail,12,180,
74,Player 1,4767,Marylebone Station,16,247,
75,Player 2,2550,Jail,12,180,
75,Player 1,4767,Leicester Square,16,247,
76,Player 2,2500,Vine Street,12,130,
76,Player 1,4767,Regent Street,16,247,
77,Player 2,2500,Trafalgar Square,12,130,
77,Player 1,4787,Super Tax,16,267,
78,Player 2,2480,Regent Street,12,110,
78,Player 1,4887,Whitechapel Road,16,367,
79,Player 2,2480,Mayfair,12,110,
79,Player 1,4887,Pentonville Road,16,367,
80,Player 2,2680,Community Chest,12,310,
80,Player 1,4887,Northumberland Avenue,16,367,
81,Player 2,2553,The Angel Islington,12,183,
81,Player 2,2553,Community Chest,12,183,
81,Player 2,2553,Old Kent Road,12,183,
81,Player 1,4887,The Strand,16,367,
82,Player 2,2553,The Angel Islington,12,183,
82,Player 1,4887,Fleet Street,16,367,
82,Player 1,4869,Water Works,16,349,
83,Player 2,2571,Pall Mall,12,201,
83,Player 1,4869,Mayfair,16,349,
84,Player 2,2571,Vine Street,12,201,
84,Player 1,5069,Pentonville Road,16,549,
85,Player 2,2571,Chance,12,201,
85,Player 2,2571,Mayfair,12,201,
85,Player 1,5069,Community Chest,16,349,
86,Player 2,2771,Jail,12,401,
86,Player 1,5269,Fenchurch St Station,16,349,
86,Player 1,5269,Chance,16,349,
87,Player 2,2661,Chance,12,291,
87,Player 2,2661,Marylebone Station,12,291,
87,Player 2,2561,Vine Street,12,191,
87,Player 1,5619,Old Kent Road,16,499,
88,Player 2,2563,Leicester Square,12,193,
88,Player 1,5617,Pall Mall,16,297,
88,Player 1,5607,Marlborough Street,16,287,
89,Player 2,2573,Go To Jail,12,203,
89,Player 2,2573,Jail,12,203,
89,Player 1,5607,Trafalgar Square,16,287,
90,Player 2,2573,Jail,12,203,
90,Player 1,5607,Piccadilly,16,287,
91,Player 2,2567,Whitehall ,12,197,
91,Player 1,5573,Chance,16,253,
92,Player 2,2557,The Strand,12,187,
92,Player 1,5571,Super Tax,16,251,
92,Player 1,5671,Whitechapel Road,16,351,
93,Player 2,2539,Leicester Square,12,169,
93,Player 1,5671,Jail,16,351,
94,Player 2,2539,Liverpool Street,12,169,
94,Player 1,5771,Bow Street,16,251,
95,Player 2,2639,Chance,12,269,
95,Player 2,2639,Marylebone Station,12,269,
95,Player 1,5871,Fenchurch St Station,16,351,
96,Player 2,2539,Fleet Street,12,169,
96,Player 1,5871,Piccadilly,16,351,
96,Player 1,6027,GO,16,507,
97,Player 2,2583,Piccadilly,12,213,
97,Player 2,2583,Bond Street,12,213,
97,Player 1,4922,Electric Company ,17,342,
97,Player 1,4874,Community Chest,17,294,
98,Player 2,2626,Community Chest,11,316,
98,Player 2,2626,GO,11,316,
98,Player 2,2626,Chance,11,316,
98,Player 2,2626,GO,11,316,
98,Player 1,4866,Trafalgar Square,17,286,
99,Player 2,2516,Pentonville Road,11,206,
99,Player 1,4874,Leicester Square,17,294,
99,Player 1,4874,Community Chest,17,294,
100,Player 2,2498,Vine Street,11,188,
100,Player 2,2498,Fenchurch St Station,11,188,
100,Player 1,4384,Whitechapel Road,17,404,
101,Player 2,2398,Oxford Street,11,88,
101,Player 2,0,Oxford Street,0,0,
1,Player 1,1500,Community Chest,0,1500,
1,Player 1,1520,Pentonville Road,0,1520,
1,Player 2,1490,Jail,0,1490,
1,Player 2,1490,Bow Street,0,1490,
1,Player 3,1490,Kings Cross Station,0,1490,
2,Player 1,1454,Marylebone Station,1,1334,
2,Player 1,1454,Marlborough Street,2,1134,
2,Player 2,1490,Chance,1,1310,
2,Player 3,1380,Whitehall ,1,1180,
3,Player 1,1454,Fenchurch St Station,3,954,
3,Player 2,1540,Go To Jail,1,1360,
3,Player 2,1540,Jail,1,1360,
3,Player 3,1303,Free Parking,2,963,
4,Player 1,1344,Bond Street,4,644,
4,Player 2,1540,Jail,1,1360,
4,Player 3,1303,Go To Jail,2,963,
4,Player 3,1303,Jail,2,963,
5,Player 1,1544,The Angel Islington,5,524,
5,Player 1,1544,Euston Road,6,424,
5,Player 1,1544,Vine Street,7,324,
5,Player 2,1210,Marylebone Station,2,830,
5,Player 3,1303,Jail,2,963,
6,Player 1,1539,Piccadilly,7,319,
6,Player 1,1739,GO,7,519,
6,Player 2,1160,Chance,2,780,
6,Player 2,1160,Marylebone Station,2,780,
6,Player 3,1001,Marylebone Station,3,381,
7,Player 1,1839,The Angel Islington,7,169,
7,Player 1,1839,Electric Company ,7,169,
7,Player 2,974,The Strand,3,444,
7,Player 3,951,Trafalgar Square,3,331,
8,Player 1,1839,Marlborough Street,7,169,
8,Player 1,1839,Trafalgar Square,7,169,
8,Player 2,974,Leicester Square,4,224,
8,Player 3,1202,Water Works,5,82,
8,Player 3,1202,Park Lane,5,82,
9,Player 1,2120,Oxford Street,8,100,
9,Player 2,1280,Liverpool Street,6,80,
9,Player 3,1402,Whitechapel Road,5,282,
10,Player 1,2270,Super Tax,9,50,
10,Player 2,1480,The Angel Islington,6,280,
10,Player 3,1402,Pall Mall,6,222,
11,Player 1,2754,Old Kent Road,10,394,
11,Player 2,1210,Bow Street,6,10,
11,Player 3,1402,Marlborough Street,6,222,
12,Player 1,2768,Pentonville Road,11,348,
12,Player 1,2768,Community Chest,11,348,
12,Player 2,1210,Trafalgar Square,6,10,
12,Player 2,1210,Go To Jail,6,10,
12,Player 2,1210,Jail,6,10,
12,Player 3,1388,The Strand,6,208,
13,Player 1,2778,Trafalgar Square,11,358,
13,Player 2,1210,Jail,6,10,
13,Player 3,1388,Water Works,6,208,
14,Player 1,2778,Piccadilly,11,358,
14,Player 2,1280,Jail,6,80,
14,Player 3,1340,Community Chest,6,160,
15,Player 1,2756,Park Lane,11,336,
15,Player 2,1230,Community Chest,6,30,
15,Player 3,1360,Super Tax,6,180,
16,Player 1,2956,Income Tax,11,536,
16,Player 2,1270,Fenchurch St Station,6,70,
16,Player 3,1460,Whitechapel Road,6,280,
17,Player 1,2746,Pentonville Road,11,326,
17,Player 2,1260,Oxford Street,6,60,
17,Player 3,1460,Chance,6,280,
17,Player 3,1440,Marlborough Street,6,260,
18,Player 1,2760,Vine Street,11,340,
18,Player 2,1276,Super Tax,6,76,
18,Player 3,1426,Fleet Street,6,246,
19,Player 1,2821,Fleet Street,12,181,
19,Player 2,1476,Chance,6,276,
19,Player 3,1426,Go To Jail,6,246,
19,Player 3,1426,Jail,6,246,
20,Player 1,2821,Regent Street,12,181,
20,Player 2,1394,Whitehall ,6,194,
20,Player 3,1631,Jail,7,151,
21,Player 1,2821,Chance,12,181,
21,Player 1,2821,GO,12,181,
21,Player 2,1384,Marlborough Street,6,184,
21,Player 3,1581,Whitehall ,7,101,
22,Player 1,2835,Jail,12,195,
22,Player 1,2835,Community Chest,12,195,
22,Player 1,2835,Water Works,12,195,
22,Player 2,1440,Chance,6,240,
22,Player 2,1440,Fenchurch St Station,6,240,
22,Player 3,1581,Community Chest,7,101,
23,Player 1,2865,Community Chest,12,225,
23,Player 2,1340,Piccadilly,6,140,
23,Player 2,1318,Super Tax,6,118,
23,Player 3,1503,Chance,7,23,
23,Player 3,1503,Vine Street,7,23,
24,Player 1,3115,Community Chest,12,475,
24,Player 2,1434,Income Tax,6,234,
24,Player 3,1487,Trafalgar Square,7,7,
25,Player 1,3094,Kings Cross Station,12,304,
25,Player 2,1291,Euston Road,6,91,
25,Player 3,1512,Go To Jail,7,32,
25,Player 3,1512,Jail,7,32,
26,Player 1,2677,Whitehall ,12,337,
26,Player 2,1266,Northumberland Avenue,6,66,
26,Player 3,1522,Jail,7,42,
27,Player 1,2795,Vine Street,13,295,
27,Player 2,1266,Marlborough Street,6,66,
27,Player 3,1522,Jail,7,42,
28,Player 1,2809,Fenchurch St Station,13,309,
28,Player 2,1252,Fenchurch St Station,6,52,
28,Player 3,1522,Jail,7,42,
29,Player 1,2909,Liverpool Street,13,409,
29,Player 1,3109,Community Chest,13,609,
29,Player 2,1242,Park Lane,6,42,
29,Player 2,1407,The Angel Islington,6,207,
29,Player 3,1522,Jail,7,42,
30,Player 1,3618,Chance,13,1118,
30,Player 2,1232,Community Chest,6,32,
30,Player 2,1232,Jail,6,32,
30,Player 3,1462,Bow Street,6,42,
30,Player 3,1462,Fleet Street,6,42,
31,Player 1,2881,Northumberland Avenue,14,71,
31,Player 2,1232,Jail,6,32,
31,Player 2,1232,Bow Street,6,32,
31,Player 3,1444,Community Chest,6,24,
31,Player 3,1694,Whitechapel Road,6,274,
32,Player 1,3131,Vine Street,14,471,
32,Player 2,1232,Fleet Street,6,32,
32,Player 3,1554,The Angel Islington,6,134,
33,Player 1,3699,Piccadilly,14,1039,
33,Player 1,3899,GO,14,1239,
33,Player 2,1214,Go To Jail,6,14,
33,Player 2,1214,Jail,6,14,
33,Player 3,1434,Northumberland Avenue,6,14,
34,Player 1,3911,Whitechapel Road,14,1251,
34,Player 2,1214,Jail,6,14,
34,Player 3,1422,Fleet Street,6,2,
35,Player 1,3929,Pall Mall,14,1269,
35,Player 2,1214,Jail,6,14,
35,Player 3,1504,Oxford Street,6,84,
36,Player 1,3929,Free Parking,14,1269,
36,Player 2,1214,Jail,6,14,
36,Player 3,1504,Park Lane,6,84,
37,Player 1,3964,Leicester Square,14,1304,
37,Player 2,1214,Jail,6,14,
37,Player 3,1691,Euston Road,6,271,
38,Player 1,3232,Oxford Street,15,132,
38,Player 2,1214,Bow Street,6,14,
38,Player 2,1214,Free Parking,6,14,
38,Player 2,1214,Trafalgar Square,6,14,
38,Player 3,1311,Marylebone Station,5,31,
39,Player 1,3332,Chance,15,232,
39,Player 1,3332,Pall Mall,15,232,
39,Player 2,1214,Go To Jail,6,14,
39,Player 2,1214,Jail,6,14,
39,Player 3,1311,Fenchurch St Station,5,31,
40,Player 1,3355,Bow Street,15,255,
40,Player 2,1214,Jail,6,14,
40,Player 3,1311,Bond Street,5,31,
41,Player 1,3383,Fleet Street,15,283,
41,Player 2,1214,Jail,6,14,
41,Player 3,1483,The Angel Islington,5,203,
41,Player 3,1293,Marylebone Station,5,13,
42,Player 1,4033,Piccadilly,15,133,
42,Player 2,1214,Jail,6,14,
42,Player 3,1293,The Strand,5,13,
43,Player 1,4033,Liverpool Street,15,133,
43,Player 1,4233,Community Chest,15,333,
43,Player 1,4233,Old Kent Road,15,333,
43,Player 2,1214,Jail,6,14,
43,Player 3,1293,Regent Street,5,13,
43,Player 3,1293,Park Lane,5,13,
44,Player 1,4268,Pentonville Road,15,368,
44,Player 2,1214,Bow Street,6,14,
44,Player 3,1558,The Angel Islington,5,278,
45,Player 1,4418,Whitehall ,15,718,
45,Player 2,1214,Free Parking,6,14,
45,Player 2,1214,Chance,6,14,
45,Player 2,1214,Fenchurch St Station,6,14,
45,Player 3,1368,Bow Street,5,88,
46,Player 1,3718,The Strand,15,618,
46,Player 2,1204,Bond Street,6,4,
46,Player 3,1368,Coventry Street,5,88,
47,Player 1,3811,Fenchurch St Station,16,451,
47,Player 2,1266,Super Tax,6,66,
47,Player 3,1368,Community Chest,5,88,
47,Player 3,1568,Chance,5,288,
48,Player 1,3811,Community Chest,16,451,
48,Player 1,4036,Old Kent Road,16,676,
48,Player 2,1466,Pentonville Road,6,266,
48,Player 3,1618,Income Tax,5,338,
49,Player 1,4636,Pentonville Road,16,1276,
49,Player 2,1241,Community Chest,6,41,
49,Player 2,1241,GO,6,41,
49,Player 3,1457,Chance,5,177,
50,Player 1,4636,Bow Street,16,1276,
50,Player 2,1241,Chance,6,41,
50,Player 2,1241,Jail,6,41,
50,Player 3,1607,Northumberland Avenue,5,327,
51,Player 1,3736,Coventry Street,17,176,
51,Player 2,1241,Jail,6,41,
51,Player 2,1241,Northumberland Avenue,6,41,
51,Player 2,0,Northumberland Avenue,0,0,
52,Player 1,4977,Bond Street,23,217,
52,Player 3,1147,Fleet Street,4,67,
53,Player 1,4995,Mayfair,23,235,
53,Player 3,1129,Water Works,4,49,
54,Player 1,5605,Pentonville Road,24,445,
54,Player 3,1219,Park Lane,4,139,
55,Player 1,5459,Vine Street,24,299,
55,Player 3,1384,The Angel Islington,4,304,
56,Player 1,5503,Coventry Street,24,343,
56,Player 3,1094,Whitehall ,4,14,
56,Player 3,0,Whitehall ,0,0,
