1,Player 2,1500,Chance,0,1500,
1,Player 2,1500,Mayfair,0,1500,
1,Player 1,1500,Jail,0,1500,
2,Player 2,1480,Chance,1,1080,
2,Player 1,1500,Bow Street,0,1500,
3,Player 2,1465,Electric Company ,1,1065,
3,Player 1,1500,Coventry Street,1,1320,
4,Player 2,1465,Marlborough Street,2,915,
4,Player 2,1465,Water Works,3,735,
4,Player 1,1500,Liverpool Street,2,1060,
4,Player 1,1500,Park Lane,3,860,
4,Player 1,1700,Community Chest,4,710,
4,Player 1,1700,Jail,4,710,
5,Player 2,1465,Liverpool Street,4,585,
5,Player 1,1725,Jail,4,735,
6,Player 2,1640,Whitechapel Road,4,760,
6,Player 1,1675,Bow Street,4,685,
6,Player 1,1675,Fenchurch St Station,4,685,
7,Player 2,1640,The Angel Islington,5,700,
7,Player 1,1675,Oxford Street,5,485,
8,Player 2,1700,Bow Street,7,360,
8,Player 2,1686,Fenchurch St Station,7,346,
8,Player 1,1739,Park Lane,5,549,
9,Player 2,1636,Community Chest,7,296,
9,Player 1,1939,GO,5,749,
10,Player 2,1736,Mayfair,7,396,
10,Player 1,1939,Chance,5,749,
11,Player 2,1936,Pall Mall,7,596,
11,Player 2,1936,Chance,8,456,
11,Player 2,1936,Fenchurch St Station,8,456,
11,Player 1,1989,Pall Mall,5,799,
12,Player 2,1896,Coventry Street,8,416,
12,Player 2,1874,Bond Street,8,394,
12,Player 1,2081,Northumberland Avenue,6,571,
13,Player 2,2074,Old Kent Road,8,594,
13,Player 1,2081,Leicester Square,7,411,
13,Player 1,2302,Oxford Street,8,372,
14,Player 2,1700,Kings Cross Station,9,60,
14,Player 1,2446,Mayfair,9,316,
15,Player 2,1750,Electric Company ,9,110,
15,Player 1,2596,Jail,9,466,
16,Player 2,1750,The Strand,9,110,
16,Player 1,2761,The Strand,10,411,
17,Player 2,1750,Go To Jail,9,110,
17,Player 2,1750,Jail,9,110,
17,Player 1,2761,Community Chest,10,411,
17,Player 1,2761,GO,10,411,
17,Player 1,2761,Chance,10,411,
17,Player 1,2761,Marylebone Station,10,411,
18,Player 2,1750,Jail,9,110,
18,Player 1,2761,Trafalgar Square,11,211,
19,Player 2,1700,Whitehall ,9,60,
19,Player 1,3070,Water Works,13,140,
19,Player 1,3030,Mayfair,13,100,
20,Player 2,1790,The Strand,9,150,
20,Player 2,1772,Coventry Street,9,132,
20,Player 2,1750,Regent Street,9,110,
20,Player 1,3220,Income Tax,13,290,
21,Player 2,2190,Community Chest,10,250,
21,Player 1,3020,Jail,13,90,
22,Player 2,2140,Euston Road,10,200,
22,Player 1,3020,Whitehall ,13,90,
23,Player 2,2140,Marylebone Station,11,100,
23,Player 1,3220,Vine Street,13,290,
24,Player 2,2140,Leicester Square,11,100,
24,Player 1,3392,Fenchurch St Station,14,262,
25,Player 2,2118,Chance,11,78,
25,Player 2,2368,Whitechapel Road,11,328,
25,Player 1,3392,Go To Jail,14,262,
25,Player 1,3392,Jail,14,262,
26,Player 2,2368,Jail,11,328,
26,Player 1,3392,Jail,14,262,
27,Player 2,2368,Community Chest,11,328,
27,Player 1,3342,Northumberland Avenue,14,212,
28,Player 2,2268,Leicester Square,11,228,
28,Player 1,3364,Vine Street,14,234,
29,Player 2,2246,Community Chest,11,206,
29,Player 1,3364,Coventry Street,14,234,
30,Player 2,2471,GO,11,431,
30,Player 1,3364,Bond Street,14,234,
31,Player 2,2471,Income Tax,11,431,
31,Player 1,3364,Mayfair,14,234,
32,Player 2,2271,Northumberland Avenue,11,231,
32,Player 2,2259,Marlborough Street,11,219,
32,Player 1,3576,The Angel Islington,14,446,
33,Player 2,2265,Chance,11,225,
33,Player 2,2265,GO,11,225,
33,Player 1,3570,Bow Street,14,440,
34,Player 2,2265,Income Tax,11,225,
34,Player 1,3570,Fenchurch St Station,14,440,
35,Player 2,2065,Whitehall ,11,25,
35,Player 1,3580,Bond Street,14,450,
36,Player 2,2055,Chance,11,15,
36,Player 2,2055,Vine Street,11,15,
36,Player 1,3796,Community Chest,14,666,
37,Player 2,2239,Fleet Street,11,199,
37,Player 1,4017,Pall Mall,15,217,
38,Player 2,2249,Community Chest,11,209,
38,Player 2,2249,Electric Company ,11,209,
38,Player 1,4007,Community Chest,15,207,
39,Player 2,2249,Bow Street,11,209,
39,Player 2,2235,Leicester Square,11,195,
39,Player 1,4243,Fenchurch St Station,15,293,
40,Player 2,2213,Go To Jail,11,173,
40,Player 2,2213,Jail,11,173,
40,Player 1,4243,Water Works,15,293,
41,Player 2,2243,Jail,11,203,
41,Player 1,4213,Bond Street,15,263,
42,Player 2,2193,Bow Street,11,153,
42,Player 2,2179,Fleet Street,11,139,
42,Player 1,4517,Kings Cross Station,15,417,
43,Player 2,2089,Go To Jail,11,49,
43,Player 2,2089,Jail,11,49,
43,Player 1,4517,Whitehall ,15,267,
43,Player 1,4517,Marlborough Street,15,267,
44,Player 2,2103,Jail,11,63,
44,Player 1,4503,Fleet Street,15,253,
45,Player 2,2053,Marylebone Station,11,13,
45,Player 1,4703,Go To Jail,15,153,
45,Player 1,4703,Jail,15,153,
46,Player 2,2053,Leicester Square,11,13,
46,Player 1,4725,Jail,15,175,
47,Player 2,2231,Oxford Street,11,191,
47,Player 1,4675,Community Chest,15,125,
48,Player 2,2431,GO,11,391,
48,Player 1,4725,Fleet Street,15,175,
49,Player 2,2431,Euston Road,11,391,
49,Player 2,2431,Northumberland Avenue,11,391,
49,Player 1,4737,Liverpool Street,15,187,
49,Player 1,4937,Old Kent Road,15,387,
50,Player 2,2669,The Strand,11,629,
50,Player 1,4937,Electric Company ,15,237,
51,Player 2,2529,Coventry Street,11,489,
51,Player 2,2507,Mayfair,11,467,
51,Player 2,2707,The Angel Islington,11,667,
51,Player 1,4849,Free Parking,15,149,
52,Player 2,2707,Electric Company ,11,667,
52,Player 1,4849,Water Works,15,149,
52,Player 1,4769,Park Lane,15,69,
53,Player 2,2567,Northumberland Avenue,11,527,
53,Player 2,2555,Marlborough Street,11,515,
53,Player 2,2555,Fenchurch St Station,11,515,
53,Player 1,5181,Kings Cross Station,15,481,
53,Player 1,5181,Bow Street,15,481,
54,Player 2,2355,Community Chest,11,315,
54,Player 1,5181,Trafalgar Square,15,181,
55,Player 2,2565,Whitechapel Road,11,525,
55,Player 2,2565,Marylebone Station,11,525,
55,Player 2,2365,Fenchurch St Station,11,325,
55,Player 1,4981,Water Works,15,281,
55,Player 1,4941,Mayfair,15,241,
56,Player 2,2255,Regent Street,11,215,
56,Player 1,5091,Pentonville Road,15,391,
56,Player 1,5091,Marylebone Station,16,271,
57,Player 2,2455,GO,11,415,
57,Player 1,5091,Free Parking,16,271,
58,Player 2,2455,Pentonville Road,11,415,
58,Player 1,5099,Fenchurch St Station,16,279,
59,Player 2,2447,Vine Street,11,407,
59,Player 2,2431,Leicester Square,11,391,
59,Player 1,4537,Community Chest,16,167,
59,Player 1,4757,GO,16,387,
60,Player 2,2409,Park Lane,11,369,
60,Player 1,4192,Electric Company ,16,272,
60,Player 1,4072,Free Parking,16,152,
61,Player 2,2694,Whitechapel Road,11,654,
61,Player 2,2694,Marylebone Station,11,654,
61,Player 2,2494,Chance,11,454,
61,Player 1,4272,Leicester Square,16,352,
61,Player 1,4272,Community Chest,16,352,
62,Player 2,2254,Piccadilly,11,214,
62,Player 1,4664,Community Chest,17,464,
63,Player 2,2254,Park Lane,11,214,
63,Player 1,4649,Northumberland Avenue,17,299,
63,Player 1,4649,Leicester Square,17,299,
63,Player 1,4649,Community Chest,17,299,
63,Player 1,4649,Old Kent Road,17,299,
64,Player 2,2669,The Angel Islington,11,629,
64,Player 1,4399,Pall Mall,17,49,
65,Player 2,2679,Bow Street,11,639,
65,Player 1,4403,Marylebone Station,17,53,
66,Player 2,2665,Chance,11,625,
66,Player 2,2665,Pall Mall,11,625,
66,Player 2,2665,Marylebone Station,11,625,
66,Player 2,2465,Free Parking,11,425,
66,Player 1,4603,Free Parking,17,253,
67,Player 2,2465,Go To Jail,11,425,
67,Player 2,2465,Jail,11,425,
67,Player 1,4603,Water Works,17,253,
67,Player 1,4523,Liverpool Street,17,173,
68,Player 2,2545,Jail,11,505,
68,Player 1,4723,Old Kent Road,17,373,
69,Player 2,2745,Marlborough Street,11,705,
69,Player 1,4473,Euston Road,17,123,
70,Player 2,2751,Fleet Street,11,711,
70,Player 1,5517,Marylebone Station,17,567,
71,Player 2,2066,Go To Jail,11,26,
71,Player 2,2066,Jail,11,26,
71,Player 1,5517,Fleet Street,17,267,
72,Player 2,2066,Jail,11,26,
72,Player 1,5517,Oxford Street,17,267,
73,Player 2,2092,Jail,11,52,
73,Player 1,5491,Mayfair,17,241,
74,Player 2,2042,Marlborough Street,11,2,
74,Player 1,5691,Kings Cross Station,17,441,
75,Player 2,2042,Fenchurch St Station,11,2,
75,Player 1,5891,Jail,17,341,
76,Player 2,2042,Chance,11,2,
76,Player 1,5891,Marylebone Station,17,191,
77,Player 2,2422,Community Chest,11,382,
77,Player 2,2422,Jail,11,382,
77,Player 1,5891,Free Parking,17,191,
78,Player 2,2340,Jail,11,300,
78,Player 1,5891,Water Works,17,191,
79,Player 2,2370,Community Chest,11,330,
79,Player 1,5811,Super Tax,17,111,
80,Player 2,2371,Trafalgar Square,11,331,
80,Player 1,5811,The Angel Islington,17,711,
81,Player 2,2281,Regent Street,11,91,
81,Player 1,5211,Northumberland Avenue,17,561,
82,Player 2,2281,Park Lane,11,91,
82,Player 1,5246,Vine Street,17,596,
83,Player 2,2446,The Angel Islington,11,256,
83,Player 1,5246,Leicester Square,17,596,
84,Player 2,2191,Marylebone Station,11,151,
84,Player 1,5446,Liverpool Street,17,796,
85,Player 2,2191,Marlborough Street,11,151,
85,Player 1,5646,Whitechapel Road,17,996,
86,Player 2,2301,Fenchurch St Station,11,261,
86,Player 1,5396,Jail,17,746,
87,Player 2,2101,Chance,11,61,
87,Player 1,5396,Vine Street,17,746,
88,Player 2,2451,GO,11,411,
88,Player 2,2451,Kings Cross Station,11,411,
88,Player 1,5596,Coventry Street,17,946,
89,Player 2,2251,Pentonville Road,11,211,
89,Player 1,5604,Regent Street,17,954,
90,Player 2,2243,Bow Street,11,203,
90,Player 1,5618,Bond Street,17,968,
91,Player 2,2229,Trafalgar Square,11,189,
91,Player 1,5098,Super Tax,18,268,
91,Player 1,5198,Community Chest,18,368,
91,Player 1,5198,GO,18,368,
92,Player 2,2209,Go To Jail,10,49,
92,Player 2,2209,Jail,10,49,
92,Player 1,5099,Chance,18,269,
93,Player 2,2209,Jail,10,49,
93,Player 1,4949,Pall Mall,18,119,
94,Player 2,2209,Jail,10,49,
94,Player 1,4949,Bow Street,18,119,
95,Player 2,2209,Jail,10,49,
95,Player 1,4949,The Strand,18,119,
96,Player 2,2209,Jail,10,49,
96,Player 1,4949,Water Works,18,119,
97,Player 2,2279,Marylebone Station,10,119,
97,Player 1,5079,Oxford Street,18,249,
97,Player 1,5079,Liverpool Street,18,249,
98,Player 2,2279,Trafalgar Square,10,119,
98,Player 1,6379,Community Chest,18,349,
99,Player 2,2149,Oxford Street,10,89,
99,Player 1,6329,Chance,18,299,
99,Player 1,6329,Jail,18,299,
100,Player 2,2349,Income Tax,10,289,
100,Player 2,2149,Marylebone Station,10,89,
100,Player 1,5729,Jail,18,299,
101,Player 2,2149,Fleet Street,10,89,
101,Player 2,2069,Piccadilly,10,109,
101,Player 2,0,Piccadilly,0,0,
101,Player 2,0,Liverpool Street,0,0,
101,Player 2,0,Liverpool Street,0,0,
1,Player 2,1500,Chance,0,1500,
1,Player 1,1500,The Angel Islington,0,1500,
2,Player 2,1500,Jail,0,1500,
2,Player 1,1500,Whitehall ,1,1400,
3,Player 2,1500,Bow Street,0,1500,
3,Player 2,1500,Chance,1,1320,
3,Player 2,1500,Vine Street,1,1320,
3,Player 1,1500,Marlborough Street,2,1260,
4,Player 2,1500,Fleet Street,2,1120,
4,Player 1,1500,Coventry Street,3,1080,
5,Player 2,1500,Regent Street,3,900,
5,Player 2,1500,Bond Street,4,600,
5,Player 1,1500,Bond Street,4,820,
6,Player 2,1528,Mayfair,5,308,
6,Player 1,1892,GO,5,812,
7,Player 2,1728,Chance,5,508,
7,Player 1,1892,Kings Cross Station,5,812,
8,Player 2,1828,Northumberland Avenue,5,608,
8,Player 1,1892,Electric Company ,6,612,
9,Player 2,1828,The Strand,6,448,
9,Player 1,1892,The Strand,7,462,
10,Player 2,1846,Fenchurch St Station,7,246,
10,Player 1,1944,Regent Street,8,314,
11,Player 2,1872,Liverpool Street,7,272,
11,Player 1,1988,Chance,9,158,
11,Player 1,1988,Mayfair,9,158,
12,Player 2,2072,Income Tax,7,472,
12,Player 1,2188,Whitechapel Road,9,358,
13,Player 2,1872,Electric Company ,7,272,
13,Player 1,2220,Jail,10,330,
14,Player 2,1840,Marlborough Street,7,240,
14,Player 2,1826,Fenchurch St Station,7,226,
14,Player 1,2334,Community Chest,10,444,
15,Player 2,1726,Bond Street,7,126,
15,Player 1,2384,Free Parking,10,494,
16,Player 2,1926,Community Chest,7,326,
16,Player 2,1926,Jail,7,326,
16,Player 1,2384,Coventry Street,10,494,
17,Player 2,1926,Jail,7,326,
17,Player 1,2384,Bond Street,10,494,
18,Player 2,1904,Marylebone Station,7,304,
18,Player 1,2406,Park Lane,11,316,
19,Player 2,1904,Chance,7,304,
19,Player 1,2768,Community Chest,12,328,
20,Player 2,2054,Community Chest,7,454,
20,Player 1,2708,Chance,12,268,
21,Player 2,2264,Community Chest,7,664,
21,Player 2,2264,Electric Company ,7,664,
21,Player 1,2594,Bow Street,12,154,
22,Player 2,2242,Marlborough Street,7,642,
22,Player 2,2228,Leicester Square,7,628,
22,Player 1,2594,Chance,12,154,
23,Player 2,2228,Community Chest,8,368,
23,Player 2,2228,Old Kent Road,8,368,
23,Player 1,2644,Water Works,12,204,
24,Player 2,2237,Pentonville Road,10,167,
24,Player 1,2686,Chance,13,126,
24,Player 1,2686,Kings Cross Station,13,126,
24,Player 1,2686,Electric Company ,13,126,
25,Player 2,2237,Bow Street,10,167,
25,Player 1,2686,Free Parking,13,126,
26,Player 2,2237,The Strand,10,167,
26,Player 1,2686,Water Works,13,126,
27,Player 2,2269,Leicester Square,10,199,
27,Player 1,2654,Liverpool Street,13,94,
28,Player 2,2269,Community Chest,10,199,
28,Player 1,2854,GO,13,294,
29,Player 2,2369,Liverpool Street,10,299,
29,Player 2,2369,Kings Cross Station,10,299,
29,Player 1,2714,Pentonville Road,14,94,
30,Player 2,2109,Pentonville Road,9,99,
30,Player 1,2722,Electric Company ,14,102,
31,Player 2,2101,Northumberland Avenue,9,91,
31,Player 1,2722,Vine Street,14,102,
32,Player 2,2117,Chance,9,107,
32,Player 1,2706,The Strand,14,86,
32,Player 1,2688,Leicester Square,14,68,
33,Player 2,2142,Go To Jail,9,132,
33,Player 2,2142,Jail,9,132,
33,Player 1,2666,Go To Jail,14,46,
33,Player 1,2666,Jail,14,46,
34,Player 2,2142,Jail,9,132,
34,Player 1,2666,Jail,14,46,
35,Player 2,2092,Marlborough Street,9,82,
35,Player 1,2680,Jail,14,60,
36,Player 2,2078,Fenchurch St Station,9,68,
36,Player 1,2830,Community Chest,14,210,
36,Player 1,2830,GO,14,210,
37,Player 2,2068,Piccadilly,9,58,
37,Player 1,3068,Kings Cross Station,15,168,
38,Player 2,2068,Community Chest,9,58,
38,Player 2,2168,Liverpool Street,9,158,
38,Player 2,2058,Jail,9,48,
38,Player 1,3268,Jail,15,368,
39,Player 2,2058,Jail,9,48,
39,Player 2,2058,Marlborough Street,9,48,
39,Player 1,3282,Northumberland Avenue,15,382,
39,Player 1,3270,Fleet Street,15,370,
40,Player 2,2074,Fenchurch St Station,9,64,
40,Player 1,3452,Leicester Square,15,352,
41,Player 2,2086,Water Works,9,76,
41,Player 1,3430,Bond Street,15,330,
42,Player 2,2114,Chance,9,104,
42,Player 1,3602,GO,15,502,
43,Player 2,2294,Kings Cross Station,9,284,
43,Player 1,3802,Pentonville Road,15,202,
44,Player 2,2094,Electric Company ,9,84,
44,Player 1,3830,Bow Street,15,230,
45,Player 2,2066,The Strand,9,56,
45,Player 1,3830,Trafalgar Square,15,230,
45,Player 1,4034,Liverpool Street,16,194,
46,Player 2,2066,Coventry Street,9,56,
46,Player 2,2044,Oxford Street,9,34,
46,Player 1,4526,Community Chest,17,386,
47,Player 2,2044,Park Lane,9,34,
47,Player 1,4601,Income Tax,17,261,
47,Player 1,4401,Pall Mall,17,61,
48,Player 2,2059,Mayfair,9,49,
48,Player 2,2269,Chance,9,259,
48,Player 2,2269,Marylebone Station,9,259,
48,Player 2,2069,Fenchurch St Station,9,59,
48,Player 1,5506,Free Parking,18,326,
49,Player 2,2059,Regent Street,9,49,
49,Player 1,5506,Water Works,18,326,
50,Player 2,2091,Super Tax,9,81,
50,Player 1,5474,Liverpool Street,18,294,
51,Player 2,2291,Income Tax,9,281,
51,Player 2,2091,The Angel Islington,9,81,
51,Player 2,2085,Northumberland Avenue,9,75,
51,Player 1,5480,Mayfair,18,300,
52,Player 2,2085,The Strand,9,75,
52,Player 1,5680,Chance,18,500,
52,Player 1,5680,GO,18,500,
53,Player 2,2085,Leicester Square,9,75,
53,Player 1,5680,The Angel Islington,18,300,
54,Player 2,2085,Bond Street,9,75,
54,Player 1,5680,Northumberland Avenue,18,300,
55,Player 2,2097,Super Tax,9,87,
55,Player 1,5668,Chance,18,288,
56,Player 2,2297,Whitechapel Road,9,287,
56,Player 1,5478,Piccadilly,18,98,
57,Player 2,2237,Pall Mall,9,227,
57,Player 1,5488,Chance,18,108,
57,Player 1,5488,Jail,18,108,
58,Player 2,2227,Northumberland Avenue,9,217,
58,Player 1,5488,Jail,18,108,
59,Player 2,2227,Fleet Street,9,217,
59,Player 1,5438,Marlborough Street,18,58,
60,Player 2,2227,Go To Jail,9,217,
60,Player 2,2227,Jail,9,217,
60,Player 1,5438,Coventry Street,18,58,
61,Player 2,2227,Jail,9,217,
61,Player 1,5438,Park Lane,18,58,
61,Player 1,5638,Kings Cross Station,18,258,
62,Player 2,2177,Free Parking,9,167,
62,Player 1,5583,Northumberland Avenue,18,203,
63,Player 2,2189,Regent Street,9,179,
63,Player 1,5571,Chance,18,191,
63,Player 1,5571,Pall Mall,18,191,
63,Player 1,5571,Marlborough Street,18,191,
64,Player 2,2189,Park Lane,9,179,
64,Player 2,0,Park Lane,0,0,
1,Player 1,1500,Jail,0,1500,
1,Player 1,1500,Vine Street,0,1500,
1,Player 2,1500,The Angel Islington,0,1500,
1,Player 2,1500,Electric Company ,1,1400,
2,Player 1,1500,Piccadilly,1,1300,
2,Player 2,1500,Free Parking,2,1250,
3,Player 1,1500,Park Lane,2,1020,
3,Player 2,1500,Coventry Street,2,1250,
4,Player 1,1700,Community Chest,3,870,
4,Player 1,1700,Electric Company ,3,870,
4,Player 2,1520,Community Chest,3,1010,
4,Player 2,1520,Old Kent Road,3,1010,
5,Player 1,1680,Community Chest,3,850,
5,Player 2,1520,Kings Cross Station,4,950,
6,Player 1,1780,Fleet Street,3,950,
6,Player 2,1520,Jail,5,750,
7,Player 1,1780,Leicester Square,4,730,
7,Player 2,1520,Community Chest,5,750,
7,Player 2,1520,GO,5,750,
8,Player 1,1780,Super Tax,5,470,
8,Player 1,1880,The Angel Islington,5,570,
8,Player 2,1526,Jail,5,756,
9,Player 1,1731,Pentonville Road,5,421,
9,Player 2,1526,Vine Street,5,756,
10,Player 1,1747,Community Chest,6,317,
10,Player 2,1510,Fleet Street,5,740,
11,Player 1,1865,Fenchurch St Station,6,435,
11,Player 2,1492,Regent Street,5,722,
12,Player 1,1865,Oxford Street,7,235,
12,Player 2,1687,Super Tax,7,317,
13,Player 1,1865,Chance,7,235,
13,Player 1,1915,GO,7,285,
13,Player 1,1915,Pall Mall,7,285,
13,Player 2,1787,Income Tax,7,417,
13,Player 2,1609,Marylebone Station,7,239,
14,Player 1,1915,The Strand,8,145,
14,Player 2,1882,Fleet Street,9,92,
15,Player 1,1933,Coventry Street,8,163,
15,Player 2,1886,Water Works,9,96,
16,Player 1,1990,Regent Street,9,70,
16,Player 2,1912,Chance,9,122,
16,Player 2,2162,Community Chest,9,372,
17,Player 1,1964,Super Tax,9,44,
17,Player 2,2062,Pentonville Road,9,272,
18,Player 1,2172,Kings Cross Station,9,252,
18,Player 2,2104,Marylebone Station,9,314,
19,Player 1,2122,Marylebone Station,9,202,
19,Player 2,2154,Leicester Square,9,364,
20,Player 1,2094,Marlborough Street,9,174,
20,Player 2,2213,Community Chest,10,243,
21,Player 1,2094,Chance,9,174,
21,Player 1,2094,Fenchurch St Station,9,174,
21,Player 2,2433,Income Tax,10,463,
22,Player 1,2094,Oxford Street,9,174,
22,Player 2,2259,Pall Mall,10,289,
23,Player 1,2078,Super Tax,9,158,
23,Player 2,2249,The Strand,10,279,
24,Player 1,2178,The Angel Islington,9,258,
24,Player 2,2255,Regent Street,10,285,
24,Player 2,2255,Mayfair,10,285,
25,Player 1,2412,Northumberland Avenue,10,92,
25,Player 1,2412,Fenchurch St Station,10,92,
25,Player 2,2559,Kings Cross Station,11,429,
26,Player 1,2412,Go To Jail,10,92,
26,Player 1,2412,Jail,10,92,
26,Player 2,2559,Pentonville Road,11,429,
27,Player 1,2420,Jail,10,100,
27,Player 2,2551,Marlborough Street,11,421,
28,Player 1,2370,Marlborough Street,10,50,
28,Player 1,2356,Fleet Street,10,36,
28,Player 2,2565,Coventry Street,11,435,
29,Player 1,2356,Go To Jail,10,36,
29,Player 1,2356,Jail,10,36,
29,Player 2,2565,Oxford Street,11,435,
30,Player 1,2356,Jail,10,36,
30,Player 1,2356,Electric Company ,10,36,
30,Player 2,2573,Park Lane,11,443,
31,Player 1,2383,Fleet Street,10,63,
31,Player 2,2738,Chance,11,608,
32,Player 1,2383,Oxford Street,10,63,
32,Player 2,2749,Bow Street,11,619,
33,Player 1,2357,Mayfair,10,37,
33,Player 2,2749,Fleet Street,12,439,
34,Player 1,2575,Chance,10,255,
34,Player 2,2731,Go To Jail,12,421,
34,Player 2,2731,Jail,12,421,
35,Player 1,2555,Marylebone Station,10,235,
35,Player 2,2781,Jail,12,471,
36,Player 1,2505,Chance,10,185,
36,Player 1,2505,Marylebone Station,10,185,
36,Player 2,2781,Marlborough Street,12,471,
37,Player 1,2455,Trafalgar Square,10,135,
37,Player 2,2937,Coventry Street,13,387,
38,Player 1,2455,Coventry Street,10,135,
38,Player 2,2959,Piccadilly,13,409,
38,Player 2,2937,Mayfair,13,387,
38,Player 2,3087,Kings Cross Station,13,537,
39,Player 1,2505,Community Chest,10,185,
39,Player 2,3087,Electric Company ,13,537,
40,Player 1,2515,Park Lane,10,195,
40,Player 2,3087,Bow Street,13,537,
41,Player 1,2715,Community Chest,10,395,
41,Player 2,3087,Fleet Street,13,537,
42,Player 1,2683,Euston Road,10,363,
42,Player 2,3069,Regent Street,13,519,
43,Player 1,2683,Marylebone Station,11,263,
43,Player 2,3319,Community Chest,13,769,
44,Player 1,2633,Free Parking,11,213,
44,Player 2,3344,Kings Cross Station,13,794,
45,Player 1,2633,Oxford Street,11,213,
45,Player 1,2607,Mayfair,11,187,
45,Player 2,3370,Jail,13,820,
46,Player 1,2807,Euston Road,11,387,
46,Player 2,3370,Marlborough Street,13,820,
47,Player 1,2697,Marylebone Station,11,277,
47,Player 2,3420,Fleet Street,13,870,
48,Player 1,2665,The Strand,11,245,
48,Player 2,3420,Regent Street,13,870,
49,Player 1,2647,Coventry Street,11,227,
49,Player 1,2625,Park Lane,11,205,
49,Player 1,2825,Kings Cross Station,11,405,
49,Player 2,3492,Park Lane,13,942,
50,Player 1,2810,Pall Mall,11,390,
50,Player 2,3657,Community Chest,13,1107,
51,Player 1,2810,Vine Street,11,390,
51,Player 2,3857,Whitehall ,13,1307,
52,Player 1,2810,Piccadilly,11,390,
52,Player 2,3857,Trafalgar Square,14,1167,
53,Player 1,3010,GO,11,590,
53,Player 2,3857,Go To Jail,14,1167,
53,Player 2,3857,Jail,14,1167,
53,Player 2,3857,Free Parking,14,1167,
54,Player 1,3010,Electric Company ,11,390,
54,Player 1,2962,Fleet Street,11,342,
54,Player 2,3905,Free Parking,14,1215,
55,Player 1,2962,Water Works,11,342,
55,Player 2,3855,Go To Jail,14,1165,
55,Player 2,3855,Jail,14,1165,
56,Player 1,2962,Community Chest,11,342,
56,Player 2,3855,Jail,14,1165,
57,Player 1,3012,Mayfair,11,392,
57,Player 2,3805,Marlborough Street,14,1115,
58,Player 1,3212,Euston Road,11,592,
58,Player 2,3805,Piccadilly,14,1115,
59,Player 1,3234,Pall Mall,11,214,
59,Player 2,3783,Chance,14,1093,
59,Player 2,3783,GO,14,1093,
60,Player 1,3234,Fleet Street,11,214,
60,Player 1,3234,Water Works,11,214,
60,Player 2,3783,Euston Road,14,1093,
61,Player 1,3240,Chance,11,220,
61,Player 2,3777,Whitehall ,14,1087,
62,Player 1,3365,Kings Cross Station,11,345,
62,Player 2,3827,Free Parking,14,1137,
63,Player 1,3315,Pentonville Road,11,295,
63,Player 2,3827,Water Works,14,1137,
64,Player 1,3347,Northumberland Avenue,11,327,
64,Player 2,3807,Mayfair,14,1117,
65,Player 1,3935,Free Parking,11,515,
65,Player 2,3407,Chance,14,717,
65,Player 2,3407,Jail,14,717,
66,Player 1,3935,Coventry Street,11,315,
66,Player 2,3429,Jail,14,739,
67,Player 1,3913,Go To Jail,11,293,
67,Player 1,3913,Jail,11,293,
67,Player 2,3379,Whitehall ,14,689,
68,Player 1,3913,Jail,11,293,
68,Player 2,3379,Vine Street,14,689,
69,Player 1,3879,Marlborough Street,11,259,
69,Player 1,3865,Piccadilly,11,245,
69,Player 2,3377,Piccadilly,14,687,
70,Player 1,3887,Bond Street,11,267,
70,Player 2,3531,Bond Street,15,321,
71,Player 1,4087,Community Chest,11,467,
71,Player 1,4087,Jail,11,467,
71,Player 2,3731,Kings Cross Station,15,521,
72,Player 1,4087,Jail,11,267,
72,Player 2,3731,Jail,15,321,
73,Player 1,4037,Vine Street,11,217,
73,Player 2,3731,Marylebone Station,15,321,
74,Player 1,4037,Coventry Street,11,217,
74,Player 2,3753,Vine Street,15,343,
75,Player 1,4031,Community Chest,11,211,
75,Player 2,3737,Go To Jail,15,327,
75,Player 2,3737,Jail,15,327,
76,Player 1,3981,Mayfair,11,161,
76,Player 2,3737,Jail,15,327,
77,Player 1,4181,Whitechapel Road,11,361,
77,Player 1,4181,Pentonville Road,12,301,
77,Player 2,3687,Vine Street,15,277,
78,Player 1,4197,Marlborough Street,12,317,
78,Player 2,3685,Chance,15,275,
78,Player 2,3685,Pall Mall,15,275,
79,Player 1,4193,Leicester Square,12,313,
79,Player 2,3675,Vine Street,15,265,
80,Player 1,4209,Piccadilly,12,329,
80,Player 2,3659,Coventry Street,15,249,
81,Player 1,4209,Chance,12,329,
81,Player 2,3659,Bond Street,15,249,
82,Player 1,4129,Euston Road,12,249,
82,Player 1,4129,Northumberland Avenue,12,249,
82,Player 2,3871,Whitechapel Road,15,461,
83,Player 1,4121,Chance,12,241,
83,Player 1,4121,Vine Street,12,241,
83,Player 2,3867,Whitehall ,15,257,
83,Player 2,3867,The Strand,15,257,
84,Player 1,4121,Go To Jail,12,241,
84,Player 1,4121,Jail,12,241,
84,Player 2,3867,Go To Jail,15,257,
84,Player 2,3867,Jail,15,257,
85,Player 1,4121,Jail,12,241,
85,Player 2,3867,Jail,15,257,
86,Player 1,4071,Marlborough Street,12,191,
86,Player 2,3831,Bow Street,15,221,
87,Player 1,4057,Go To Jail,12,177,
87,Player 1,4057,Jail,12,177,
87,Player 2,3831,Fenchurch St Station,15,221,
88,Player 1,4082,Jail,12,202,
88,Player 2,3806,Piccadilly,15,196,
89,Player 1,4054,Marlborough Street,12,174,
89,Player 2,3798,Chance,15,188,
90,Player 1,4040,Trafalgar Square,12,160,
90,Player 2,4118,The Angel Islington,15,508,
91,Player 1,4020,Community Chest,12,140,
91,Player 2,4108,Bow Street,15,298,
92,Player 1,4230,Whitechapel Road,12,350,
92,Player 1,4230,Chance,12,350,
92,Player 1,4230,Mayfair,12,350,
92,Player 2,4108,The Strand,15,298,
93,Player 1,4430,Income Tax,12,550,
93,Player 2,4108,Water Works,15,298,
94,Player 1,4258,Northumberland Avenue,12,378,
94,Player 2,4092,Liverpool Street,15,282,
95,Player 1,4286,Chance,13,206,
95,Player 2,4292,Community Chest,15,482,
95,Player 2,4292,Electric Company ,15,482,
96,Player 1,4436,Coventry Street,13,356,
96,Player 2,4314,Chance,15,304,
97,Player 1,4414,Bond Street,13,334,
97,Player 2,4614,Go To Jail,15,204,
97,Player 2,4614,Jail,15,204,
98,Player 1,4204,Park Lane,13,124,
98,Player 2,4614,Jail,15,204,
99,Player 1,4404,The Angel Islington,13,324,
99,Player 2,4570,Vine Street,15,160,
100,Player 1,4398,Community Chest,13,318,
100,Player 1,4398,Old Kent Road,13,318,
100,Player 2,4572,Coventry Street,15,162,
101,Player 1,4396,Chance,13,316,
101,Player 2,4572,Chance,15,162,
101,Player 2,4572,Kings Cross Station,15,162,
102,Player 1,4446,Whitehall ,13,366,
102,Player 2,4582,Jail,15,172,
103,Player 1,4436,Trafalgar Square,13,356,
103,Player 2,4602,Community Chest,15,192,
104,Player 1,4416,Piccadilly,13,336,
104,Player 2,4702,Trafalgar Square,15,292,
105,Player 1,4416,Mayfair,13,336,
105,Player 2,4702,Oxford Street,15,292,
106,Player 1,4616,Jail,13,536,
106,Player 2,4702,Mayfair,15,292,
107,Player 1,4592,Community Chest,14,362,
107,Player 1,4592,GO,14,362,
107,Player 2,3922,The Angel Islington,14,262,
108,Player 1,4510,Jail,14,280,
108,Player 2,3834,Northumberland Avenue,14,174,
108,Player 2,3834,Vine Street,14,174,
109,Player 1,4526,Bow Street,14,296,
109,Player 2,3818,Leicester Square,14,158,
110,Player 1,4548,Coventry Street,14,318,
110,Player 2,3796,Regent Street,14,136,
111,Player 1,4548,Park Lane,14,318,
111,Player 1,4748,The Angel Islington,14,518,
111,Player 2,3802,Park Lane,14,142,
111,Player 2,3472,Kings Cross Station,14,212,
112,Player 1,4602,Northumberland Avenue,16,12,
112,Player 2,3312,Electric Company ,12,212,
113,Player 1,4672,Chance,16,82,
113,Player 2,3242,The Strand,12,142,
114,Player 1,4657,Regent Street,16,67,
114,Player 2,3295,Oxford Street,12,195,
115,Player 1,4827,Old Kent Road,16,237,
115,Player 2,3295,Mayfair,12,195,
116,Player 1,3729,Whitechapel Road,16,89,
116,Player 1,3729,Pall Mall,16,89,
116,Player 2,3015,Community Chest,12,315,
117,Player 1,3729,Free Parking,16,89,
117,Player 2,2950,Euston Road,12,250,
118,Player 1,4279,Fenchurch St Station,16,639,
118,Player 2,2780,Bow Street,12,80,
118,Player 2,2780,Chance,12,80,
118,Player 2,2760,Jail,12,60,
119,Player 1,4279,Community Chest,16,639,
119,Player 2,2760,Jail,12,60,
120,Player 1,4179,Super Tax,16,539,
120,Player 2,2710,Marylebone Station,12,10,
121,Player 1,4279,Income Tax,16,639,
121,Player 1,4079,Pall Mall,16,439,
121,Player 2,2710,Free Parking,12,10,
122,Player 1,4079,Vine Street,16,439,
122,Player 2,2710,Water Works,12,10,
122,Player 2,2760,Bond Street,12,60,
123,Player 1,4159,Water Works,16,519,
123,Player 2,2960,GO,12,260,
124,Player 1,4159,Park Lane,16,519,
124,Player 2,2960,Pentonville Road,12,260,
125,Player 1,4959,Chance,16,1319,
125,Player 1,4959,Marylebone Station,16,1319,
125,Player 2,2790,Whitehall ,12,90,
125,Player 2,2790,Bow Street,12,90,
126,Player 1,4909,Chance,16,1269,
126,Player 1,4909,GO,16,1269,
126,Player 2,2790,Free Parking,12,90,
126,Player 2,2790,Go To Jail,12,90,
126,Player 2,2790,Jail,12,90,
127,Player 1,4909,Income Tax,16,1269,
127,Player 1,4709,Whitehall ,16,1069,
127,Player 2,2800,Jail,12,100,
128,Player 1,4699,Trafalgar Square,16,1059,
128,Player 2,2750,Community Chest,12,50,
129,Player 1,4699,Leicester Square,16,1059,
129,Player 1,4699,Oxford Street,16,1059,
129,Player 2,2770,Fleet Street,12,70,
130,Player 1,4917,Community Chest,16,1277,
130,Player 1,4927,Chance,16,1287,
130,Player 2,2752,Bond Street,12,52,
131,Player 1,4227,Marlborough Street,16,587,
131,Player 2,2952,Whitechapel Road,12,252,
132,Player 1,4677,Chance,16,1037,
132,Player 1,4677,Jail,16,1037,
132,Player 2,2732,The Angel Islington,12,32,
133,Player 1,5227,Jail,16,1587,
133,Player 2,2712,Electric Company ,12,12,
133,Player 2,2782,Marylebone Station,12,82,
134,Player 1,5237,Marylebone Station,16,1597,
134,Player 2,2832,Trafalgar Square,12,132,
135,Player 1,5187,Trafalgar Square,16,1547,
135,Player 2,2832,Community Chest,12,132,
136,Player 1,5187,Regent Street,16,1547,
136,Player 2,2782,Mayfair,12,82,
136,Player 2,0,Mayfair,0,0,
136,Player 2,200,Chance,0,200,
136,Player 2,200,Pall Mall,0,200,
1,Player 2,1500,Pentonville Road,0,1500,
1,Player 1,1500,The Angel Islington,0,1500,
2,Player 2,1500,Bow Street,1,1380,
2,Player 1,1500,Whitehall ,1,1400,
3,Player 2,1500,Fleet Street,2,1200,
3,Player 1,1423,The Strand,2,1183,
4,Player 2,1500,Piccadilly,3,980,
4,Player 2,1500,Chance,4,700,
4,Player 2,1500,Jail,4,700,
4,Player 1,1302,Leicester Square,3,842,
5,Player 2,1500,Jail,4,700,
5,Player 1,1302,Go To Jail,4,582,
5,Player 1,1302,Jail,4,582,
6,Player 2,1450,Marylebone Station,4,650,
6,Player 1,1302,Jail,4,582,
7,Player 2,1450,Leicester Square,5,450,
7,Player 1,1274,Marlborough Street,4,554,
8,Player 2,1428,Regent Street,5,428,
8,Player 1,1274,Trafalgar Square,5,374,
9,Player 2,1548,Mayfair,6,248,
9,Player 1,1358,Leicester Square,6,218,
9,Player 1,1358,Community Chest,6,218,
10,Player 2,2028,Community Chest,7,328,
10,Player 1,1368,Super Tax,6,228,
11,Player 2,1978,Pentonville Road,7,278,
11,Player 1,1468,Jail,6,328,
11,Player 1,1468,Vine Street,6,328,
12,Player 2,1978,Bow Street,7,278,
12,Player 1,1498,Water Works,7,158,
13,Player 2,2029,Chance,8,179,
13,Player 1,1498,Liverpool Street,7,158,
14,Player 2,1879,Go To Jail,8,29,
14,Player 2,1879,Jail,8,29,
14,Player 1,1678,Super Tax,8,138,
15,Player 2,1879,Jail,8,29,
15,Player 1,1778,Euston Road,8,238,
16,Player 2,1879,Jail,8,29,
16,Player 1,1778,Whitehall ,9,138,
17,Player 2,1879,Jail,8,29,
17,Player 1,1778,Chance,9,138,
18,Player 2,1879,Jail,8,29,
18,Player 1,1778,Water Works,9,138,
18,Player 1,1754,Super Tax,9,114,
19,Player 2,1903,Vine Street,8,53,
19,Player 1,1870,Jail,9,230,
19,Player 1,1870,Northumberland Avenue,9,230,
20,Player 2,1887,Water Works,8,37,
20,Player 1,2006,Community Chest,10,206,
21,Player 2,1887,Go To Jail,8,37,
21,Player 2,1887,Jail,8,37,
21,Player 1,2106,Trafalgar Square,10,306,
22,Player 2,1887,Jail,8,37,
22,Player 1,2106,Piccadilly,10,306,
23,Player 2,1909,Jail,8,59,
23,Player 1,2084,Super Tax,10,284,
24,Player 2,1859,Northumberland Avenue,8,9,
24,Player 1,2196,Old Kent Road,10,396,
25,Player 2,1907,The Strand,8,57,
25,Player 1,2214,Income Tax,11,354,
26,Player 2,1889,Water Works,8,39,
26,Player 1,2014,Pentonville Road,11,154,
27,Player 2,1889,Park Lane,8,39,
27,Player 1,2329,Northumberland Avenue,12,119,
28,Player 2,2089,Kings Cross Station,8,239,
28,Player 1,2329,The Strand,12,119,
29,Player 2,2229,Pall Mall,9,179,
29,Player 1,2329,Go To Jail,12,119,
29,Player 1,2329,Jail,12,119,
30,Player 2,2285,Community Chest,10,95,
30,Player 2,2485,Chance,10,295,
30,Player 2,2485,Mayfair,10,295,
30,Player 1,2329,Jail,12,119,
31,Player 2,2619,Pall Mall,10,429,
31,Player 2,2619,Whitehall ,10,429,
31,Player 2,2609,Free Parking,10,419,
31,Player 1,2289,Free Parking,12,79,
31,Player 1,2289,Piccadilly,12,79,
32,Player 2,2631,Piccadilly,10,441,
32,Player 1,2267,Liverpool Street,12,57,
33,Player 2,2631,Bond Street,10,441,
33,Player 1,2467,Old Kent Road,12,257,
34,Player 2,3119,GO,11,609,
34,Player 1,2467,Whitehall ,12,257,
34,Player 1,2467,Free Parking,12,257,
35,Player 2,2943,Chance,11,433,
35,Player 2,2943,Marylebone Station,11,433,
35,Player 1,2467,Water Works,12,257,
36,Player 2,2975,Coventry Street,11,465,
36,Player 2,2975,Super Tax,12,205,
36,Player 1,2435,Liverpool Street,12,225,
37,Player 2,3075,Whitechapel Road,12,305,
37,Player 1,2635,Old Kent Road,12,425,
38,Player 2,3075,Jail,13,245,
38,Player 1,2635,Pall Mall,12,425,
39,Player 2,3085,Northumberland Avenue,13,255,
39,Player 2,3073,Marlborough Street,13,243,
39,Player 1,2519,Vine Street,12,309,
40,Player 2,3059,Trafalgar Square,13,229,
40,Player 1,2539,Regent Street,12,329,
40,Player 1,2513,Super Tax,12,303,
41,Player 2,3065,Oxford Street,13,235,
41,Player 1,2613,Kings Cross Station,12,403,
42,Player 2,3525,Community Chest,14,395,
42,Player 2,3525,Electric Company ,14,395,
42,Player 1,2563,Pentonville Road,12,353,
42,Player 1,2555,Marylebone Station,12,345,
42,Player 1,2505,The Strand,12,295,
43,Player 2,3583,Marlborough Street,15,303,
43,Player 1,2519,Fenchurch St Station,12,309,
44,Player 2,3609,Trafalgar Square,16,129,
44,Player 1,2539,Oxford Street,12,329,
45,Player 2,3641,Go To Jail,16,161,
45,Player 2,3641,Jail,16,161,
45,Player 1,2487,Mayfair,12,277,
46,Player 2,3641,Jail,16,161,
46,Player 1,2687,Pentonville Road,12,477,
47,Player 2,3599,Marlborough Street,16,119,
47,Player 2,3585,Fenchurch St Station,16,105,
47,Player 1,2693,Marylebone Station,12,483,
48,Player 2,3685,Piccadilly,16,205,
48,Player 2,3885,GO,16,405,
48,Player 1,2593,Trafalgar Square,12,383,
49,Player 2,3885,Euston Road,16,205,
49,Player 1,2599,Piccadilly,12,389,
50,Player 2,3901,Electric Company ,16,221,
50,Player 2,3901,Fleet Street,16,221,
50,Player 1,2577,Regent Street,12,367,
50,Player 1,2525,Chance,12,315,
50,Player 1,2525,Kings Cross Station,12,315,
51,Player 2,4053,Water Works,16,373,
51,Player 1,2425,Whitehall ,12,215,
52,Player 2,4053,Regent Street,16,373,
52,Player 1,2425,Vine Street,12,215,
52,Player 1,2425,Chance,12,215,
53,Player 2,4053,Mayfair,16,373,
53,Player 1,2475,Leicester Square,12,265,
54,Player 2,4253,Euston Road,16,573,
54,Player 1,2481,Community Chest,12,271,
54,Player 1,2481,Jail,12,271,
55,Player 2,4247,Whitehall ,16,367,
55,Player 1,2491,Jail,12,281,
56,Player 2,4237,Vine Street,16,357,
56,Player 1,2457,Free Parking,12,247,
56,Player 1,2457,Fenchurch St Station,12,247,
57,Player 2,4321,Regent Street,16,241,
57,Player 2,4321,Bond Street,16,241,
57,Player 1,2357,Regent Street,12,147,
58,Player 2,4651,Community Chest,16,571,
58,Player 1,2227,Park Lane,12,17,
59,Player 2,4601,Chance,16,321,
59,Player 1,2427,The Angel Islington,12,217,
60,Player 2,4501,Pall Mall,16,221,
60,Player 1,2427,Pentonville Road,12,217,
61,Player 2,4509,Community Chest,16,229,
61,Player 1,2419,Marylebone Station,12,209,
61,Player 1,2319,Chance,12,109,
62,Player 2,4709,Vine Street,16,229,
62,Player 2,4693,Trafalgar Square,16,213,
62,Player 1,2335,Community Chest,12,125,
62,Player 1,2335,GO,12,125,
63,Player 2,4673,Bond Street,16,193,
63,Player 1,2335,Pentonville Road,12,125,
64,Player 2,4681,Mayfair,16,201,
64,Player 1,2327,Marylebone Station,12,117,
65,Player 2,4981,Income Tax,16,501,
65,Player 1,2227,Trafalgar Square,12,17,
66,Player 2,4781,Jail,16,301,
66,Player 1,2227,Piccadilly,12,17,
67,Player 2,4803,Free Parking,16,323,
67,Player 1,2255,Chance,12,45,
67,Player 1,2255,Community Chest,12,45,
67,Player 1,2255,Old Kent Road,12,45,
68,Player 2,4803,Fenchurch St Station,16,323,
68,Player 1,2255,Whitechapel Road,12,45,
68,Player 1,2251,Jail,12,41,
69,Player 2,4807,Piccadilly,16,327,
69,Player 2,4807,Community Chest,16,327,
69,Player 1,2241,The Strand,12,31,
70,Player 2,5017,Whitechapel Road,16,537,
70,Player 2,5017,Whitehall ,16,537,
70,Player 2,5007,Marlborough Street,16,527,
70,Player 1,2265,Piccadilly,12,55,
70,Player 1,2243,Park Lane,12,33,
70,Player 1,2443,Community Chest,12,233,
71,Player 2,5015,Trafalgar Square,16,335,
71,Player 1,2433,Pall Mall,12,223,
72,Player 2,5005,Community Chest,16,325,
72,Player 1,2423,Marlborough Street,12,213,
73,Player 2,5225,GO,16,545,
73,Player 1,2423,Leicester Square,12,213,
73,Player 1,2423,Park Lane,12,213,
74,Player 2,5225,Euston Road,16,345,
74,Player 2,5219,Northumberland Avenue,16,339,
74,Player 1,2641,The Angel Islington,12,431,
75,Player 2,5207,Marlborough Street,16,327,
75,Player 1,2655,Pentonville Road,12,445,
76,Player 2,5201,Free Parking,16,321,
76,Player 2,5201,Go To Jail,16,321,
76,Player 2,5201,Jail,16,321,
76,Player 1,2647,Marlborough Street,12,437,
77,Player 2,5201,Jail,16,321,
77,Player 1,2647,Fleet Street,12,437,
78,Player 2,5169,The Strand,16,289,
78,Player 1,2647,Fenchurch St Station,12,437,
78,Player 1,2547,Oxford Street,12,337,
79,Player 2,5421,Community Chest,16,341,
79,Player 2,5471,Super Tax,16,391,
79,Player 1,2277,Super Tax,12,67,
80,Player 2,5571,Jail,16,491,
80,Player 2,5571,Marlborough Street,16,491,
80,Player 2,5557,Fenchurch St Station,16,477,
80,Player 1,2491,Jail,12,281,
80,Player 1,2491,Community Chest,12,281,
81,Player 2,5557,Regent Street,16,277,
81,Player 1,2391,Fenchurch St Station,12,181,
82,Player 2,5657,Park Lane,16,377,
82,Player 1,2326,Community Chest,12,116,
83,Player 2,5822,Kings Cross Station,16,542,
83,Player 1,2536,Old Kent Road,12,326,
83,Player 1,2536,The Angel Islington,12,326,
84,Player 2,5822,Euston Road,16,342,
84,Player 1,2410,Community Chest,12,200,
85,Player 2,5816,Community Chest,16,336,
85,Player 1,2360,Trafalgar Square,12,150,
86,Player 2,5916,Water Works,16,236,
86,Player 1,2360,Leicester Square,12,150,
86,Player 1,2360,Chance,12,150,
87,Player 2,5916,Park Lane,16,236,
87,Player 1,2380,Mayfair,12,170,
88,Player 2,6131,Euston Road,16,451,
88,Player 1,2536,Community Chest,12,326,
89,Player 2,6125,Marylebone Station,16,245,
89,Player 1,2736,Euston Road,12,526,
89,Player 1,2736,Bow Street,12,526,
90,Player 2,6139,Fenchurch St Station,16,259,
90,Player 2,6139,Water Works,16,259,
90,Player 1,2722,Fleet Street,12,512,
91,Player 2,6157,Liverpool Street,16,277,
91,Player 1,2729,Regent Street,12,519,
92,Player 2,5032,Kings Cross Station,16,952,
92,Player 2,5032,Marylebone Station,16,952,
92,Player 1,2439,GO,11,289,
93,Player 2,4492,Free Parking,17,352,
93,Player 1,2384,Chance,11,234,
93,Player 1,2384,Pall Mall,11,234,
94,Player 2,4502,Coventry Street,17,362,
94,Player 1,2374,Marlborough Street,11,224,
95,Player 2,4502,Bond Street,17,362,
95,Player 1,2374,Fleet Street,11,224,
96,Player 2,4720,Income Tax,17,580,
96,Player 2,4520,Euston Road,17,380,
96,Player 1,2362,Water Works,11,212,
97,Player 2,4564,Free Parking,17,74,
97,Player 2,4564,Piccadilly,17,74,
97,Player 1,2312,Oxford Street,11,162,
97,Player 1,0,Oxford Street,0,0,
97,Player 1,200,Old Kent Road,0,200,
1,Player 2,1500,Income Tax,0,1500,
1,Player 2,1350,Jail,0,1350,
1,Player 2,1350,Marylebone Station,0,1350,
1,Player 1,1500,Pentonville Road,0,1500,
2,Player 2,1350,Trafalgar Square,1,1150,
2,Player 1,1500,Marylebone Station,1,1380,
3,Player 2,1375,Piccadilly,2,935,
3,Player 1,1475,Trafalgar Square,1,1355,
4,Player 2,1241,Chance,3,521,
4,Player 1,1455,Go To Jail,1,1335,
4,Player 1,1455,Jail,1,1335,
5,Player 2,1591,Kings Cross Station,3,871,
5,Player 1,1455,Jail,1,1335,
6,Player 2,1481,Electric Company ,4,561,
6,Player 1,1405,Bow Street,1,1285,
7,Player 2,1481,Vine Street,5,411,
7,Player 1,1405,Chance,2,1105,
8,Player 2,1481,Fleet Street,6,211,
8,Player 1,1483,Fenchurch St Station,3,963,
9,Player 2,1481,Regent Street,6,211,
9,Player 2,1481,Mayfair,6,211,
9,Player 1,1938,Piccadilly,6,518,
10,Player 2,1703,Whitechapel Road,6,433,
10,Player 2,1703,Pentonville Road,7,373,
10,Player 2,1695,Free Parking,7,365,
10,Player 1,2124,GO,6,704,
11,Player 2,1695,Fleet Street,7,365,
11,Player 1,2142,Pentonville Road,6,722,
12,Player 2,1677,Regent Street,7,347,
12,Player 1,1948,Marylebone Station,6,528,
13,Player 2,1701,Park Lane,7,371,
13,Player 2,1901,Kings Cross Station,7,571,
13,Player 1,2026,Community Chest,7,256,
13,Player 1,1976,Coventry Street,7,206,
14,Player 2,2057,Jail,8,467,
14,Player 1,1976,Oxford Street,7,206,
15,Player 2,2237,Community Chest,9,347,
15,Player 1,1976,Park Lane,7,206,
16,Player 2,2337,Chance,9,447,
16,Player 2,2337,GO,9,447,
16,Player 1,2176,Income Tax,7,406,
17,Player 2,2337,Pentonville Road,9,447,
17,Player 1,1984,Pall Mall,7,214,
18,Player 2,2357,Community Chest,10,327,
18,Player 2,2357,GO,10,327,
18,Player 1,1984,Marylebone Station,7,214,
19,Player 2,2407,Pall Mall,10,377,
19,Player 1,1934,Fleet Street,7,164,
19,Player 1,1934,Bond Street,7,164,
20,Player 2,2631,Free Parking,11,281,
20,Player 1,2134,Old Kent Road,7,364,
21,Player 2,2631,Fenchurch St Station,11,281,
21,Player 1,2159,Euston Road,8,329,
22,Player 2,2606,Regent Street,11,256,
22,Player 1,2185,Northumberland Avenue,9,255,
22,Player 1,2185,Free Parking,9,255,
23,Player 2,2812,Whitechapel Road,12,302,
23,Player 2,2812,Pentonville Road,12,302,
23,Player 1,2193,Fenchurch St Station,9,263,
24,Player 2,2804,Bow Street,12,294,
24,Player 1,2207,Oxford Street,9,277,
25,Player 2,2816,Fenchurch St Station,12,306,
25,Player 1,2406,Community Chest,9,476,
25,Player 1,2406,Old Kent Road,9,476,
26,Player 2,2791,Oxford Street,12,281,
26,Player 1,2406,Pentonville Road,9,276,
26,Player 1,2406,Marlborough Street,9,276,
27,Player 2,2809,Park Lane,13,119,
27,Player 1,2441,Leicester Square,9,311,
28,Player 2,2974,Income Tax,13,284,
28,Player 1,2636,Park Lane,10,246,
29,Player 2,2774,Whitehall ,13,84,
29,Player 1,2913,Kings Cross Station,11,383,
30,Player 2,2824,Vine Street,13,134,
30,Player 1,2863,Bow Street,11,333,
31,Player 2,2824,Leicester Square,13,134,
31,Player 1,2885,Coventry Street,11,355,
32,Player 2,2802,Regent Street,13,112,
32,Player 1,2911,Oxford Street,11,381,
33,Player 2,2802,Mayfair,13,112,
33,Player 1,3085,Park Lane,11,355,
34,Player 2,2902,Chance,13,212,
34,Player 2,2902,Jail,13,212,
34,Player 1,3285,Income Tax,11,555,
35,Player 2,2902,Jail,13,212,
35,Player 1,3085,Pentonville Road,11,355,
36,Player 2,2852,Community Chest,13,162,
36,Player 1,3075,Bow Street,11,345,
37,Player 2,2862,Fleet Street,13,172,
37,Player 1,3093,Vine Street,11,363,
38,Player 2,2860,Regent Street,13,170,
38,Player 1,3103,Coventry Street,11,373,
39,Player 2,2834,Super Tax,13,144,
39,Player 1,3103,Community Chest,11,373,
40,Player 2,2934,Whitechapel Road,13,244,
40,Player 1,3328,GO,11,598,
41,Player 2,2934,Pentonville Road,13,244,
41,Player 2,2926,Bow Street,13,236,
41,Player 1,3350,Jail,11,220,
41,Player 1,3350,Northumberland Avenue,11,220,
41,Player 1,3338,Vine Street,11,208,
42,Player 2,2940,Fleet Street,13,250,
42,Player 1,3340,Fleet Street,11,210,
42,Player 1,3340,Go To Jail,11,210,
42,Player 1,3340,Jail,11,210,
43,Player 2,2922,Community Chest,13,232,
43,Player 1,3340,Jail,11,210,
44,Player 2,2942,Chance,13,252,
44,Player 1,3290,Community Chest,11,160,
45,Player 2,2992,Whitechapel Road,13,302,
45,Player 1,3340,The Strand,11,210,
45,Player 1,3340,Go To Jail,11,210,
45,Player 1,3340,Jail,11,210,
46,Player 2,3080,Chance,14,170,
46,Player 2,3080,Whitehall ,14,170,
46,Player 1,3350,Jail,11,220,
47,Player 2,3070,Marlborough Street,14,160,
47,Player 1,3300,Community Chest,11,170,
48,Player 2,3070,Fenchurch St Station,14,160,
48,Player 1,3225,Free Parking,11,95,
49,Player 2,3045,Water Works,14,135,
49,Player 1,3225,Oxford Street,11,95,
49,Player 1,3199,Mayfair,11,69,
50,Player 2,3164,Bond Street,15,104,
50,Player 1,3399,The Angel Islington,11,269,
51,Player 2,3364,Income Tax,15,304,
51,Player 2,3164,Euston Road,15,104,
51,Player 2,3152,Jail,15,92,
51,Player 1,3411,Whitehall ,12,181,
52,Player 2,3152,Jail,15,92,
52,Player 1,3411,Community Chest,12,181,
52,Player 1,3421,The Strand,12,191,
53,Player 2,3102,Community Chest,15,42,
53,Player 1,3421,Coventry Street,12,191,
54,Player 2,3152,Fenchurch St Station,15,92,
54,Player 1,3446,Liverpool Street,12,216,
55,Player 2,3127,Chance,15,67,
55,Player 2,3127,Mayfair,15,67,
55,Player 1,4306,Community Chest,13,476,
56,Player 2,3262,Chance,15,202,
56,Player 2,3262,Marylebone Station,15,202,
56,Player 1,4406,Chance,13,376,
56,Player 1,4406,Marylebone Station,13,376,
57,Player 2,3312,Chance,15,252,
57,Player 1,4356,Chance,13,326,
58,Player 2,3280,Coventry Street,15,220,
58,Player 1,4181,Go To Jail,13,151,
58,Player 1,4181,Jail,13,151,
59,Player 2,3280,Community Chest,15,220,
59,Player 2,3680,Whitechapel Road,15,620,
59,Player 2,3680,Jail,15,620,
59,Player 1,4181,Jail,13,151,
60,Player 2,3460,Jail,15,400,
60,Player 1,4131,Community Chest,13,101,
60,Player 1,4131,Water Works,13,101,
61,Player 2,3359,Whitehall ,15,299,
61,Player 1,4071,Super Tax,13,41,
62,Player 2,3349,Bow Street,15,289,
62,Player 1,4285,Kings Cross Station,13,255,
63,Player 2,3385,Coventry Street,15,325,
63,Player 1,4235,Pall Mall,13,205,
64,Player 2,3395,Super Tax,15,335,
64,Player 1,4225,Vine Street,13,195,
65,Player 2,3511,Kings Cross Station,15,451,
65,Player 1,4209,The Strand,13,179,
65,Player 1,4191,Leicester Square,13,161,
66,Player 2,3397,Pentonville Road,15,337,
66,Player 1,4207,Liverpool Street,13,177,
67,Player 2,3381,Whitehall ,15,321,
67,Player 2,3371,Community Chest,15,311,
67,Player 2,3371,Jail,15,311,
67,Player 1,4217,Super Tax,13,187,
68,Player 2,3371,Jail,15,311,
68,Player 1,4317,GO,13,287,
68,Player 1,4317,Whitechapel Road,13,287,
69,Player 2,3325,Free Parking,15,265,
69,Player 1,4313,Jail,13,283,
70,Player 2,3325,Coventry Street,15,265,
70,Player 1,4313,Free Parking,13,283,
71,Player 2,3325,Chance,15,265,
71,Player 1,4313,Piccadilly,13,283,
72,Player 2,3505,Kings Cross Station,15,445,
72,Player 1,4313,Liverpool Street,13,283,
73,Player 2,3505,Marylebone Station,15,445,
73,Player 1,4513,GO,13,483,
74,Player 2,3505,Fenchurch St Station,15,445,
74,Player 2,3455,Oxford Street,15,395,
74,Player 1,4563,Whitechapel Road,13,333,
75,Player 2,3659,Community Chest,15,599,
75,Player 1,4559,Euston Road,13,329,
76,Player 2,3466,Pentonville Road,15,406,
76,Player 1,4575,Marlborough Street,13,345,
76,Player 1,4561,Fleet Street,13,331,
77,Player 2,3464,Bow Street,15,404,
77,Player 1,4575,Piccadilly,13,345,
78,Player 2,3450,Chance,15,390,
78,Player 2,3450,Vine Street,15,390,
78,Player 1,4575,Mayfair,13,345,
78,Player 1,4775,Whitechapel Road,13,545,
79,Player 2,3454,Fenchurch St Station,15,394,
79,Player 2,3404,Oxford Street,15,344,
79,Player 1,4021,Pentonville Road,13,391,
80,Player 2,3404,Mayfair,15,344,
80,Player 2,0,Mayfair,0,0,
1,Player 1,1500,Pall Mall,0,1500,
1,Player 2,1500,The Angel Islington,0,1500,
2,Player 1,1500,Marlborough Street,1,1360,
2,Player 2,1500,Community Chest,1,1400,
2,Player 2,1500,Jail,1,1400,
3,Player 1,1500,Chance,2,1180,
3,Player 1,1500,Pall Mall,2,1180,
3,Player 2,1500,Jail,1,1400,
4,Player 1,1500,Community Chest,2,1180,
4,Player 2,1450,Community Chest,1,1350,
4,Player 2,1450,GO,1,1350,
5,Player 1,1510,Fleet Street,2,1190,
5,Player 2,1450,The Angel Islington,1,1350,
6,Player 1,1510,Water Works,3,970,
6,Player 2,1450,Jail,1,1350,
7,Player 1,1510,Bond Street,4,820,
7,Player 2,1450,Northumberland Avenue,1,1350,
7,Player 2,1450,Community Chest,2,1190,
8,Player 1,1710,Income Tax,5,700,
8,Player 2,1550,Leicester Square,2,1290,
9,Player 1,1539,The Angel Islington,5,529,
9,Player 1,1533,Bow Street,5,523,
9,Player 2,1556,Oxford Street,3,1036,
10,Player 1,1533,Fenchurch St Station,6,343,
10,Player 2,1586,Chance,5,566,
11,Player 1,1533,Regent Street,6,343,
11,Player 1,1533,Mayfair,6,343,
11,Player 1,1933,The Angel Islington,7,343,
11,Player 2,1877,Whitechapel Road,6,557,
12,Player 1,1927,Marlborough Street,7,337,
12,Player 1,1927,Leicester Square,7,337,
12,Player 2,1899,Jail,7,519,
13,Player 1,1905,Chance,7,315,
13,Player 2,1899,Free Parking,7,519,
14,Player 1,1955,Chance,7,365,
14,Player 1,1955,Marylebone Station,7,365,
14,Player 2,1909,Water Works,8,329,
15,Player 1,1987,Fleet Street,7,397,
15,Player 2,1877,Bond Street,8,297,
15,Player 2,1849,Chance,8,269,
15,Player 2,2034,Income Tax,8,454,
16,Player 1,2015,Coventry Street,7,425,
16,Player 2,1834,Whitehall ,8,254,
17,Player 1,2119,Oxford Street,8,269,
17,Player 2,1860,Vine Street,9,140,
17,Player 2,1860,Leicester Square,9,140,
18,Player 1,2233,Super Tax,9,183,
18,Player 2,1860,Liverpool Street,9,140,
19,Player 1,2333,Community Chest,9,283,
19,Player 1,2333,Electric Company ,9,283,
19,Player 2,2210,Whitechapel Road,10,290,
20,Player 1,2333,Chance,10,133,
20,Player 1,2333,Marylebone Station,10,133,
20,Player 1,2233,Community Chest,10,33,
20,Player 1,2253,Free Parking,10,53,
20,Player 2,2310,Marylebone Station,10,390,
20,Player 2,2310,Fleet Street,10,390,
21,Player 1,2271,Piccadilly,10,71,
21,Player 2,2530,Community Chest,11,330,
22,Player 1,2271,Park Lane,10,71,
22,Player 1,2471,Chance,10,271,
22,Player 2,3053,Community Chest,12,503,
22,Player 2,3053,Old Kent Road,12,503,
23,Player 1,2521,Bow Street,10,321,
23,Player 2,3053,Whitehall ,13,93,
23,Player 2,3053,Bow Street,13,93,
24,Player 1,2549,Fleet Street,10,349,
24,Player 2,3025,Chance,13,65,
24,Player 2,2980,Piccadilly,13,20,
25,Player 1,2549,Community Chest,10,349,
25,Player 1,2559,Super Tax,10,359,
25,Player 2,2970,Park Lane,13,10,
25,Player 2,3170,Community Chest,13,210,
26,Player 1,2659,Whitechapel Road,10,459,
26,Player 2,3147,Income Tax,13,437,
26,Player 2,2947,Electric Company ,13,237,
27,Player 1,2419,Electric Company ,10,219,
27,Player 2,2867,Vine Street,13,157,
28,Player 1,2451,Free Parking,10,251,
28,Player 2,2835,Water Works,13,125,
29,Player 1,2541,Fenchurch St Station,10,341,
29,Player 2,2845,Liverpool Street,13,135,
30,Player 1,2441,Community Chest,10,241,
30,Player 2,3045,The Angel Islington,13,335,
31,Player 1,2391,Park Lane,10,191,
31,Player 2,3080,Whitehall ,13,370,
32,Player 1,2556,Income Tax,10,356,
32,Player 2,3080,The Strand,13,370,
33,Player 1,2356,Chance,10,156,
33,Player 2,3201,Oxford Street,14,271,
34,Player 1,2356,Vine Street,10,156,
34,Player 1,2356,Trafalgar Square,10,156,
34,Player 2,3557,GO,15,387,
34,Player 2,3557,The Angel Islington,15,387,
35,Player 1,2356,Community Chest,10,156,
35,Player 2,3557,Marylebone Station,15,387,
36,Player 1,2656,Old Kent Road,10,456,
36,Player 2,3686,Marlborough Street,15,516,
37,Player 1,2434,Jail,10,234,
37,Player 2,3658,Fenchurch St Station,15,488,
38,Player 1,2434,Marylebone Station,10,234,
38,Player 2,3758,Liverpool Street,15,588,
38,Player 2,3958,Kings Cross Station,15,788,
39,Player 1,2334,Coventry Street,10,134,
39,Player 1,2334,Bond Street,10,134,
39,Player 2,3958,Electric Company ,16,588,
40,Player 1,2604,GO,10,404,
40,Player 2,3888,Marlborough Street,16,518,
41,Player 1,2674,Pentonville Road,10,174,
41,Player 2,3848,Fenchurch St Station,17,358,
42,Player 1,2674,Bow Street,10,174,
42,Player 2,3848,Bond Street,17,358,
43,Player 1,2702,Trafalgar Square,10,102,
43,Player 1,2682,Go To Jail,10,82,
43,Player 1,2682,Jail,10,82,
43,Player 2,4040,GO,17,550,
43,Player 2,4040,Euston Road,17,550,
44,Player 1,2682,Jail,10,82,
44,Player 2,4040,Whitehall ,18,50,
45,Player 1,2632,Community Chest,10,32,
45,Player 2,4040,The Strand,18,50,
46,Player 1,2682,Water Works,10,82,
46,Player 2,4040,Go To Jail,18,50,
46,Player 2,4040,Jail,18,50,
47,Player 1,2682,Liverpool Street,10,82,
47,Player 2,4240,Jail,18,200,
48,Player 1,2702,Community Chest,10,202,
48,Player 2,4190,Chance,18,50,
48,Player 2,4190,Mayfair,18,50,
48,Player 2,4340,The Angel Islington,18,200,
49,Player 1,2702,Euston Road,10,202,
49,Player 2,4140,Pall Mall,18,400,
50,Player 1,2572,Whitehall ,10,72,
50,Player 2,4150,Community Chest,18,410,
51,Player 1,2562,The Strand,10,62,
51,Player 2,4068,Fenchurch St Station,18,328,
52,Player 1,2544,Water Works,10,44,
52,Player 2,4068,Community Chest,18,328,
52,Player 2,4068,Jail,18,328,
53,Player 1,2544,Super Tax,10,44,
53,Player 2,4068,Jail,18,328,
54,Player 1,2744,Community Chest,10,244,
54,Player 1,2754,The Angel Islington,10,254,
54,Player 2,4568,Marlborough Street,18,828,
55,Player 1,2549,Bow Street,10,49,
55,Player 1,2549,Trafalgar Square,10,49,
55,Player 2,4588,Trafalgar Square,18,848,
55,Player 2,4588,Community Chest,18,848,
55,Player 2,4588,GO,18,848,
56,Player 1,2529,Community Chest,10,29,
56,Player 2,4588,Kings Cross Station,18,848,
57,Player 1,2629,Mayfair,10,129,
57,Player 2,4588,Jail,18,848,
58,Player 1,2829,Chance,10,329,
58,Player 1,2829,Income Tax,10,329,
58,Player 2,4588,Vine Street,18,848,
59,Player 1,2772,Marylebone Station,10,272,
59,Player 2,4568,Fenchurch St Station,18,828,
59,Player 2,4568,Bond Street,18,828,
60,Player 1,2600,Marlborough Street,10,100,
60,Player 2,4740,Whitechapel Road,18,1000,
61,Player 1,2600,Trafalgar Square,10,100,
61,Player 2,4760,Jail,18,1020,
62,Player 1,2580,Oxford Street,10,80,
62,Player 2,4786,Northumberland Avenue,18,1046,
62,Player 2,4786,The Strand,18,1046,
63,Player 1,2754,GO,10,254,
63,Player 2,4786,Fenchurch St Station,18,1046,
64,Player 1,2754,Income Tax,10,254,
64,Player 2,4786,Community Chest,18,1046,
64,Player 2,4786,Electric Company ,18,1046,
65,Player 1,2634,Jail,10,134,
65,Player 1,2634,Marylebone Station,10,134,
65,Player 2,4906,Fleet Street,18,1166,
66,Player 1,2504,Marlborough Street,10,4,
66,Player 2,4906,Piccadilly,18,1166,
67,Player 1,2504,Fenchurch St Station,10,4,
67,Player 2,5106,Chance,18,1366,
68,Player 1,2434,Piccadilly,9,74,
68,Player 2,4218,Community Chest,19,338,
69,Player 1,2412,Super Tax,9,52,
69,Player 2,4161,Pall Mall,19,281,
70,Player 1,2612,Pentonville Road,9,252,
70,Player 2,4761,Vine Street,19,181,
71,Player 1,2585,Marlborough Street,9,225,
71,Player 2,4666,Go To Jail,19,36,
71,Player 2,4666,Jail,19,36,
72,Player 1,2585,Trafalgar Square,9,225,
72,Player 2,4686,Jail,19,56,
73,Player 1,2565,Regent Street,9,205,
73,Player 2,4662,Marlborough Street,19,32,
74,Player 1,2539,Super Tax,9,179,
74,Player 2,4662,Trafalgar Square,19,32,
75,Player 1,2639,Whitechapel Road,9,279,
75,Player 2,4912,Go To Jail,19,132,
75,Player 2,4912,Jail,19,132,
76,Player 1,2389,Jail,9,29,
76,Player 2,4912,Jail,19,132,
77,Player 1,2389,Marlborough Street,9,29,
77,Player 2,4862,Marylebone Station,19,82,
78,Player 1,2389,Fenchurch St Station,9,29,
78,Player 2,5062,Vine Street,19,182,
78,Player 2,4967,Coventry Street,19,37,
79,Player 1,2631,Piccadilly,9,271,
79,Player 2,4967,Oxford Street,19,37,
80,Player 1,2609,Community Chest,9,249,
80,Player 2,4967,Super Tax,19,37,
81,Player 1,2634,Chance,9,274,
81,Player 2,5167,Chance,19,237,
81,Player 2,5167,Jail,19,237,
82,Player 1,2835,Community Chest,9,475,
82,Player 1,2835,Old Kent Road,9,475,
82,Player 1,2585,Pall Mall,9,225,
82,Player 2,4467,Jail,19,287,
83,Player 1,2410,Bow Street,9,50,
83,Player 2,4417,Marylebone Station,19,237,
84,Player 1,2410,The Strand,9,50,
84,Player 2,4435,Free Parking,19,255,
85,Player 1,2392,Leicester Square,9,32,
85,Player 2,4457,Water Works,19,277,
86,Player 1,2450,Regent Street,9,90,
86,Player 2,4403,Bond Street,19,223,
87,Player 1,2424,Park Lane,9,64,
87,Player 2,4638,GO,19,458,
88,Player 1,2589,Pentonville Road,9,229,
88,Player 1,2424,Northumberland Avenue,9,64,
88,Player 2,6138,The Angel Islington,19,1958,
89,Player 1,2189,Fenchurch St Station,9,29,
89,Player 2,6338,Whitehall ,19,2158,
90,Player 1,2189,Community Chest,9,29,
90,Player 2,6328,Free Parking,19,2148,
91,Player 1,2399,Community Chest,9,239,
91,Player 2,6328,Fenchurch St Station,19,2148,
92,Player 1,2418,Electric Company ,9,258,
92,Player 2,6328,Oxford Street,19,2148,
93,Player 1,2418,Vine Street,9,258,
93,Player 2,6328,Chance,19,2148,
93,Player 2,6328,GO,19,2148,
93,Player 2,6328,Electric Company ,19,2148,
93,Player 2,6208,Free Parking,19,2028,
94,Player 1,2538,Water Works,9,378,
94,Player 2,6208,Trafalgar Square,19,2028,
95,Player 1,2538,Community Chest,9,378,
95,Player 2,6208,Oxford Street,19,2028,
96,Player 1,2488,Mayfair,9,328,
96,Player 1,2688,Jail,9,528,
96,Player 2,6408,GO,19,2228,
97,Player 1,2347,Marlborough Street,8,107,
97,Player 2,4428,The Angel Islington,20,28,
98,Player 1,2347,Chance,8,107,
98,Player 1,2347,Pall Mall,8,107,
98,Player 2,5178,Pall Mall,20,178,
99,Player 1,2062,Vine Street,8,22,
99,Player 1,2062,Go To Jail,8,22,
99,Player 1,2062,Jail,8,22,
99,Player 2,5178,Bow Street,20,178,
100,Player 1,2132,Jail,8,92,
100,Player 2,5108,Marlborough Street,20,108,
100,Player 2,5080,Coventry Street,20,80,
101,Player 1,2110,Community Chest,8,70,
101,Player 2,5080,Liverpool Street,20,80,
101,Player 2,5280,Income Tax,20,280,
102,Player 1,2210,Coventry Street,8,170,
102,Player 1,2210,Community Chest,8,170,
102,Player 2,5080,Jail,20,80,
103,Player 1,2260,Park Lane,8,220,
103,Player 2,5115,Marylebone Station,20,115,
104,Player 1,2425,Whitechapel Road,8,385,
104,Player 2,5565,The Strand,20,265,
105,Player 1,2065,Northumberland Avenue,8,25,
105,Player 2,6465,Community Chest,20,265,
105,Player 2,6615,GO,20,415,
106,Player 1,1885,Marlborough Street,8,45,
106,Player 2,6015,Pall Mall,20,265,
107,Player 1,1885,Free Parking,8,45,
107,Player 1,1885,Trafalgar Square,8,45,
107,Player 1,0,Trafalgar Square,0,0,
107,Player 1,0,Oxford Street,0,0,
107,Player 1,0,Oxford Street,0,0,
1,Player 2,1500,Kings Cross Station,0,1500,
1,Player 1,1500,Income Tax,0,1500,
2,Player 2,1390,Euston Road,1,1190,
2,Player 1,1350,Pall Mall,0,1350,
3,Player 2,1390,Whitehall ,2,1090,
3,Player 1,1350,Marlborough Street,1,1210,
4,Player 2,1390,Chance,3,950,
4,Player 1,1350,Free Parking,2,1030,
4,Player 1,1350,Go To Jail,2,1030,
4,Player 1,1350,Jail,2,1030,
4,Player 1,1350,Jail,2,1030,
5,Player 2,1375,Go To Jail,3,935,
5,Player 2,1375,Jail,3,935,
5,Player 1,1350,Jail,2,1030,
6,Player 2,1375,Jail,3,935,
6,Player 1,1300,Free Parking,2,980,
7,Player 2,1325,Community Chest,3,885,
7,Player 1,1300,Go To Jail,2,980,
7,Player 1,1300,Jail,2,980,
8,Player 2,1275,Fenchurch St Station,3,835,
8,Player 1,1300,Jail,2,980,
9,Player 2,1275,Regent Street,4,635,
9,Player 2,1275,Park Lane,5,335,
9,Player 1,1412,Northumberland Avenue,3,742,
10,Player 2,1475,Kings Cross Station,5,535,
10,Player 1,1412,The Strand,4,582,
11,Player 2,1475,Jail,5,535,
11,Player 1,1412,Piccadilly,5,362,
12,Player 2,1587,Marylebone Station,6,367,
12,Player 1,1412,Community Chest,5,362,
13,Player 2,1587,Fleet Street,7,167,
13,Player 1,1655,GO,6,385,
14,Player 2,1587,Coventry Street,7,167,
14,Player 1,1824,Whitechapel Road,7,294,
15,Player 2,1587,Community Chest,7,167,
15,Player 2,1587,Jail,7,167,
15,Player 1,1824,Electric Company ,8,234,
16,Player 2,1587,Jail,7,167,
16,Player 1,1868,The Strand,9,128,
17,Player 2,1537,The Strand,7,117,
17,Player 1,1868,Piccadilly,9,128,
18,Player 2,1559,Leicester Square,7,139,
18,Player 1,1846,Chance,9,106,
18,Player 1,1846,Marylebone Station,9,106,
19,Player 2,1867,Liverpool Street,8,187,
19,Player 1,1746,The Strand,9,6,
20,Player 2,2247,Whitechapel Road,9,367,
20,Player 1,1750,Go To Jail,9,10,
20,Player 1,1750,Jail,9,10,
21,Player 2,2243,Pall Mall,9,363,
21,Player 1,1760,Jail,9,20,
22,Player 2,2233,Free Parking,9,353,
22,Player 1,1760,Jail,9,20,
23,Player 2,2233,Fleet Street,9,353,
23,Player 1,1778,Jail,9,38,
24,Player 2,2215,Regent Street,9,335,
24,Player 1,1778,Jail,9,38,
25,Player 2,2415,GO,9,535,
25,Player 1,1778,Vine Street,9,38,
26,Player 2,2595,Euston Road,10,515,
26,Player 1,1778,Fleet Street,9,38,
27,Player 2,2595,Marlborough Street,10,515,
27,Player 1,1792,Piccadilly,9,52,
28,Player 2,2603,Trafalgar Square,10,523,
28,Player 1,1770,Liverpool Street,9,30,
28,Player 1,2105,Community Chest,9,365,
29,Player 2,2803,Bond Street,11,483,
29,Player 1,2038,Pall Mall,9,298,
30,Player 2,3163,Old Kent Road,12,523,
30,Player 1,2038,Marylebone Station,9,298,
31,Player 2,3198,The Angel Islington,13,498,
31,Player 1,1838,Trafalgar Square,9,98,
32,Player 2,3218,Bow Street,14,418,
32,Player 2,3218,Chance,15,238,
32,Player 1,1818,Oxford Street,9,78,
33,Player 2,3538,Oxford Street,16,258,
33,Player 1,1818,Super Tax,9,78,
34,Player 2,3738,GO,16,458,
34,Player 1,2018,The Angel Islington,9,278,
35,Player 2,3744,The Angel Islington,16,264,
35,Player 2,3744,Whitehall ,16,264,
35,Player 1,2012,Pentonville Road,9,272,
36,Player 2,3744,Chance,16,264,
36,Player 1,2012,Northumberland Avenue,10,152,
37,Player 2,3719,Trafalgar Square,16,239,
37,Player 2,3719,Go To Jail,16,239,
37,Player 2,3719,Jail,16,239,
37,Player 1,2012,Vine Street,10,152,
38,Player 2,3735,Jail,16,255,
38,Player 1,1996,Fenchurch St Station,10,136,
39,Player 2,3885,Bow Street,16,205,
39,Player 2,3885,Fenchurch St Station,16,205,
39,Player 1,1866,Liverpool Street,10,6,
40,Player 2,4085,Regent Street,16,205,
40,Player 1,2201,GO,10,341,
41,Player 2,4085,Mayfair,16,205,
41,Player 2,4285,Income Tax,16,405,
41,Player 1,2384,Pentonville Road,11,124,
42,Player 2,4085,Pall Mall,16,205,
42,Player 1,2394,Electric Company ,11,134,
43,Player 2,4075,Community Chest,16,195,
43,Player 2,4075,GO,16,195,
43,Player 2,4075,Chance,16,195,
43,Player 1,2394,Vine Street,11,134,
44,Player 2,3971,Northumberland Avenue,16,91,
44,Player 1,2390,Leicester Square,11,130,
45,Player 2,3981,Vine Street,16,101,
45,Player 1,2368,Super Tax,11,108,
45,Player 1,2468,Jail,11,208,
45,Player 1,2468,Bow Street,11,208,
46,Player 2,3995,Water Works,16,115,
46,Player 1,2540,The Strand,12,130,
47,Player 2,3995,Community Chest,16,115,
47,Player 1,2540,Water Works,12,130,
48,Player 2,4095,Super Tax,16,215,
48,Player 1,2540,Chance,12,130,
48,Player 1,2540,Mayfair,12,130,
48,Player 1,2740,Income Tax,12,330,
49,Player 2,4195,Whitechapel Road,16,315,
49,Player 1,2544,Pentonville Road,12,134,
50,Player 2,4191,Whitehall ,16,311,
50,Player 2,4191,Trafalgar Square,16,311,
50,Player 1,2544,Northumberland Avenue,12,134,
51,Player 2,4191,Go To Jail,16,311,
51,Player 2,4191,Jail,16,311,
51,Player 1,2544,Fenchurch St Station,12,134,
52,Player 2,4391,Jail,16,311,
52,Player 1,2414,Oxford Street,12,4,
53,Player 2,4341,Bow Street,16,261,
53,Player 1,2414,Mayfair,12,4,
54,Player 2,4341,Chance,16,261,
54,Player 2,4341,Vine Street,16,261,
54,Player 1,2614,Income Tax,12,204,
55,Player 2,4341,Leicester Square,16,261,
55,Player 1,2414,Pall Mall,12,4,
56,Player 2,4341,Community Chest,16,261,
56,Player 2,4341,Electric Company ,16,261,
56,Player 1,2484,Vine Street,12,74,
57,Player 2,4287,Community Chest,16,207,
57,Player 1,2468,Fleet Street,12,58,
58,Player 2,4307,Trafalgar Square,16,227,
58,Player 1,2468,Piccadilly,12,58,
59,Player 2,4329,Go To Jail,16,249,
59,Player 2,4329,Jail,16,249,
59,Player 1,2446,Park Lane,12,36,
60,Player 2,4329,Jail,16,249,
60,Player 1,2646,Income Tax,12,236,
61,Player 2,4279,Northumberland Avenue,16,199,
61,Player 1,2458,Pall Mall,12,48,
62,Player 2,4267,Marlborough Street,16,187,
62,Player 1,2458,Community Chest,12,48,
63,Player 2,4267,Leicester Square,16,187,
63,Player 2,4267,Oxford Street,16,187,
63,Player 1,2483,Chance,12,73,
64,Player 2,4467,Old Kent Road,16,387,
64,Player 1,2633,Trafalgar Square,12,223,
64,Player 1,2613,Regent Street,12,203,
65,Player 2,4617,Pentonville Road,16,337,
65,Player 1,2491,Super Tax,12,81,
66,Player 2,4609,Northumberland Avenue,16,329,
66,Player 1,2703,Income Tax,12,293,
67,Player 2,4597,Fleet Street,16,317,
67,Player 1,2521,Pall Mall,12,111,
68,Player 2,4579,Go To Jail,16,299,
68,Player 2,4579,Jail,16,299,
68,Player 1,2521,Marylebone Station,12,111,
68,Player 1,2481,The Strand,12,71,
69,Player 2,4779,Jail,16,299,
69,Player 1,2481,Water Works,12,71,
70,Player 2,4729,Community Chest,16,249,
70,Player 2,4729,Old Kent Road,16,249,
70,Player 1,2481,Park Lane,12,71,
71,Player 2,4729,Jail,16,249,
71,Player 1,2681,Kings Cross Station,12,271,
71,Player 1,2481,Chance,12,71,
71,Player 1,2581,Northumberland Avenue,12,171,
72,Player 2,4929,Bow Street,16,249,
72,Player 1,2581,The Strand,12,171,
73,Player 2,4929,Fleet Street,16,249,
73,Player 1,2599,Water Works,12,189,
74,Player 2,4911,Water Works,16,231,
74,Player 1,2649,Bond Street,12,239,
75,Player 2,5696,Go To Jail,16,216,
75,Player 2,5696,Jail,16,216,
75,Player 1,2614,Community Chest,12,204,
76,Player 2,5686,Jail,16,206,
76,Player 1,2624,The Angel Islington,12,214,
76,Player 1,2618,Pall Mall,12,208,
77,Player 2,5642,Marlborough Street,16,162,
77,Player 1,2618,Community Chest,12,208,
78,Player 2,5642,Trafalgar Square,16,162,
78,Player 1,2653,Fleet Street,12,243,
78,Player 1,2653,Leicester Square,12,243,
79,Player 2,5664,Go To Jail,16,184,
79,Player 2,5664,Jail,16,184,
79,Player 1,2631,Bond Street,12,221,
80,Player 2,6124,Jail,17,284,
80,Player 1,2566,Old Kent Road,11,216,
81,Player 2,6051,Bow Street,17,211,
81,Player 1,2556,Euston Road,11,206,
82,Player 2,6057,The Strand,17,217,
82,Player 1,2550,Bow Street,11,200,
83,Player 2,6071,Leicester Square,17,231,
83,Player 1,2536,The Strand,11,186,
84,Player 2,6071,Go To Jail,17,231,
84,Player 2,6071,Jail,17,231,
84,Player 1,2536,Leicester Square,11,186,
85,Player 2,6093,Jail,17,253,
85,Player 1,2514,Go To Jail,11,164,
85,Player 1,2514,Jail,11,164,
86,Player 2,6043,Bow Street,17,203,
86,Player 1,2514,Jail,11,164,
87,Player 2,6043,Fleet Street,17,203,
87,Player 1,2464,Community Chest,11,114,
88,Player 2,6043,Piccadilly,17,203,
88,Player 1,2414,Trafalgar Square,11,64,
89,Player 2,6063,Liverpool Street,17,223,
89,Player 2,6063,Super Tax,17,223,
89,Player 1,2394,Coventry Street,11,44,
90,Player 2,6163,Kings Cross Station,17,323,
90,Player 1,2394,Park Lane,11,44,
90,Player 1,2594,GO,11,244,
91,Player 2,6163,Electric Company ,17,323,
91,Player 1,2587,Pentonville Road,11,237,
92,Player 2,6093,Marlborough Street,17,253,
92,Player 1,2587,Marylebone Station,11,237,
92,Player 1,2387,The Strand,11,37,
93,Player 2,5493,Trafalgar Square,17,253,
93,Player 1,2387,Trafalgar Square,11,37,
94,Player 2,5513,Bond Street,17,273,
94,Player 1,2367,Oxford Street,11,17,
95,Player 2,5533,Mayfair,18,173,
95,Player 1,2447,GO,10,217,
96,Player 2,5733,Kings Cross Station,18,373,
96,Player 1,2447,Pentonville Road,10,217,
97,Player 2,5683,Electric Company ,18,323,
97,Player 1,2424,Northumberland Avenue,10,194,
98,Player 2,5613,Community Chest,18,253,
98,Player 1,2424,The Strand,10,194,
99,Player 2,5713,Trafalgar Square,18,353,
99,Player 1,2424,Water Works,10,194,
100,Player 2,5713,Bond Street,18,353,
100,Player 1,2424,Liverpool Street,10,194,
101,Player 2,5313,Kings Cross Station,18,553,
101,Player 1,2494,Whitechapel Road,10,264,
102,Player 2,4573,Electric Company ,18,313,
102,Player 1,2427,Chance,10,197,
102,Player 1,2427,Jail,10,197,
103,Player 2,4503,Fleet Street,18,243,
103,Player 1,2427,Jail,10,197,
104,Player 2,4503,Bond Street,18,243,
104,Player 1,2377,Marylebone Station,10,147,
105,Player 2,4703,Super Tax,18,93,
105,Player 1,2247,Fleet Street,10,17,
106,Player 2,4903,Kings Cross Station,18,293,
106,Player 1,2247,Piccadilly,10,17,
107,Player 2,4925,Bow Street,18,315,
107,Player 1,2495,GO,10,265,
108,Player 2,4925,Marlborough Street,18,315,
108,Player 2,4925,Piccadilly,18,315,
108,Player 1,2418,Income Tax,10,188,
109,Player 2,4925,Liverpool Street,18,315,
109,Player 1,2418,Chance,10,188,
109,Player 1,2418,GO,10,188,
110,Player 2,5125,Community Chest,18,515,
110,Player 1,2418,Income Tax,10,188,
111,Player 2,4775,Pall Mall,18,65,
111,Player 1,2428,Marylebone Station,10,198,
112,Player 2,4965,Whitehall ,18,255,
112,Player 2,4965,Bow Street,18,255,
112,Player 1,2298,Chance,10,68,
112,Player 1,2298,Pall Mall,10,68,
113,Player 2,4965,Leicester Square,18,255,
113,Player 2,4965,Park Lane,18,255,
113,Player 1,2298,Vine Street,10,68,
114,Player 2,5181,Income Tax,18,471,
114,Player 1,2282,Water Works,10,52,
115,Player 2,4981,Pentonville Road,18,271,
115,Player 1,2282,Mayfair,10,52,
116,Player 2,4981,Vine Street,18,271,
116,Player 1,2482,Euston Road,10,252,
117,Player 2,5051,Fenchurch St Station,18,441,
117,Player 1,2282,Bow Street,10,52,
118,Player 2,4665,Water Works,18,355,
118,Player 1,2298,Trafalgar Square,10,68,
119,Player 2,4655,Go To Jail,18,345,
119,Player 2,4655,Jail,18,345,
119,Player 1,2278,Regent Street,10,48,
119,Player 1,0,Regent Street,0,0,
1,Player 1,1500,Kings Cross Station,0,1500,
1,Player 2,1500,Jail,0,1500,
2,Player 1,1500,Euston Road,1,1300,
2,Player 2,1500,Free Parking,0,1500,
2,Player 2,1500,Coventry Street,0,1500,
3,Player 1,1500,Whitehall ,2,1200,
3,Player 2,1500,Oxford Street,1,1240,
4,Player 1,1500,The Strand,3,1060,
4,Player 2,1700,Income Tax,2,1140,
4,Player 2,1530,Electric Company ,2,970,
4,Player 2,1530,The Strand,3,820,
5,Player 1,1397,Fenchurch St Station,4,737,
5,Player 1,1397,Water Works,5,537,
5,Player 2,1512,Leicester Square,3,802,
6,Player 1,1397,Bond Street,6,387,
6,Player 2,1624,Oxford Street,5,334,
6,Player 2,1624,Mayfair,5,334,
7,Player 1,1797,Whitechapel Road,7,387,
7,Player 2,1824,Jail,5,534,
8,Player 1,1797,Pentonville Road,8,327,
8,Player 2,1824,The Strand,5,534,
9,Player 1,1815,Pall Mall,9,225,
9,Player 1,1815,Marlborough Street,9,225,
9,Player 2,1876,Water Works,7,266,
10,Player 1,1843,Fleet Street,9,253,
10,Player 2,1848,Chance,7,238,
11,Player 1,1953,Bond Street,10,143,
11,Player 2,2056,Community Chest,7,446,
12,Player 1,1925,Chance,10,115,
12,Player 1,2125,Income Tax,10,315,
12,Player 2,2066,Electric Company ,7,456,
13,Player 1,1925,Jail,10,115,
13,Player 2,2066,Vine Street,7,456,
14,Player 1,1925,Free Parking,10,115,
14,Player 1,1925,Coventry Street,10,115,
14,Player 2,2088,Piccadilly,8,278,
14,Player 2,2326,Liverpool Street,9,236,
15,Player 1,1903,Park Lane,10,93,
15,Player 1,2103,Income Tax,10,293,
15,Player 2,2974,Kings Cross Station,11,334,
16,Player 1,1953,Pall Mall,10,143,
16,Player 2,2934,Pall Mall,11,294,
16,Player 2,2934,Community Chest,11,294,
17,Player 1,1943,Marlborough Street,10,133,
17,Player 2,2968,The Strand,11,328,
18,Player 1,1947,Fenchurch St Station,10,137,
18,Player 2,2950,Oxford Street,11,310,
19,Player 1,1947,Community Chest,10,137,
19,Player 2,2950,Chance,11,310,
19,Player 2,2950,GO,11,310,
20,Player 1,1897,Mayfair,10,87,
20,Player 1,2097,Euston Road,10,287,
20,Player 2,2950,Income Tax,11,310,
21,Player 1,2097,Bow Street,10,287,
21,Player 2,2750,Pall Mall,11,110,
22,Player 1,2205,Leicester Square,11,215,
22,Player 2,2794,The Strand,11,154,
22,Player 2,2776,Go To Jail,11,136,
22,Player 2,2776,Jail,11,136,
23,Player 1,2179,Liverpool Street,11,189,
23,Player 2,2801,Jail,11,161,
24,Player 1,2354,Community Chest,11,364,
24,Player 1,2354,Electric Company ,11,364,
24,Player 2,2779,Marlborough Street,11,139,
25,Player 1,2326,Bow Street,11,336,
25,Player 2,2779,Leicester Square,11,139,
26,Player 1,2326,The Strand,11,336,
26,Player 2,2779,Park Lane,11,139,
27,Player 1,2326,Regent Street,11,336,
27,Player 2,2979,Chance,11,339,
27,Player 2,2979,Marylebone Station,11,339,
28,Player 1,2536,Super Tax,12,246,
28,Player 2,3029,Fleet Street,12,189,
28,Player 2,3011,Oxford Street,12,171,
29,Player 1,2654,Jail,12,364,
29,Player 1,2654,Marlborough Street,12,364,
29,Player 2,3225,Community Chest,12,385,
30,Player 1,2640,Piccadilly,12,350,
30,Player 2,3169,The Angel Islington,12,329,
31,Player 1,2596,Community Chest,12,306,
31,Player 2,3169,Pall Mall,13,229,
32,Player 1,2646,Mayfair,12,356,
32,Player 1,2846,Whitechapel Road,12,556,
32,Player 2,3169,Northumberland Avenue,13,229,
33,Player 1,2862,Pentonville Road,13,412,
33,Player 1,2862,Bow Street,13,412,
33,Player 2,3169,Bow Street,13,229,
33,Player 2,3155,Trafalgar Square,13,215,
34,Player 1,3020,Fleet Street,14,330,
34,Player 2,3155,Bond Street,13,215,
34,Player 2,3355,Whitechapel Road,13,415,
35,Player 1,3024,Water Works,14,334,
35,Player 2,3351,Euston Road,13,261,
36,Player 1,3030,Liverpool Street,14,340,
36,Player 2,3395,Vine Street,13,305,
37,Player 1,2980,Park Lane,14,290,
37,Player 1,3145,Euston Road,14,455,
37,Player 2,3430,Coventry Street,13,340,
38,Player 1,3013,Jail,14,323,
38,Player 1,3013,Whitehall ,14,323,
38,Player 2,3430,Chance,13,340,
38,Player 2,3430,Community Chest,13,340,
39,Player 1,3013,Trafalgar Square,14,323,
39,Player 2,3530,Chance,13,290,
40,Player 1,3013,Regent Street,14,323,
40,Player 2,3715,Community Chest,13,475,
40,Player 2,3815,Euston Road,13,575,
41,Player 1,3019,Mayfair,14,329,
41,Player 2,3809,Marylebone Station,13,269,
42,Player 1,3219,Community Chest,14,529,
42,Player 1,3219,Jail,14,529,
42,Player 2,3809,Free Parking,13,269,
43,Player 1,3219,Jail,14,229,
43,Player 2,3809,Fenchurch St Station,13,269,
44,Player 1,3219,Northumberland Avenue,14,229,
44,Player 2,3759,Community Chest,13,219,
45,Player 1,3219,Marlborough Street,14,229,
45,Player 2,3923,GO,13,383,
46,Player 1,3205,Leicester Square,14,215,
46,Player 2,4033,Pentonville Road,13,193,
47,Player 1,3103,Liverpool Street,14,113,
47,Player 2,4075,Marlborough Street,13,235,
48,Player 1,3053,Super Tax,14,63,
48,Player 2,4075,Free Parking,13,235,
48,Player 2,4075,Fenchurch St Station,13,235,
49,Player 1,3303,Community Chest,14,313,
49,Player 1,3303,Old Kent Road,14,313,
49,Player 1,3303,Kings Cross Station,15,253,
49,Player 1,3303,Euston Road,15,253,
49,Player 2,4025,Community Chest,13,185,
50,Player 1,3303,Bow Street,15,253,
50,Player 2,4425,Old Kent Road,13,435,
51,Player 1,3305,Chance,15,255,
51,Player 1,3305,Pall Mall,15,255,
51,Player 1,3295,Bow Street,15,245,
51,Player 2,4433,The Angel Islington,13,293,
52,Player 1,3295,Trafalgar Square,15,245,
52,Player 2,4433,Pall Mall,13,293,
53,Player 1,3295,Go To Jail,15,245,
53,Player 1,3295,Jail,15,245,
53,Player 2,4433,Marlborough Street,13,293,
54,Player 1,3295,Jail,15,245,
54,Player 2,4433,Trafalgar Square,13,293,
54,Player 2,4333,Go To Jail,13,193,
54,Player 2,4333,Jail,13,193,
55,Player 1,3345,Free Parking,15,295,
55,Player 2,4333,Jail,13,193,
56,Player 1,3345,Leicester Square,15,295,
56,Player 2,5083,Community Chest,13,643,
57,Player 1,3195,Bond Street,15,145,
57,Player 2,4536,Fleet Street,13,246,
58,Player 1,3457,GO,15,407,
58,Player 2,4446,Oxford Street,13,156,
59,Player 1,3298,Chance,15,248,
59,Player 2,4646,Community Chest,13,356,
59,Player 2,4646,GO,13,356,
60,Player 1,3218,Bow Street,15,168,
60,Player 2,4046,Pall Mall,13,206,
61,Player 1,3218,Fenchurch St Station,15,168,
61,Player 2,4046,Northumberland Avenue,13,206,
62,Player 1,3230,Bond Street,15,180,
62,Player 2,4062,Chance,13,222,
63,Player 1,3402,Old Kent Road,15,352,
63,Player 2,3912,Water Works,13,72,
63,Player 2,3888,Bond Street,13,48,
64,Player 1,3316,Electric Company ,15,266,
64,Player 2,3932,Super Tax,13,92,
65,Player 1,3272,Marlborough Street,15,222,
65,Player 2,4146,The Angel Islington,13,306,
65,Player 2,4146,Jail,13,306,
65,Player 2,4146,Marylebone Station,13,306,
66,Player 1,3258,Trafalgar Square,15,208,
66,Player 2,3546,The Strand,13,156,
66,Player 2,3546,Coventry Street,13,156,
67,Player 1,3258,Community Chest,15,208,
67,Player 2,3536,Chance,13,146,
68,Player 1,3468,Whitechapel Road,15,418,
68,Player 2,3886,Community Chest,13,496,
69,Player 1,3358,Kings Cross Station,15,308,
69,Player 1,3358,Euston Road,15,308,
69,Player 2,3896,Chance,13,506,
69,Player 2,3896,Jail,13,506,
70,Player 1,3358,Electric Company ,15,308,
70,Player 2,3912,Jail,13,522,
71,Player 1,3342,Northumberland Avenue,15,292,
71,Player 1,3342,Vine Street,15,292,
71,Player 2,3878,Marlborough Street,13,488,
72,Player 1,3326,Trafalgar Square,15,276,
72,Player 2,3878,Fenchurch St Station,13,488,
73,Player 1,3376,Coventry Street,15,326,
73,Player 2,3628,Oxford Street,14,88,
74,Player 1,2796,Regent Street,14,46,
74,Player 1,2796,Mayfair,14,46,
74,Player 2,3628,Mayfair,14,88,
75,Player 1,2996,The Angel Islington,14,246,
75,Player 2,3834,Jail,14,294,
76,Player 1,2902,Jail,14,152,
76,Player 2,3752,Marlborough Street,14,212,
76,Player 2,3752,Water Works,14,212,
77,Player 1,2902,Whitehall ,14,152,
77,Player 2,3752,Chance,14,212,
78,Player 1,2902,Chance,14,152,
78,Player 1,2902,Mayfair,14,152,
78,Player 2,4052,Old Kent Road,14,512,
79,Player 1,3104,Euston Road,14,354,
79,Player 2,4050,Pall Mall,14,510,
80,Player 1,2961,Bow Street,14,211,
80,Player 2,4050,Free Parking,14,510,
81,Player 1,2961,Fleet Street,14,211,
81,Player 2,4050,Go To Jail,14,510,
81,Player 2,4050,Jail,14,510,
82,Player 1,2961,Water Works,14,211,
82,Player 2,4100,Jail,14,560,
83,Player 1,2911,Bond Street,14,161,
83,Player 2,4078,Marlborough Street,14,538,
84,Player 1,3083,Community Chest,14,333,
84,Player 2,4078,Fleet Street,14,538,
85,Player 1,3029,Jail,14,279,
85,Player 2,4042,Regent Street,14,502,
86,Player 1,3055,Community Chest,14,305,
86,Player 2,4216,Community Chest,14,676,
86,Player 2,4216,Electric Company ,14,676,
87,Player 1,3005,The Strand,14,255,
87,Player 2,4216,Free Parking,14,676,
88,Player 1,3005,Leicester Square,14,255,
88,Player 2,3746,Piccadilly,15,26,
89,Player 1,2595,Chance,13,25,
89,Player 2,3746,Liverpool Street,15,26,
90,Player 1,2845,Whitechapel Road,13,275,
90,Player 2,3946,GO,15,226,
91,Player 1,2757,Whitehall ,13,187,
91,Player 1,2757,Marylebone Station,13,187,
91,Player 1,2707,Trafalgar Square,13,137,
91,Player 2,3996,Chance,15,276,
91,Player 2,3996,Marylebone Station,15,276,
92,Player 1,2707,Go To Jail,13,137,
92,Player 1,2707,Jail,13,137,
92,Player 2,3996,Trafalgar Square,15,276,
93,Player 1,2741,Jail,13,171,
93,Player 2,3896,Bond Street,15,176,
94,Player 1,2691,Chance,13,121,
94,Player 1,2671,Coventry Street,13,101,
94,Player 2,5147,Community Chest,15,327,
94,Player 2,5047,The Angel Islington,15,227,
95,Player 1,2581,Super Tax,13,11,
95,Player 2,5047,Whitehall ,15,227,
96,Player 1,2781,Jail,13,211,
96,Player 1,2781,Marlborough Street,13,211,
96,Player 2,5197,Free Parking,15,577,
97,Player 1,2661,Fenchurch St Station,13,91,
97,Player 2,4397,Fenchurch St Station,15,377,
98,Player 1,2678,Regent Street,13,108,
98,Player 2,4347,Bond Street,15,327,
99,Player 1,2878,GO,13,308,
99,Player 2,4547,Income Tax,15,527,
100,Player 1,2757,Euston Road,13,187,
100,Player 2,4347,Pentonville Road,15,327,
101,Player 1,2765,Electric Company ,13,195,
101,Player 2,4379,Vine Street,15,359,
102,Player 1,2725,Free Parking,13,155,
102,Player 2,4379,Water Works,15,359,
103,Player 1,2725,Go To Jail,13,155,
103,Player 1,2725,Jail,13,155,
103,Player 2,4379,Bond Street,15,359,
104,Player 1,2725,Jail,13,155,
104,Player 2,4379,Mayfair,15,359,
105,Player 1,2675,Marylebone Station,13,105,
105,Player 2,4629,The Angel Islington,15,609,
106,Player 1,2625,Fleet Street,13,55,
106,Player 2,4629,Whitehall ,15,609,
107,Player 1,2625,Go To Jail,13,55,
107,Player 1,2625,Jail,13,55,
107,Player 2,4629,Community Chest,15,609,
107,Player 2,4679,Coventry Street,15,659,
107,Player 2,4679,Chance,15,659,
108,Player 1,2625,Jail,13,55,
108,Player 2,4279,Whitechapel Road,15,259,
109,Player 1,2579,Community Chest,13,9,
109,Player 2,4275,Electric Company ,15,255,
110,Player 1,2679,Fenchurch St Station,13,109,
110,Player 2,4275,Community Chest,15,255,
111,Player 1,2679,Community Chest,13,109,
111,Player 1,2679,Jail,13,109,
111,Player 2,4375,Free Parking,15,355,
112,Player 1,2679,Jail,13,109,
112,Player 2,4375,Coventry Street,15,355,
113,Player 1,2629,Whitehall ,13,59,
113,Player 2,4375,Regent Street,15,355,
114,Player 1,2629,Vine Street,13,59,
114,Player 2,5575,Community Chest,15,1555,
115,Player 1,2609,Fenchurch St Station,13,39,
115,Player 2,5525,The Angel Islington,15,1505,
116,Player 1,2609,Community Chest,13,39,
116,Player 1,2609,Old Kent Road,13,39,
116,Player 2,5525,Whitehall ,15,1505,
117,Player 1,2609,Pall Mall,13,39,
117,Player 2,5535,The Strand,15,1515,
117,Player 2,5535,Leicester Square,15,1515,
118,Player 1,2599,Vine Street,13,29,
118,Player 2,6535,Bond Street,15,2515,
119,Player 1,2579,Coventry Street,13,9,
119,Player 2,5185,Community Chest,16,465,
120,Player 1,2144,Mayfair,12,24,
120,Player 1,2344,Community Chest,12,224,
120,Player 2,5220,Jail,16,300,
121,Player 1,2303,Jail,12,183,
121,Player 2,5220,Community Chest,16,300,
121,Player 2,5220,GO,16,300,
122,Player 1,2303,Whitehall ,12,183,
122,Player 2,5220,Kings Cross Station,16,300,
123,Player 1,2298,Vine Street,12,178,
123,Player 1,2128,Chance,12,8,
123,Player 1,2128,GO,12,8,
123,Player 2,6170,Electric Company ,16,250,
124,Player 1,2128,Chance,12,8,
124,Player 1,2128,Marylebone Station,12,8,
124,Player 2,6220,Marlborough Street,16,300,
125,Player 1,2178,Fleet Street,12,58,
125,Player 2,6220,Coventry Street,16,300,
126,Player 1,2178,Piccadilly,12,58,
126,Player 1,0,Piccadilly,0,0,
1,Player 3,1500,Euston Road,0,1500,
1,Player 2,1500,The Angel Islington,0,1500,
1,Player 1,1500,Euston Road,0,1500,
2,Player 3,1506,Bow Street,1,1406,
2,Player 2,1500,Pall Mall,1,1400,
2,Player 1,1494,Community Chest,0,1494,
3,Player 3,1506,Chance,2,1226,
3,Player 2,1500,Marlborough Street,2,1260,
3,Player 1,1544,Coventry Street,0,1544,
3,Player 1,1544,Piccadilly,1,1284,
3,Player 1,1544,Liverpool Street,2,1004,
4,Player 3,1356,Water Works,2,1076,
4,Player 2,1500,Fenchurch St Station,3,1080,
4,Player 1,1447,Chance,3,707,
4,Player 1,1597,Marylebone Station,3,857,
5,Player 3,1356,Bond Street,3,926,
5,Player 3,1556,Old Kent Road,4,806,
5,Player 2,1500,Bond Street,4,880,
5,Player 1,1487,Community Chest,4,547,
5,Player 1,1587,Fenchurch St Station,4,647,
6,Player 3,1584,Euston Road,5,774,
6,Player 2,1497,Mayfair,4,877,
6,Player 1,1562,Oxford Street,4,622,
7,Player 3,1584,Northumberland Avenue,5,774,
7,Player 3,1584,Chance,6,614,
7,Player 3,1584,Jail,6,614,
7,Player 2,1697,Jail,5,677,
7,Player 1,1562,Mayfair,5,322,
8,Player 3,1584,Jail,6,614,
8,Player 2,1697,Marlborough Street,5,677,
8,Player 1,1762,Kings Cross Station,5,522,
9,Player 3,1534,Community Chest,6,564,
9,Player 2,1697,Coventry Street,5,677,
9,Player 1,1784,Pall Mall,6,344,
10,Player 3,1634,Fleet Street,6,664,
10,Player 2,1685,Go To Jail,5,665,
10,Player 2,1685,Jail,5,665,
10,Player 1,1774,Vine Street,6,334,
11,Player 3,1634,Oxford Street,7,444,
11,Player 2,1625,Jail,6,405,
11,Player 1,1800,Leicester Square,6,360,
12,Player 3,1608,Liverpool Street,7,418,
12,Player 2,1575,Marylebone Station,6,355,
12,Player 1,2039,Oxford Street,7,339,
13,Player 3,1508,Park Lane,7,318,
13,Player 3,1870,Income Tax,8,330,
13,Player 2,1475,Chance,6,255,
13,Player 1,2039,Chance,7,339,
13,Player 1,2039,Mayfair,7,339,
13,Player 1,2239,Euston Road,7,539,
14,Player 3,1689,Northumberland Avenue,8,149,
14,Player 2,1575,Oxford Street,6,355,
14,Player 1,2149,Electric Company ,7,299,
14,Player 1,2149,The Strand,8,149,
15,Player 3,1689,Chance,8,149,
15,Player 2,1881,GO,7,441,
15,Player 1,2149,Leicester Square,8,149,
16,Player 3,1739,Piccadilly,8,199,
16,Player 2,1760,Jail,7,320,
16,Player 1,2269,Liverpool Street,8,269,
17,Player 3,1619,Community Chest,8,79,
17,Player 3,1619,Jail,8,79,
17,Player 2,1760,Community Chest,7,320,
17,Player 1,2469,Kings Cross Station,8,469,
18,Player 3,1619,Jail,8,79,
18,Player 2,1710,Coventry Street,7,270,
18,Player 1,2579,Whitehall ,8,279,
18,Player 1,2621,Free Parking,9,181,
19,Player 3,1569,Free Parking,8,29,
19,Player 2,1600,Super Tax,7,160,
19,Player 1,2621,Regent Street,9,181,
20,Player 3,1569,Leicester Square,8,29,
20,Player 2,1700,Chance,7,260,
20,Player 2,1700,Marylebone Station,7,260,
20,Player 1,3301,Old Kent Road,10,411,
20,Player 1,3299,Jail,10,409,
21,Player 3,1601,Oxford Street,8,61,
21,Player 2,1600,Fleet Street,7,160,
21,Player 1,3325,Marlborough Street,10,285,
21,Player 1,3311,Fleet Street,10,271,
22,Player 3,1611,Mayfair,8,71,
22,Player 2,1596,Water Works,7,156,
22,Player 1,3293,Go To Jail,10,253,
22,Player 1,3293,Jail,10,253,
23,Player 3,1831,Pentonville Road,8,291,
23,Player 3,1831,Marlborough Street,9,171,
23,Player 2,1590,Chance,7,150,
23,Player 1,3293,Jail,10,253,
24,Player 3,1817,Leicester Square,9,157,
24,Player 3,1702,Regent Street,9,42,
24,Player 2,1770,Community Chest,7,330,
24,Player 2,1770,Old Kent Road,7,330,
24,Player 1,3573,Community Chest,10,233,
25,Player 3,1704,Chance,9,44,
25,Player 2,1768,Kings Cross Station,7,328,
25,Player 2,1668,Electric Company ,7,228,
25,Player 1,3901,Fleet Street,10,261,
26,Player 3,1922,Whitechapel Road,9,262,
26,Player 2,1640,Marlborough Street,7,200,
26,Player 1,3883,Fenchurch St Station,10,243,
26,Player 1,3858,Piccadilly,10,218,
27,Player 3,1867,Pall Mall,10,147,
27,Player 2,1675,Piccadilly,7,235,
27,Player 1,3343,Chance,10,153,
27,Player 1,3343,GO,10,153,
28,Player 3,1857,Bow Street,10,137,
28,Player 2,1545,Chance,7,105,
28,Player 2,1545,Kings Cross Station,7,105,
28,Player 1,3443,Pentonville Road,10,253,
29,Player 3,1865,Fleet Street,10,145,
29,Player 2,1445,Pall Mall,7,5,
29,Player 2,1445,Marylebone Station,7,5,
29,Player 2,1465,Jail,7,25,
29,Player 1,2935,Bow Street,10,195,
30,Player 3,1865,Regent Street,10,145,
30,Player 2,1465,Jail,7,25,
30,Player 1,2961,Vine Street,10,221,
31,Player 3,1839,Super Tax,10,119,
31,Player 2,1465,Jail,7,25,
31,Player 2,1465,Chance,7,25,
31,Player 2,1465,Vine Street,7,25,
31,Player 1,2961,Go To Jail,10,221,
31,Player 1,2961,Jail,10,221,
32,Player 3,1939,Community Chest,10,219,
32,Player 2,1465,Fenchurch St Station,7,25,
32,Player 2,1465,Community Chest,7,25,
32,Player 2,1465,GO,7,25,
32,Player 1,2961,Jail,10,221,
33,Player 3,1964,Pall Mall,10,244,
33,Player 2,1465,Chance,7,25,
33,Player 1,2911,Free Parking,10,171,
33,Player 1,2911,Leicester Square,10,171,
33,Player 1,2911,Jail,10,171,
34,Player 3,1964,Bow Street,10,244,
34,Player 2,1450,Marylebone Station,7,10,
34,Player 1,3011,Jail,10,271,
35,Player 3,1964,Trafalgar Square,10,244,
35,Player 3,2084,Chance,11,124,
35,Player 3,2084,Pall Mall,11,124,
35,Player 3,2084,Free Parking,11,124,
35,Player 2,1470,Vine Street,7,30,
35,Player 1,2961,Community Chest,10,221,
36,Player 3,2074,Fleet Street,11,114,
36,Player 2,1460,Fenchurch St Station,7,20,
36,Player 1,2981,Leicester Square,10,241,
37,Player 3,2074,Coventry Street,11,114,
37,Player 3,0,Coventry Street,0,0,
38,Player 2,1460,Community Chest,7,20,
38,Player 2,1670,GO,7,230,
38,Player 1,4973,Go To Jail,21,273,
38,Player 1,4973,Jail,21,273,
39,Player 2,1615,The Angel Islington,7,175,
39,Player 1,4973,Jail,21,273,
40,Player 2,1615,Marylebone Station,7,175,
40,Player 1,5023,Marlborough Street,21,323,
40,Player 1,5023,Piccadilly,21,323,
41,Player 2,1515,Vine Street,7,75,
41,Player 1,5023,Park Lane,21,323,
42,Player 2,1515,Fleet Street,7,75,
42,Player 2,1497,Piccadilly,7,57,
42,Player 2,0,Piccadilly,0,0,
