Marylebone Station,Station,46425
Fleet Street,Red,109090
Trafalgar Square,Red,115910
Leicester Square,Yellow,82973
Vine Street,Orange,94308
Fenchurch St Station,Station,39750
Bow Street,Orange,84418
Regent Street,Green,55762
Old Kent Road,Brown,52434
Piccadilly,Yellow,84424
The Angel Islington,LightBlue,43740
Electric Company ,Utility,24694
Park Lane,DarkBlue,64555
Kings Cross Station,Station,35000
Oxford Street,Green,57541
Pentonville Road,LightBlue,54958
Liverpool Street,Station,33775
Northumberland Avenue,Violet,88496
Pall Mall,Violet,81580
The Strand,Red,109677
Bond Street,Green,60832
Whitehall ,Violet,82120
Marlborough Street,Orange,76652
Mayfair,DarkBlue,122150
Whitechapel Road,Brown,72302
Coventry Street,Yellow,76975
Water Works,Utility,27006
Euston Road,LightBlue,52630
Marylebone Station,Station,56300
Fleet Street,Red,116819
Trafalgar Square,Red,116695
Leicester Square,Yellow,102189
Vine Street,Orange,91600
Fenchurch St Station,Station,43300
Bow Street,Orange,99512
Regent Street,Green,53159
Old Kent Road,Brown,51078
Piccadilly,Yellow,76693
The Angel Islington,LightBlue,58802
Electric Company ,Utility,25634
Park Lane,DarkBlue,67775
Kings Cross Station,Station,35875
Oxford Street,Green,50346
Pentonville Road,LightBlue,66374
Liverpool Street,Station,36675
Northumberland Avenue,Violet,98832
Pall Mall,Violet,90155
The Strand,Red,107513
Bond Street,Green,58692
Whitehall ,Violet,66420
Marlborough Street,Orange,83758
Mayfair,DarkBlue,98450
Whitechapel Road,Brown,80080
Coventry Street,Yellow,85746
Water Works,Utility,27452
Euston Road,LightBlue,44954
Marylebone Station,Station,49025
Fleet Street,Red,97543
Trafalgar Square,Red,123295
Leicester Square,Yellow,41028
Vine Street,Orange,103836
Fenchurch St Station,Station,40200
Bow Street,Orange,93516
Regent Street,Green,40365
Old Kent Road,Brown,49094
Piccadilly,Yellow,42104
The Angel Islington,LightBlue,43476
Electric Company ,Utility,21366
Park Lane,DarkBlue,50500
Kings Cross Station,Station,36050
Oxford Street,Green,35102
Pentonville Road,LightBlue,58340
Liverpool Street,Station,41500
Northumberland Avenue,Violet,84488
Pall Mall,Violet,84705
The Strand,Red,96305
Bond Street,Green,43178
Whitehall ,Violet,57620
Marlborough Street,Orange,92850
Mayfair,DarkBlue,95400
Whitechapel Road,Brown,79398
Coventry Street,Yellow,55723
Water Works,Utility,26794
Euston Road,LightBlue,46216
Marylebone Station,Station,108600
Fleet Street,Red,190689
Trafalgar Square,Red,210770
Leicester Square,Yellow,135578
Vine Street,Orange,265120
Fenchurch St Station,Station,86775
Bow Street,Orange,239434
Regent Street,Green,127169
Old Kent Road,Brown,106302
Piccadilly,Yellow,137796
The Angel Islington,LightBlue,82330
Electric Company ,Utility,46698
Park Lane,DarkBlue,106205
Kings Cross Station,Station,76400
Oxford Street,Green,101242
Pentonville Road,LightBlue,100800
Liverpool Street,Station,85950
Northumberland Avenue,Violet,166692
Pall Mall,Violet,162540
The Strand,Red,176231
Bond Street,Green,145078
Whitehall ,Violet,111065
Marlborough Street,Orange,217332
Mayfair,DarkBlue,181500
Whitechapel Road,Brown,185198
Coventry Street,Yellow,155137
Water Works,Utility,52474
Euston Road,LightBlue,82882
Marylebone Station,Station,45400
Fleet Street,Red,108762
Trafalgar Square,Red,109885
Leicester Square,Yellow,105165
Vine Street,Orange,125840
Fenchurch St Station,Station,38550
Bow Street,Orange,102950
Regent Street,Green,29648
Old Kent Road,Brown,53508
Piccadilly,Yellow,88092
The Angel Islington,LightBlue,40636
Electric Company ,Utility,23924
Park Lane,DarkBlue,68250
Kings Cross Station,Station,29175
Oxford Street,Green,39068
Pentonville Road,LightBlue,44788
Liverpool Street,Station,37900
Northumberland Avenue,Violet,76040
Pall Mall,Violet,61975
The Strand,Red,115848
Bond Street,Green,43012
Whitehall ,Violet,47430
Marlborough Street,Orange,95138
Mayfair,DarkBlue,107300
Whitechapel Road,Brown,75676
Coventry Street,Yellow,94780
Water Works,Utility,24092
Euston Road,LightBlue,44166
Marylebone Station,Station,95000
Fleet Street,Red,180753
Trafalgar Square,Red,208795
Leicester Square,Yellow,203144
Vine Street,Orange,256100
Fenchurch St Station,Station,81400
Bow Street,Orange,208892
Regent Street,Green,104218
Old Kent Road,Brown,111812
Piccadilly,Yellow,191516
The Angel Islington,LightBlue,125688
Electric Company ,Utility,49022
Park Lane,DarkBlue,137005
Kings Cross Station,Station,61100
Oxford Street,Green,105375
Pentonville Road,LightBlue,129532
Liverpool Street,Station,74100
Northumberland Avenue,Violet,174552
Pall Mall,Violet,149280
The Strand,Red,207769
Bond Street,Green,140094
Whitehall ,Violet,116405
Marlborough Street,Orange,206606
Mayfair,DarkBlue,208950
Whitechapel Road,Brown,148588
Coventry Street,Yellow,175794
Water Works,Utility,51634
Euston Road,LightBlue,116624
Marylebone Station,Station,54975
Fleet Street,Red,60674
Trafalgar Square,Red,66135
Leicester Square,Yellow,77545
Vine Street,Orange,140656
Fenchurch St Station,Station,50375
Bow Street,Orange,119492
Regent Street,Green,28601
Old Kent Road,Brown,52818
Piccadilly,Yellow,60836
The Angel Islington,LightBlue,41396
Electric Company ,Utility,23096
Park Lane,DarkBlue,65340
Kings Cross Station,Station,40750
Oxford Street,Green,33999
Pentonville Road,LightBlue,65700
Liverpool Street,Station,39100
Northumberland Avenue,Violet,74716
Pall Mall,Violet,66080
The Strand,Red,60491
Bond Street,Green,38648
Whitehall ,Violet,63190
Marlborough Street,Orange,132640
Mayfair,DarkBlue,130150
Whitechapel Road,Brown,90802
Coventry Street,Yellow,79645
Water Works,Utility,25292
Euston Road,LightBlue,63124
Marylebone Station,Station,119700
Fleet Street,Red,179061
Trafalgar Square,Red,190805
Leicester Square,Yellow,208289
Vine Street,Orange,226240
Fenchurch St Station,Station,107150
Bow Street,Orange,220984
Regent Street,Green,83251
Old Kent Road,Brown,124644
Piccadilly,Yellow,189602
The Angel Islington,LightBlue,114112
Electric Company ,Utility,51098
Park Lane,DarkBlue,146995
Kings Cross Station,Station,84075
Oxford Street,Green,90611
Pentonville Road,LightBlue,157452
Liverpool Street,Station,84525
Northumberland Avenue,Violet,151980
Pall Mall,Violet,133395
The Strand,Red,190570
Bond Street,Green,90498
Whitehall ,Violet,118345
Marlborough Street,Orange,249318
Mayfair,DarkBlue,228550
Whitechapel Road,Brown,196066
Coventry Street,Yellow,195283
Water Works,Utility,54358
Euston Road,LightBlue,132340
Marylebone Station,Station,50675
Fleet Street,Red,55027
Trafalgar Square,Red,66020
Leicester Square,Yellow,77114
Vine Street,Orange,151032
Fenchurch St Station,Station,44825
Bow Street,Orange,107118
Regent Street,Green,58488
Old Kent Road,Brown,59992
Piccadilly,Yellow,101993
The Angel Islington,LightBlue,47568
Electric Company ,Utility,21748
Park Lane,DarkBlue,73965
Kings Cross Station,Station,33775
Oxford Street,Green,60987
Pentonville Road,LightBlue,48146
Liverpool Street,Station,35275
Northumberland Avenue,Violet,88068
Pall Mall,Violet,84695
The Strand,Red,63386
Bond Street,Green,69670
Whitehall ,Violet,70740
Marlborough Street,Orange,132228
Mayfair,DarkBlue,108950
Whitechapel Road,Brown,81116
Coventry Street,Yellow,90024
Water Works,Utility,24360
Euston Road,LightBlue,42582
Marylebone Station,Station,109850
Fleet Street,Red,113196
Trafalgar Square,Red,119755
Leicester Square,Yellow,123754
Vine Street,Orange,240404
Fenchurch St Station,Station,94025
Bow Street,Orange,166468
Regent Street,Green,100513
Old Kent Road,Brown,161252
Piccadilly,Yellow,158839
The Angel Islington,LightBlue,133032
Electric Company ,Utility,56376
Park Lane,DarkBlue,145425
Kings Cross Station,Station,75775
Oxford Street,Green,115911
Pentonville Road,LightBlue,131672
Liverpool Street,Station,79450
Northumberland Avenue,Violet,195872
Pall Mall,Violet,192570
The Strand,Red,111490
Bond Street,Green,122320
Whitehall ,Violet,149330
Marlborough Street,Orange,199730
Mayfair,DarkBlue,245200
Whitechapel Road,Brown,230496
Coventry Street,Yellow,146932
Water Works,Utility,58664
Euston Road,LightBlue,122596
